id,category,script,route,width_px,font,concat,placeholders,translate,en,ja
224,action,s_action_birth,event,516,font_m,yes,{main_he} {other_him} {third_he},yes,"{main_he} gives birth to {other_him}, a hybrid. The father is {third_he}.",
225,action,s_action_birth,event,516,font_m,yes,{main_he} {other_him} {third_he},yes,{main_he} gives birth to {other_him}. The father is {third_he}.,
230,action,s_action_birth,event,516,font_m,yes,{main_he} {other_him} {third_he},yes,"{main_he} welcomes the birth of {other_him}, a hybrid. The mother is {third_he}.",
231,action,s_action_birth,event,516,font_m,yes,{main_he} {other_him} {third_he},yes,{main_he} welcomes the birth of {other_him}. The mother is {third_he}.,
236,action,s_action_birth,event,516,font_m,yes,{main_he} {other_his},yes,{main_he} honors {other_his} birth.,
237,action,s_action_birth,event,516,font_m,yes,{main_he} {other_his},yes,{main_he} celebrates {other_his} birth.,
238,action,s_action_birth,event,516,font_m,yes,{main_he} {other_his},yes,{main_he} joins the event of {other_his} birth.,
239,action,s_action_birth,event,516,font_m,yes,{main_he} {other_his},yes,{main_he} participates in the moment of {other_his} birth.,
240,action,s_action_birth,event,516,font_m,yes,{main_he} {other_his},yes,{main_he} takes part in the occasion of {other_his} birth.,
254,action,s_action_birth,event,516,font_m,yes,{main_he},yes,"{main_he}, a hybrid, is born into the '",
256,action,s_action_birth,event,516,font_m,yes,,no,' household.,
257,action,s_action_birth,event,516,font_m,yes,{main_he},yes,{main_he} is born into the ',
259,action,s_action_birth,event,516,font_m,yes,,yes, [Deep Ones' Wrath -2],
271,action,s_action_birth,event,516,font_m,yes,{main_he} {other_he} {other_him} {third_he},yes,{main_he} become the father (only by blood) of {other_him}. The mother is {third_he}. {other_he} is born into the ',
278,action,s_action_birth,event,516,font_m,,{main_he} {other_he},yes,{main_he} give birth to a hybrid son. The father is {other_he}. [Deep Ones' Wrath -5]##Name your child.,
279,action,s_action_birth,event,516,font_m,,{main_he} {other_he},yes,{main_he} give birth to a son. The father is {other_he}.##Name your child.,
280,action,s_action_birth,event,516,font_m,,{main_he} {other_he},yes,{main_he} give birth to a hybrid daughter. The father is {other_he}. [Deep Ones' Wrath -5]##Name your child.,
281,action,s_action_birth,event,516,font_m,,{main_he} {other_he},yes,{main_he} give birth to a daughter. The father is {other_he}.##Name your child.,
282,action,s_action_birth,event,516,font_m,,{main_he} {other_he},yes,{main_he} become the father of a hybrid son. The mother is {other_he}. [Deep Ones' Wrath -5]##Name your child.,
283,action,s_action_birth,event,516,font_m,,{main_he} {other_he},yes,{main_he} become the father of a son. The mother is {other_he}.##Name your child.,
284,action,s_action_birth,event,516,font_m,,{main_he} {other_he},yes,{main_he} become the father of a hybrid daughter. The mother is {other_he}. [Deep Ones' Wrath -5]##Name your child.,
285,action,s_action_birth,event,516,font_m,,{main_he} {other_he},yes,{main_he} become the father of a daughter. The mother is {other_he}.##Name your child.,
286,action,s_action_birth,event,516,font_m,,{main_he} {other_he},yes,{main_he} become the mother (not by blood) of a hybrid son. The father is {other_he}. [Deep Ones' Wrath -5]##Name the child.,
287,action,s_action_birth,event,516,font_m,,{main_he} {other_he},yes,{main_he} become the mother (not by blood) of a son. The father is {other_he}.##Name the child.,
288,action,s_action_birth,event,516,font_m,,{main_he} {other_he},yes,{main_he} become the mother (not by blood) of a hybrid daughter. The father is {other_he}. [Deep Ones' Wrath -5]##Name the child.,
289,action,s_action_birth,event,516,font_m,,{main_he} {other_he},yes,{main_he} become the mother (not by blood) of a daughter. The father is {other_he}.##Name the child.,
290,action,s_action_birth,event,516,font_m,,{main_he} {other_he},yes,{main_he} become the father (not by blood) of a hybrid son. The mother is {other_he}. [Deep Ones' Wrath -5]##Name the child.,
291,action,s_action_birth,event,516,font_m,,{main_he} {other_he},yes,{main_he} become the father (not by blood) of a son. The mother is {other_he}.##Name the child.,
292,action,s_action_birth,event,516,font_m,,{main_he} {other_he},yes,{main_he} become the father (not by blood) of a hybrid daughter. The mother is {other_he}. [Deep Ones' Wrath -5]##Name the child.,
293,action,s_action_birth,event,516,font_m,,{main_he} {other_he},yes,{main_he} become the father (not by blood) of a daughter. The mother is {other_he}.##Name the child.,
316,action,s_action_funeral,event,516,font_m,yes,{main_he} {other_his},yes,{main_he} attends {other_his} wake.,
317,action,s_action_funeral,event,516,font_m,yes,{main_he} {other_his},no,{main_he} is present at {other_his} funeral.,
318,action,s_action_funeral,event,516,font_m,yes,{main_he} {other_his},yes,{main_he} joins the event of {other_his} commemoration.,
319,action,s_action_funeral,event,516,font_m,yes,{main_he} {other_his},yes,{main_he} participates in {other_his} funeral.,
320,action,s_action_funeral,event,516,font_m,yes,{main_he} {other_his},yes,{main_he} takes part in {other_his} memorial service.,
386,action,s_action_player,event,516,font_m,,,yes, attempts to be nice to ,
387,action,s_action_player,event,516,font_m,,,yes, attempts to compliment ,
389,action,s_action_player,event,516,font_m,,,yes, attempts to befriend ,
390,action,s_action_player,event,516,font_m,,,yes, attempts to flirt with ,
391,action,s_action_player,event,516,font_m,,,yes, attempts to get intimate with ,
392,action,s_action_player,event,516,font_m,,,yes, attempts to propose to ,
394,action,s_action_player,event,516,font_m,yes,,yes, attempts to threaten ,
397,action,s_action_player,event,516,font_m,yes,,yes, attempts to preach to ,
398,action,s_action_player,event,516,font_m,yes,,yes, attempts to praise you to ,
689,action,s_action_sacrifice_faith,event,516,font_m,yes,{main_he} {other_his},yes,{main_he} loses faith after {other_his} sacrifice.#[Faith -1],
11179,action,s_player_exe_action_direct,event,516,font_m,yes,,yes,#(The Intention [Lust] doesn't affect underage people),
16055,action,s_text_action_1_redraw,label,,font_s,yes,,yes,You can't do this,
16056,action,s_text_action_1_redraw,label,,font_s,yes,,yes,You already did this,
16057,action,s_text_action_1_redraw,label,,font_s,yes,,yes,Click to open menu,
16058,action,s_text_action_1_redraw,label,,font_s,yes,,yes,No more than one-third of the adult villagers can join the cult,
16059,action,s_text_action_1_redraw,label,,font_s,yes,,no,Pet ,
16060,action,s_text_action_1_redraw,label,,font_s,yes,,yes,Be nice to ,
16061,action,s_text_action_1_redraw,label,,font_s,yes,,yes,Compliment ,
16062,action,s_text_action_1_redraw,label,,font_s,yes,,yes,Hug ,
16063,action,s_text_action_1_redraw,label,,font_s,yes,,yes,Befriend ,
16064,action,s_text_action_1_redraw,label,,font_s,yes,,yes,Flirt with ,
16065,action,s_text_action_1_redraw,label,,font_s,yes,,yes,Get intimate with ,
16066,action,s_text_action_1_redraw,label,,font_s,yes,,yes,Propose to ,
16067,action,s_text_action_1_redraw,label,,font_s,yes,,yes,Insult ,
16068,action,s_text_action_1_redraw,label,,font_s,yes,,yes,Threaten ,
16069,action,s_text_action_1_redraw,label,,font_s,yes,,yes,Beat up ,
16070,action,s_text_action_1_redraw,label,,font_s,yes,,yes,Kill ,
16071,action,s_text_action_1_redraw,label,,font_s,yes,,yes,Preach to ,
16072,action,s_text_action_1_redraw,label,,font_s,yes,,yes,Recruit ,
16073,action,s_text_action_1_redraw,label,,font_s,yes,,yes, for the cult,
16074,action,s_text_action_1_redraw,label,,font_s,yes,,yes,Sacrifice ,
16075,action,s_text_action_1_redraw,label,,font_s,yes,,yes, to the Deep Ones,
16076,action,s_text_action_1_redraw,event,516,font_m,,,no, to [ pet ] ,
16077,action,s_text_action_1_redraw,event,516,font_m,,,yes, to [ be nice ] to ,
16078,action,s_text_action_1_redraw,event,516,font_m,,,yes, to [ compliment ] ,
16079,action,s_text_action_1_redraw,event,516,font_m,,,yes, to [ hug ] ,
16080,action,s_text_action_1_redraw,event,516,font_m,,,yes, to [ befriend ] ,
16081,action,s_text_action_1_redraw,event,516,font_m,,,yes, to [ flirt ] with ,
16082,action,s_text_action_1_redraw,event,516,font_m,,,yes, to [ get intimate ] with ,
16083,action,s_text_action_1_redraw,event,516,font_m,,,yes, to [ propose ] to ,
16084,action,s_text_action_1_redraw,event,516,font_m,,,yes, to [ insult ] ,
16085,action,s_text_action_1_redraw,event,516,font_m,,,yes, to [ threaten ] ,
16086,action,s_text_action_1_redraw,event,516,font_m,,,yes, to [ beat ] ,
16087,action,s_text_action_1_redraw,event,516,font_m,,,yes, to [ kill ] ,
16088,action,s_text_action_1_redraw,event,516,font_m,,,yes, to [ preach ] to ,
16089,action,s_text_action_1_redraw,event,516,font_m,,,yes, to [ praise you ] to ,
16090,action,s_text_action_1_redraw,event,516,font_m,,,yes, to [ ? ] ,
14485,flavor,s_fill_end_day_text_list,event,516,font_m,,,yes,The end of another day marks the beginning of a restless journey through dreams.,
14486,flavor,s_fill_end_day_text_list,event,516,font_m,,,yes,The encroaching night drags you into the restless realm of dreams.,
14487,flavor,s_fill_end_day_text_list,event,516,font_m,,,yes,"As the midnight hour arrives, the world drifts toward the uneasy stillness of sleep.",
14488,flavor,s_fill_end_day_text_list,event,516,font_m,,,yes,"The stillness of the night seems to beckon, with restless dreams lying in wait.",
14489,flavor,s_fill_end_day_text_list,event,516,font_m,,,yes,"As exhaustion takes hold, the boundary between day and dreams begins to blur.",
14490,flavor,s_fill_end_day_text_list,event,516,font_m,,,yes,"The world sinks into a stillness, signaling the approach of dreams.",
14491,flavor,s_fill_end_day_text_list,event,516,font_m,,,yes,You slip into the unsettling depths of sleep.,
14492,flavor,s_fill_end_day_text_list,event,516,font_m,,,yes,"The hush of the evening descends, ushering in the stillness of sleep.",
14493,flavor,s_fill_end_day_text_list,event,516,font_m,,,yes,You succumb to the grasp of sleep.,
14494,flavor,s_fill_end_day_text_list,event,516,font_m,,,yes,You descend into the depths of sleep.,
14495,flavor,s_fill_end_day_text_list,event,516,font_m,,,yes,You are drawn into the relentless hold of sleep.,
14496,flavor,s_fill_end_day_text_list,event,516,font_m,,,yes,You dive into the depths of sleep.,
14497,flavor,s_fill_end_day_text_list,event,516,font_m,,,yes,The world folds into the oppressive solitude of the night.,
14498,flavor,s_fill_end_day_text_list,event,516,font_m,,,yes,The day's last moments merge into the suffocating darkness.,
14499,flavor,s_fill_end_day_text_list,event,516,font_m,,,yes,The approach of sleep seems like an unsettling surrender to night’s vast void.,
14500,flavor,s_fill_end_day_text_list,event,516,font_m,,,yes,You drift into the inescapable embrace of sleep.,
14501,flavor,s_fill_end_day_text_list,event,516,font_m,,,yes,"As the day ends and night encroaches, you plunge into the unknown depths of the dream world.",
14502,flavor,s_fill_end_day_text_list,event,516,font_m,,,yes,"As darkness envelops, tense anticipation builds for the unsettling dreams that may follow.",
14503,flavor,s_fill_end_day_text_list,event,516,font_m,,,yes,"The evening's quiet grows heavy, marking the shift from day's end to the grim inevitability of sleep.",
14504,flavor,s_fill_end_day_text_list,event,516,font_m,,,yes,"The encroaching darkness feels almost malevolent, yet you must dive into the realm of dreams.",
14505,flavor,s_fill_end_day_text_list,event,516,font_m,,,yes,"As the day’s end approaches, you surrender to the sleep of the night.",
14506,flavor,s_fill_end_day_text_list,event,516,font_m,,,yes,"As night envelopes the world, the weight of the day pulls your mind into a sea of restless dreams.",
14507,flavor,s_fill_end_day_text_list,event,516,font_m,,,yes,You make your way into the inevitable descent into darkness and sleep.,
14508,flavor,s_fill_end_day_text_list,event,516,font_m,,,yes,"As midnight strikes, the village falls silent and darkness envelops everything.",
14509,flavor,s_fill_end_day_text_list,event,516,font_m,,,yes,"The village lights flicker out one by one, plunging the entire community into an ominous, profound darkness.",
14510,flavor,s_fill_end_day_text_list,event,516,font_m,,,yes,"Midnight arrives with a chilling stillness, as darkness seems to close in on every home.",
14511,flavor,s_fill_end_day_text_list,event,516,font_m,,,yes,"The village’s final sounds dissolve into the midnight air, leaving a suffocating silence.",
14512,flavor,s_fill_end_day_text_list,event,516,font_m,,,yes,"Midnight casts a deep shadow over the village, with sleep becoming a collective surrender to the night’s terrors.",
14513,flavor,s_fill_end_day_text_list,event,516,font_m,,,yes,"The village’s nightly hush feels stifling, as if the entire community is being drawn into a collective nightmare.",
14514,flavor,s_fill_end_day_text_list,event,516,font_m,,,yes,"The village’s descent into sleep is marked by a heavy, unsettling quiet.",
14515,flavor,s_fill_end_day_text_list,event,516,font_m,,,yes,Unease settles over the community as the village drifts into sleep.,
14516,flavor,s_fill_end_day_text_list,event,516,font_m,,,yes,"As the clock strikes midnight, sleep becomes a collective descent into a foreboding night.",
14517,flavor,s_fill_end_day_text_list,event,516,font_m,,,yes,"As midnight strikes, a force seems to draw you toward your bed, beckoning you into the depths of sleep and dreams.",
14518,flavor,s_fill_end_day_text_list,event,516,font_m,,,yes,"The clock’s chime at midnight feels like a signal, drawing you into slumber, with the pull of sleep almost tangible.",
14519,flavor,s_fill_end_day_text_list,event,516,font_m,,,yes,Something pulls you through the encroaching darkness and into the shifting landscapes of your dreams.,
14520,flavor,s_fill_end_day_text_list,event,516,font_m,,,yes,"A powerful force tugs at your very being, drawing you into the embrace of sleep and the realm of dreams.",
14521,flavor,s_fill_end_day_text_list,event,516,font_m,,,yes,"Darkness reaches out, guiding you toward the void of dreams.",
14522,flavor,s_fill_end_day_text_list,event,516,font_m,,,yes,"Deepening darkness wraps around you, drawing you into the realm of dreams.",
14523,flavor,s_fill_end_day_text_list,event,516,font_m,,,yes,"You find yourself sinking into the embrace of sleep, with the world of dreams quietly beckoning you.",
14524,flavor,s_fill_end_day_text_list,event,516,font_m,,,yes,You drift reluctantly into the grasp of sleep.,
14525,flavor,s_fill_end_day_text_list,event,516,font_m,,,yes,You brace yourself for the haunting visions that await in your dreams.,
14526,flavor,s_fill_end_day_text_list,event,516,font_m,,,yes,"Darkness envelops you, and the creeping dread of sleep becomes inescapable.",
14527,flavor,s_fill_end_day_text_list,event,516,font_m,,,yes,The deepening gloom ushers you into a troubled slumber.,
14528,flavor,s_fill_end_day_text_list,event,516,font_m,,,yes,"As darkness envelops you, the night brings dreams filled with unease.",
14529,flavor,s_fill_end_day_text_list,event,516,font_m,,,yes,"As the evening quiets, you drift into sleep.",
14530,flavor,s_fill_end_day_text_list,event,516,font_m,,,yes,"You feel yourself slipping into sleep, accompanied by a sense of foreboding about the nightmares that are to emerge.",
14531,flavor,s_fill_end_day_text_list,event,516,font_m,,,yes,"As consciousness begins to slip away, you feel yourself tumbling into a dark abyss.",
14532,flavor,s_fill_end_day_text_list,event,516,font_m,,,yes,"The edges of awareness blur, guiding you into a restless sleep.",
14533,flavor,s_fill_end_day_text_list,event,516,font_m,,,yes,"As the last vestiges of wakefulness fade, you descend into the disorienting depths of dreams.",
14534,flavor,s_fill_end_day_text_list,event,516,font_m,,,yes,"A wave of unease washes over you, drawing you into a restless slumber.",
14535,flavor,s_fill_end_day_text_list,event,516,font_m,,,yes,Dark and unsettling dreams lie in wait to engulf you as you drift away from reality.,
14536,flavor,s_fill_end_day_text_list,event,516,font_m,,,yes,"You lose touch with the waking world, slipping into a chaotic dreamscape.",
14537,flavor,s_fill_end_day_text_list,event,516,font_m,,,yes,"The final moments of awareness fade away, leading you into a restless slumber.",
14538,flavor,s_fill_end_day_text_list,event,516,font_m,,,yes,A sense of foreboding shadows your descent into sleep.,
14539,flavor,s_fill_end_day_text_list,event,516,font_m,,,yes,"As the last fragments of consciousness slip away, unsettling visions begin to take shape.",
14540,flavor,s_fill_end_day_text_list,event,516,font_m,,,yes,"As exhaustion overtakes you, the transition into sleep becomes inevitable.",
14541,flavor,s_fill_end_day_text_list,event,516,font_m,,,yes,Fatigue envelops you like a shroud as you finally succumb to sleep.,
14542,flavor,s_fill_end_day_text_list,event,516,font_m,,,yes,"You drift into sleep, exhaustion guiding you into the realm of dreams.",
14543,flavor,s_fill_end_day_text_list,event,516,font_m,,,yes,"Tiredness ensnares you, dragging you into the depths of sleep.",
14544,flavor,s_fill_end_day_text_list,event,516,font_m,,,yes,Fatigue leads you into a night of unsettling dreams.,
14545,flavor,s_fill_end_day_text_list,event,516,font_m,,,yes,The weight of exhaustion drags you toward the chasm of sleep.,
14546,flavor,s_fill_end_day_text_list,event,516,font_m,,,yes,"The bed beckons with a promise of relief, but you're swiftly drawn into a restless dream.",
14547,flavor,s_fill_end_day_text_list,event,516,font_m,,,yes,"As midnight approaches and you settle into bed, exhaustion swiftly gives way to a dream steeped in unease.",
14548,flavor,s_fill_end_day_text_list,event,516,font_m,,,yes,"At the stroke of midnight, you succumb to the void of sleep.",
14549,flavor,s_fill_end_day_text_list,event,516,font_m,,,yes,"As midnight’s silence envelops you, your descent into bed feels both comforting and ominous.",
14550,flavor,s_fill_end_day_text_list,event,516,font_m,,,yes,"As the midnight hour casts its heavy shadow, you prepare for bed.",
14551,flavor,s_fill_end_day_text_list,event,516,font_m,,,yes,"As the clock strikes midnight, you settle into bed. The night’s darkness begins to seep into your dreams.",
14552,flavor,s_fill_end_day_text_list,event,516,font_m,,,yes,Midnight’s silence heightens your sense of unease as you lie down to sleep.,
14553,flavor,s_fill_end_day_text_list,event,516,font_m,,,yes,"As the night deepens and you go to bed, weariness leads to a restless, haunted sleep.",
14554,flavor,s_fill_end_day_text_list,event,516,font_m,,,yes,Midnight brings an eerie calm as you climb into bed.,
14555,flavor,s_fill_end_day_text_list,event,516,font_m,,,yes,"As midnight approaches and you crawl into bed, the darkened tranquility gives birth to unsettling dreams.",
14556,flavor,s_fill_end_day_text_list,event,516,font_m,,,yes,"As you settle into the cool embrace of your bed at midnight, the silence outside seems to pulse with anticipation.",
14557,flavor,s_fill_end_day_text_list,event,516,font_m,,,yes,Midnight’s deepening silence envelopes you as you crawl into bed.,
14558,flavor,s_fill_end_day_text_list,event,516,font_m,,,yes,"With the arrival of midnight, your household becomes a sanctuary of eerie calm, and as you lay down, whispers of hidden truths seem to drift through the silence.",
14559,flavor,s_fill_end_day_text_list,event,516,font_m,,,yes,"As the clock strikes twelve, a wave of fatigue sweeps over you, compelling you to surrender to sleep.",
14560,flavor,s_fill_great_one_text_list,event,516,font_m,,{great_one},yes,"The sky grows closer, descending upon the horizon like a great weight. A crushing force presses down on you, sending a tremor through your muscles, compelling you to clamp your mouth shut. Your teeth meet with a sickening click, and a shudder runs through you. The tightening of your jaw - it is the sealing of something, a locking in place. You try to loosen your grip, but your jaw resists. {great_one} has taken control.",
14561,flavor,s_fill_great_one_text_list,event,516,font_m,,,yes,"There is a rising pressure behind your teeth, and with it, an unmistakable taste: the metallic tang of blood. It begins as a trickle, then a sudden rush, pooling in your mouth, filling it. You try to expel it, to gasp for air, but your jaw is locked tight and the blood swells in your mouth with a sickening, suffocating force - as though it is not just spilling from your body but rising from the depths of your soul.",
14562,flavor,s_fill_great_one_text_list,event,516,font_m,,,yes,"A thick, viscous liquid gurgles against your tongue, coating the insides of your cheeks, seeping into the very back of your throat. You try to swallow, but it does no good - it is too much, an alien substance that was never meant to be a part of you. It is too thick, too alive, like a choking tide pressing against your gums. It has weight. It moves wrong. It clings to your tongue, as though it has a will of its own.",
14563,flavor,s_fill_great_one_text_list,event,516,font_m,,{great_one},yes,"You are the unwilling vessel, and the blood is the key - a dark river that flows not from your wounds, but from some deeper source. You are no longer merely a body. You are an instrument, a conduit for the unrelenting will of {great_one}.",
14564,flavor,s_fill_great_one_text_list,event,516,font_m,,,yes,"A harsh energy radiates from the sky, as though the heavens themselves are alive and breathing cold air, each exhalation distorting the atmosphere - an insidious creeping that begins as a mere chill, almost imperceptible.",
14565,flavor,s_fill_great_one_text_list,event,516,font_m,,{great_one},yes,"{great_one}, a massive, impossible form, appears beyond the sky. A vast being emanating a cold that feels unnatural, as though it has come from a place where time itself has frozen in eternal stasis. As the cold spreads, it feels as if the very substance of your body is losing its connection to the warmth of life.",
14566,flavor,s_fill_great_one_text_list,event,516,font_m,,,yes,"Your skin feels thin, like a fragile membrane stretched too tight over your bones. The warmth inside you is being siphoned away, and with it, your sense of self. Your lungs, frozen by the encroaching cold, begin to rebel, shuddering in protest as you draw in frigid air that tastes of something older than time, a flavor born from decay.",
14567,flavor,s_fill_great_one_text_list,event,516,font_m,,,yes,"Each beat of your heart is like the final tick of a dying clock, each thump slower than the last, as though time itself is freezing inside you. The warmth of your body pulls back, leaving only a hollow, frozen shell that is less human than it was moments ago. The chill penetrates even deeper, working its way into your mind, freezing your thoughts, slowing them, making them sluggish and foreign.",
14568,flavor,s_fill_great_one_text_list,event,516,font_m,,,yes,"Your memories begin to fracture, to splinter, as though your very identity is being carved away. It is as if you are slipping out of yourself, sliding into something other - something vast and unreachable, that does not know warmth or life. Your thoughts grow distant. You are becoming a part of the void, of the endless, frozen cosmos, where there is no warmth, no life - only a vast, uncaring nothingness.",
14569,flavor,s_fill_great_one_text_list,event,516,font_m,,{great_one},yes,"A strange stillness begins to settle over you - an unearthly calm that hangs heavy in the air. It is as if time itself has fractured, each second stretching into eternity, while the world around you grows distant, fading into a hazy red blur. A numb, oppressive sensation drifts over your skin - the touch of {great_one}. Around you, the world begins to distort, warping into shapes that are not quite solid. Something monstrous is pressing against the fabric of reality.",
14570,flavor,s_fill_great_one_text_list,event,516,font_m,,,yes,"Suddenly, there is a harsh, violent tear that rends the air with a brutal, tearing scream. Then, a sense of absence. A yawning chasm opens within you, pulling at the edges of your consciousness. It is the absence of self, a disintegration of identity. You are no longer bound by the familiar contours of your body, as if your soul has begun to unravel. The world begins to recede, as though you are falling backward through endless corridors of nothingness.",
14571,flavor,s_fill_great_one_text_list,event,516,font_m,,,yes,"Reality is peeling away, layer by layer, until there is no you, no world, no existence at all. There is no escape. You are dissolving. You are being erased.",
14572,flavor,s_fill_great_one_text_list,event,516,font_m,,,yes,"And then, just as you feel the final fragment of your consciousness slipping away into the abyss, there is a violent burst - a surge of reality, of air, of light, of sound. Your senses return, gasping. But it is not the same world.",
14573,flavor,s_fill_great_one_text_list,event,516,font_m,,,yes,"You feel the weight of the experience - like an unwelcome presence still lingering just beyond the veil of your mind, a presence that is aware of you. Something from beyond the threshold of death has touched you, and the world now feels darker, infinitely more vast. You are no longer certain whether you are still within your own body.",
14574,flavor,s_fill_great_one_text_list,event,516,font_m,,{great_one},yes,"The sky twists into a deep, blood-red expanse, the color of a dying sun, as a massive figure begins to take shape in its depths. The size of {great_one} is beyond reckoning. You cannot see its limits; the sky itself has become its body, its tendrils reaching through the very cosmos, stretching its presence toward you. You feel them slithering around you.",
14575,flavor,s_fill_great_one_text_list,event,516,font_m,,,yes,"There is no warning - just the swift, disturbing sensation of something invasive pushing into you. You feel the tendrils as they pierce your flesh with a slow, sinewy penetration - a feeling of unholy intrusion. A strange, suction-like pull as they embed themselves into your body, burrowing with unnatural precision.",
14576,flavor,s_fill_great_one_text_list,event,516,font_m,,,yes,"You feel as though your bones are being tapped into. The tendrils seem to pulse with a life of their own. You realize that they are consuming, slowly drawing away something precious. You can feel it now: the bones shifting under the pressure, the bone marrow being drawn from its sanctum like a warm, liquid essence. They pull with a rhythmic, unnatural force, not allowing you the mercy of fainting or escape.",
14577,flavor,s_fill_great_one_text_list,event,516,font_m,,,yes,"The air grows thicker still, and the pressure within your bones intensifies. You feel the last pull that drains away the final essence of you, leaving behind only a hollow, aching shell. The tendrils retract, slithering back into the unseen recesses from whence they came, leaving behind only a suffocating emptiness.",
14578,flavor,s_fill_great_one_text_list,event,516,font_m,,{great_one},yes,"The world around you seems to shudder. {great_one} touched you, violated your soul and claimed that which made you whole. You are no longer yourself, but a hollowed vessel, marked forever by the void's embrace.",
14579,flavor,s_fill_great_one_text_list,event,516,font_m,,{great_one},yes,"As the sky bleeds into a deep, unsettling crimson, {great_one} begins to manifest above. An emptiness spreads from deep within the core of your body, an unsettling lightness. The feeling grows - an insidious void that consumes you from the inside out. Something vital has begun to slowly drain away, and you are helpless to stop it.",
14580,flavor,s_fill_great_one_text_list,event,516,font_m,,,yes,"Then you feel something burst inside you, violently opening a space that should not exist within the human form. Your blood flows away in unrelenting currents, vanishing into the unseen, leaving a gnawing emptiness that spreads through your veins. The warmth of life seeps out of you, leaving a coldness that seems to claw at the edges of your bones. The world around you grows faint, distant, slipping from your grasp, slipping into the void. You remain still, surrendering to the pull of nothingness.",
14581,flavor,s_fill_great_one_text_list,event,516,font_m,,,yes,"The world shifts, flickering like a dying light, as though it too is beginning to fade. Your body, now an empty shell, seems to lose all connection to the world, all tether to life. Your essence, your blood, is being summoned to some cosmic well where the life force of all things is drawn to feed an unknowable hunger. You are dissolving, becoming nothing, as though you were never meant to exist at all.",
14582,flavor,s_fill_great_one_text_list,event,516,font_m,,{great_one},yes,"A sudden quiet settles over you, as if the world has stopped and is holding its breath. You can feel the air shift, and for the briefest of moments, the world becomes wrong. You are standing right on the edge of reality, below you an infinite expanse of darkness, above you the red sky. You hear the slow, rhythmic beat of some vast, unknowable force. {great_one} emerges.",
14583,flavor,s_fill_great_one_text_list,event,516,font_m,,,yes,"Something beyond your understanding is creeping into your head - a strange buzzing, a vibration deep within your skull. It is not a mere headache, but a presence, something alien, stirring beneath the surface, slithering, then writhing in distress. The buzzing grows louder, more insistent; it becomes a pulse that you cannot control, as if your body and mind are suddenly attuned to some strange, incomprehensible rhythm.",
14584,flavor,s_fill_great_one_text_list,event,516,font_m,,{great_one},yes,"The world fractures. Your vision goes black. There is a crushing, suffocating flood of sensation. You feel the terrible consciousness of {great_one}. Your body is no longer yours, but a puppet its grasp. Every muscle, every sinew is stretched, pulled, contorted in ways that should not be possible.",
14585,flavor,s_fill_great_one_text_list,event,516,font_m,,,yes,"Your soul is being drawn into a vortex, spiraling into an abyss where there is no return. Each second expands into eternity, then compresses into nothing, as you are lost in the eternal loop of this madness - unable to escape, unable to understand.",
14586,flavor,s_fill_great_one_text_list,event,516,font_m,,,yes,"And then the storm subsides. The void recedes. The terrible presence that has filled you is gone. You realize that this was only a glimpse, a fleeting touch of something far older, far more terrible than anything you could ever comprehend.",
14587,flavor,s_fill_great_one_text_list,event,516,font_m,,{great_one},yes,"The sky is an unnatural red, a molten horizon that seems to burn from within. From this crimson void, something unimaginable stirs - {great_one}. An unsettling warmth creeps beneath your skin. It grows, expanding from a distant spark into a sharp burning. It spreads quickly, like the tendrils of a monstrous vine wrapping around your limbs. Heat sears through the surface of your body like a thousand unseen needles, something that burns not just your flesh, but your very soul.",
14588,flavor,s_fill_great_one_text_list,event,516,font_m,,,yes,"The pain floods every nerve, turning them into raw, exposed conduits of agony. You cannot scream, for your mouth is dry, your tongue stiff with the heat, your body trembling with feverish intensity. Your skin feels as if it is melting. Your body is being devoured by an infernal hunger, an insatiable maw of fire that consumes everything it touches - something unyielding, that eats away at you slowly.",
14589,flavor,s_fill_great_one_text_list,event,516,font_m,,{great_one},yes,"{great_one} watches with cold, unfeeling eyes as you are consumed. It seeks to devour not just your flesh, but the very essence of who you are. It rips through you with cruel, inexorable force. The flames curl and twist; the agony becomes an otherworldly thing. The boundaries of your own body slip away, the burning consuming more than just your skin. It begins to devour your very being. You are being reduced to nothingness, piece by piece, until there is only the fire.",
14590,flavor,s_fill_great_one_text_list,event,516,font_m,,,yes,"You are nothing more than ash, cast into the void - the last remnants of your existence lost to an inferno that never truly ends.",
14591,flavor,s_fill_great_one_text_list,event,516,font_m,,{great_one},yes,"A deep hum vibrates through the atmosphere, low and resonant, like the sound of a distant gong reverberating through the ground. The sky begins to throb in time with the hum, a pulse that seems to come from everywhere at once. The sky shudders, convulsing into a violent red, as though a wound has opened in the heavens. {great_one} is spilling its awareness into the world below.",
14592,flavor,s_fill_great_one_text_list,event,516,font_m,,,yes,"Fingers press into your skull, unyielding. An insidious pressure spreads like a wave, starting at the base of your skull, creeping upward, reaching into the very folds of your brain. Pain begins to bloom. It is a vast, consuming thing that centers in your head and spreads outward in waves.",
14593,flavor,s_fill_great_one_text_list,event,516,font_m,,{great_one},yes,"Each throb pulses like the slow beating of a monstrous heart, reverberating through your skull in jagged rhythms. You hear a screaming tidal wave of unbearable noise. The hum of the world around you rises to a maddening crescendo. {great_one} is burrowing deep within you. It seeks to drag your soul from the prison of your body. A sensation of exposure, a rawness that goes beyond the physical.",
14594,flavor,s_fill_great_one_text_list,event,516,font_m,,,yes,"Each moment drags on like an eternity. Then the weight that has crushed your skull begins to loosen its grip, slowly. The pain gradually softens, the swelling of your head receding, leaving behind only the lingering aftertaste of agony. You wonder if the pain has truly passed, or if it is merely lying dormant, waiting for the right moment to return.",
14595,flavor,s_fill_great_one_text_list,event,516,font_m,,{great_one},yes,"Your vision distorts, blurring into a red haze of unreal shapes. The world itself begins to twist, sounds are distant echoes, and the space around you seems to collapse and stretch in unnatural ways. Your eyes burn, as though your sight is being torn from you. Suddenly, an overwhelming alien presence inhabits your body. A crushing weight seems to descend upon your head, an oppressive force of unseen presence - {great_one}.",
14596,flavor,s_fill_great_one_text_list,event,516,font_m,,,yes,"The headache comes as a sudden explosion - a thunderclap within your skull - and in that moment, it feels as though your mind is fracturing. At once, your body becomes a strange thing. Your limbs, once familiar and controlled, now seem alien to you - foreign appendages, no longer answering to your will.",
14597,flavor,s_fill_great_one_text_list,event,516,font_m,,,yes,"You feel as if your arms are being slowly drained of life, growing heavy. Your skin feels as though it is rotting from within, stretching and slackening unnaturally. Your face warps, drawn into grotesque asymmetry - the left side slipping away into a cold, unreachable space, while the right side sears with an infernal heat.",
14598,flavor,s_fill_great_one_text_list,event,516,font_m,,{great_one},yes,"A chill terror rises in your chest as you understand, on some deep level, that {great_one} feeds on the unraveling of your mind. It presses against your senses, driving your mind into a state of dread. You are left suspended in a vast, unfeeling ocean, helpless before the colossal force that has suddenly woken inside you. You are no longer in control.",
14599,flavor,s_fill_great_one_text_list,event,516,font_m,,{great_one},yes,"The familiar sky is gone, replaced by an oppressive, blood-tinged void that stretches endlessly. The sensation begins subtly, like the whisper of something malevolent in the depths of your body - a creeping unease deep within your chest, as {great_one} takes root in the very core of your being.",
14600,flavor,s_fill_great_one_text_list,event,516,font_m,,,yes,"At first, it is merely a tightening, a faint constriction. Then your heart is gripped by some unseen hand. Soon, that hand's fingers curl with cruel intent. A deep, gnawing sensation spreads through your chest like a creeping shadow, filling every corner of your consciousness with a sickening dread.",
14601,flavor,s_fill_great_one_text_list,event,516,font_m,,,yes,"There is no longer any comfort in the steady pulse of life, only a dreadful awareness that something is breaking down within you. The breath you draw is shallow; each inhalation carries with it the scent of cold decay and rot. Each gasp becomes an effort of survival, a desperate struggle. The world around you begins to fade. The edges of your vision blur as you teeter on the edge of oblivion, and the terror grows.",
14602,flavor,s_fill_great_one_text_list,event,516,font_m,,{great_one},yes,"With dreadful certainty, you realize that your heart has become a vessel for {great_one}. The pulse of your life fades, not into death, but into the void. And then, you surrender. You are no longer a separate being, but a part of something incomprehensible. You have become a single beat in a rhythm that transcends you - a rhythm that will never cease.",
15364,help,s_set_language_help,event,516,font_m,,,yes,"
Name your Grimoire
",
15365,help,s_set_language_help,event,516,font_m,,,yes,"
The Grimoire is a powerful artefact bestowed upon you by the Deep Ones.
With it, you can cast magic and also observe the villagers' actions, relationships, and emotions..
",
15366,help,s_set_language_help,label,,font_l,,,yes,"
Name your Cult
",
15367,help,s_set_language_help,event,516,font_m,,,yes,"
The Deep Ones appointed you as the leader of a cult that worships their gods.
To join the cult, a villager must first prove their faith by marrying a Deep One. Once married, they can be recruited and must swear an oath to serve the Deep Ones and bear or sire their children.
",
15368,help,s_set_language_help,event,516,font_m,,,yes,"
Name your Village
",
15369,help,s_set_language_help,event,516,font_m,,,yes,"
Your small seaside fishing village had been struggling with a dire economic situation.
However, after forging a pact with the Deep Ones, the village's fortunes have drastically improved.
",
15370,help,s_set_language_help,event,516,font_m,,,yes,"
Name the Families
",
15371,help,s_set_language_help,event,516,font_m,,,yes,"
The village comprises five families and several households.
Family Chiefs and Household Heads hold significant influence over their members' opinions and enjoy high social status.
",
15372,help,s_set_language_help,label,,font_l,,,yes,"
Start Game
",
15373,help,s_set_language_help,event,516,font_m,,,yes,"
To start the game, you must first choose whether to enable or disable the tutorial.
",
15374,help,s_set_language_help,label,,font_l,,,yes,"
Change Look
",
15375,help,s_set_language_help,event,516,font_m,,,yes,"
You can customize your appearance by changing your hairstyle, hat, and glasses.
",
15376,help,s_set_language_help,label,,font_l,,,yes,"
Load Game
",
15377,help,s_set_language_help,event,516,font_m,,,yes,"
You can load either manual or automatic save files. The most recent save file of each type is highlighted with a white outline.
",
15378,help,s_set_language_help,label,,font_l,,,yes,"
Save Game
",
15379,help,s_set_language_help,event,516,font_m,,,yes,"
Here, you can save manually. The game also saves automatically whenever you exit, as well as at the start of each day and dream. Additionally, there is a quicksave function. The most recent save file is marked with a white outline.
",
15380,help,s_set_language_help,label,,font_l,,,yes,"
Manual Savefiles
",
15381,help,s_set_language_help,event,516,font_m,,,yes,"
You have 10 slots available for manual saves. The most recent save file is highlighted with a white outline.

To delete a file, click the small trash can icon.

Each save file's size is displayed. Please note that later game saves can become quite large.

The total space occupied by the files and their location on your computer are displayed at the bottom of the menu.
",
15382,help,s_set_language_help,event,516,font_m,,,yes,"
Automatic Savefiles
",
15383,help,s_set_language_help,event,516,font_m,,,yes,"
You have 10 slots available for automatic saves. The most recent save file is highlighted with a white outline.

The game automatically saves whenever you exit, as well as at the start of each day and dream.

To deactivate or delete a save file, click the 'Deactivate' button.

Each save file's size is displayed. Please note that later game saves can become quite large.

The total space occupied by the files and their location on your computer are displayed at the bottom of the menu.
",
15384,help,s_set_language_help,label,,font_l,,,yes,"
Quicksave File
",
15385,help,s_set_language_help,event,516,font_m,,,yes,"
Press the F5 key or click the quicksave button (visible when hovering over the save icon) to use the quicksave function.

To load a quicksave, open the load screen and click the quicksave file located below the automatic save files.
",
15386,help,s_set_language_help,event,516,font_m,,,yes,"
Disable/Enable Savefile Slots
",
15387,help,s_set_language_help,event,516,font_m,,,yes,"
You can deactivate automatic save files to save disk space, as late-game save files can become quite large.

The total space occupied by the files and their location on your computer are displayed at the bottom of the menu.

Note: Disabling a save slot will delete its contents!
",
15388,help,s_set_language_help,label,,font_l,,,yes,"
Save Location
",
15389,help,s_set_language_help,event,516,font_m,,,yes,"
Settings and save files are located in this folder. You can view the total space occupied by the files and their location on your computer. Please note that late-game save files can become quite large.
",
15390,help,s_set_language_help,label,,font_l,,,yes,"
Achievements
",
15391,help,s_set_language_help,event,516,font_m,,,yes,"
The game features 20 achievements. Each achievement will unlock a rat that you can display by clicking a button. Once activated, the rat will appear in the game's interface.
",
15392,help,s_set_language_help,label,,font_l,,,no,"
Achievement
",
15393,help,s_set_language_help,event,516,font_m,,,yes,"
'Marry a Deep One.'

Click to show this rat on the time display in the top right corner.
",
15394,help,s_set_language_help,event,516,font_m,,,yes,"
'Get pregnant.'

Click to show this rat at the top of the 'Options' button in the top left corner.
",
15395,help,s_set_language_help,event,516,font_m,,,yes,"
'Befriend a cat.'

Click to show this rat on the eye symbol in the centre of the screen when saving a game.
",
15396,help,s_set_language_help,event,516,font_m,,,yes,"
'Study a document without errors.'

Click to show this rat on the eye symbol in the centre of the screen when loading a game.
",
15397,help,s_set_language_help,event,516,font_m,,,yes,"
'Insult a seven year old child.'

Click to show this rat at the bottom of the screen in the main menu.
",
15398,help,s_set_language_help,event,516,font_m,,,yes,"
'Sacrifice a close relative.'

Click to show this rat at the top of the 'Spellbook' menu.
",
15399,help,s_set_language_help,event,516,font_m,,,yes,"
'Befriend a heretic.'

Click to show this rat at the top of the 'Household' menu (when showing the inside of a building).
",
15400,help,s_set_language_help,event,516,font_m,,,yes,"
'Mark seven households with a sigil.'

Click to show this rat at the top of the 'Family Tree' menu.
",
15401,help,s_set_language_help,event,516,font_m,,,yes,"
'Sleep with a friends spouse.'

Click to show this rat in the 'Create Spell' menu at the top of the spell name.
",
15402,help,s_set_language_help,event,516,font_m,,,yes,"
'Beget seven children.'

Click to show this rat at the top of the 'Cast Spell' menu.
",
15403,help,s_set_language_help,event,516,font_m,,,yes,"
'Face the retribution of the Deep Ones.'

Click to show this rat at the right side of the 'Cult' menu.
",
15404,help,s_set_language_help,event,516,font_m,,,yes,"
'No more space to build a new house.'

Click to show this rat at the top of the 'Filters' menu.
",
15405,help,s_set_language_help,event,516,font_m,,,yes,"
'Shave your head bald.'

Click to show this rat at the top of the 'Help' window in the bottom right corner.
",
15406,help,s_set_language_help,event,516,font_m,,,yes,"
'Kill your spouse.'

Click to show this rat at the top of the 'People' menu at the bottom of the screen.
",
15407,help,s_set_language_help,event,516,font_m,,,yes,"
'Persuade someone to commit murder.'

Click to show this rat at the bottom of the 'Village' menu.
",
15408,help,s_set_language_help,event,516,font_m,,,yes,"
'Open a gate to the void.'

Click to show this rat at the top of the 'Journal' menu.
",
15409,help,s_set_language_help,event,516,font_m,,,yes,"
'Become a great-grandparent.'

Click to show this rat at the top of the 'Options' menu.
",
15410,help,s_set_language_help,event,516,font_m,,,yes,"
'Marry someone 37 years younger.'

Click to show this rat in the bottom left corner of the 'Build' menu.
",
15411,help,s_set_language_help,event,516,font_m,,,yes,"
'Rapture.'

Click to show this rat at the top of the 'Relation' window in the bottom left corner.
",
15412,help,s_set_language_help,event,516,font_m,,,yes,"
'Die a virgin.'

Click to show this rat at the top of the 'Event' window.
",
15413,help,s_set_language_help,label,,font_l,,,yes,"
Options
",
15414,help,s_set_language_help,event,516,font_m,,,yes,"
Changes to the settings will be applied immediately and saved automatically when you exit the menu.
",
15415,help,s_set_language_help,label,,font_l,,,yes,"
Controls
",
15416,help,s_set_language_help,event,516,font_m,,,yes,"
You can control your avatar using either point-and-click with your mouse or keyboard controls.

To move the camera, hold down the right mouse button and drag.

Use the mouse wheel or keyboard shortcuts to zoom the camera view in and out.

Additionally, the mouse wheel can be used to scroll through menus.
",
15417,help,s_set_language_help,event,516,font_m,,,yes,"
Mouseover Help Text
",
15418,help,s_set_language_help,event,516,font_m,,,yes,"
The mouseover help function provides contextual information when the cursor hovers over interface elements.
",
15419,help,s_set_language_help,label,,font_l,,,yes,"
Text Speed
",
15420,help,s_set_language_help,event,516,font_m,,,yes,"
You can toggle the mouseover help function on and off. Help information will appear in the bottom right corner of the screen.

You can adjust the text speed for events to one of five levels. Hover your cursor over the buttons to preview each speed. TIP: Click within a event window or press the SPACE key to immediately finish the animation.
",
15421,help,s_set_language_help,label,,font_l,,,yes,"
Display Mode
",
15422,help,s_set_language_help,event,516,font_m,,,yes,"
Pixel Perfect Mode:
The image is displayed in the centre of the screen. On higher resolutions, the pixel size may be doubled. The remaining area of the screen will be filled with a black background.

Stretched Mode:
The image is stretched to fit the screen's height or width, depending on the aspect ratio. This may result in black bars appearing on the sides or top and bottom of the screen.
",
15423,help,s_set_language_help,label,,font_l,,,yes,"
Main Menu
",
15424,help,s_set_language_help,event,516,font_m,,,yes,"
Exit the game and return to the main menu. Your progress will be saved automatically.
",
15425,help,s_set_language_help,label,,font_l,,,yes,"
Resume Game
",
15427,help,s_set_language_help,event,516,font_m,,,yes,"
Load the most recent autosave file.
",
15429,help,s_set_language_help,label,,font_l,,,yes,"
Magus
",
15430,help,s_set_language_help,event,516,font_m,,,yes,"
Magus is the highest rank in the cult, surpassing priest, apprentice, and novice.
",
15431,help,s_set_language_help,label,,font_l,,,yes,"
Grimoire
",
15432,help,s_set_language_help,event,516,font_m,,,yes,"
The Grimoire is a powerful artefact bestowed upon you by the Deep Ones.

It grants you the ability to oversee all villagers, including their actions, relationships, and emotions.

With the Grimoire, you can study documents, learn sigils, mark households, create spells, and cast them.

Click the 'Plus' symbol to create a new spell.
Click on unstudied documents to learn new sigils.
",
15433,help,s_set_language_help,label,,font_l,,,yes,"
Spells
",
15434,help,s_set_language_help,event,516,font_m,,,yes,"
Click the 'Plus' symbol to create a new spell.

Click on a spell to access options for renaming or deleting it.

To cast spells, use the action menu on the left side of the screen. (The Spellbook must be closed).

To break a spell, move your cursor over the spell icon of the selected person in the bottom left of the screen, and click the 'Break Spell' button that appears. (The Spellbook must be closed).
",
15435,help,s_set_language_help,label,,font_l,,,yes,"
Erase spell
",
15436,help,s_set_language_help,event,516,font_m,,,yes,"
Erasing a spell will also remove its effects from all individuals it was affecting.

To remove a spell's effects from a specific person, you only need to break the spell. Move your cursor over the spell icon of the selected person in the bottom left of the screen, and click the 'Break Spell' button that appears. (The Spellbook must be closed).
",
15437,help,s_set_language_help,label,,font_l,,,yes,"
Sigils
",
15438,help,s_set_language_help,event,516,font_m,,,yes,"
Sigils are essential for creating spells and marking households.
You can learn sigils by studying documents; click on an unstudied document to examine it. To combine sigils and create a new spell, click the 'Plus' symbol in the 'Spells' section.

To mark a household, first close the grimoire and select the desired household. Then click on the sigil button. Choose a sigil from the list to apply it. The mark will remain in effect until the end of the day/year, affecting the behavior of the household's inhabitants.
",
15439,help,s_set_language_help,label,,font_l,,,yes,"
Mark Household
",
15440,help,s_set_language_help,event,516,font_m,,,yes,"
Marking a household with a sigil will influence the behavior of its inhabitants. They will be more inclined to favour the action that is aligned with the intent represented by the sigil.

Click on the sigil button. Then choose a sigil from the list to apply it. The mark will remain in effect until the end of the day/year.
",
15441,help,s_set_language_help,label,,font_l,,,yes,"
Documents
",
15442,help,s_set_language_help,event,516,font_m,,,yes,"
You can learn sigils by studying documents; click on an unstudied document to examine it.
",
15443,help,s_set_language_help,label,,font_l,,,yes,"
Cult
",
15444,help,s_set_language_help,event,516,font_m,,,yes,"
The Cult menu displays a list of cult members and a list of obtained artefacts.

To join the cult, a villager must first prove their faith by marrying a Deep One. Once married, they can be recruited and must swear an oath to serve the Deep Ones and bear or sire their children.

Artefacts can be given to cult members, ensuring that certain interactions are always successful for the owner.

Cultists will preach to the villagers, raising faith and lowering despair. Cultists in possession of an artefact will preach more frequently.
",
15445,help,s_set_language_help,label,,font_l,,,yes,"
Cult Members
",
15446,help,s_set_language_help,event,516,font_m,,,yes,"
Members are assigned ranks, with automatic promotions occurring after 5 and 10 years. Higher ranks reflect a higher social status. The ranking system is as follows:
0-4 years: Novice
5-9 years: Apprentice
10+ years: Priest
",
15447,help,s_set_language_help,event,516,font_m,,,yes,"
Years Active in Cult
",
15449,help,s_set_language_help,event,516,font_m,,,yes,"
Members are assigned ranks, with automatic promotions occurring after 5 and 10 years.
",
15451,help,s_set_language_help,label,,font_l,,,yes,"
Artefacts
",
15452,help,s_set_language_help,event,516,font_m,,,yes,"
Artefacts can be given to cult members (click 'Reward'), ensuring that certain interactions are always successful for the owner.

Cultists will preach to the villagers, raising faith and lowering despair. Cultists in possession of an artefact will preach more frequently.

Each cultist with an artefact increases your maximum spell limit by 1.
",
15453,help,s_set_language_help,event,516,font_m,,,yes,"
Reward Artefact to Cultist
",
15454,help,s_set_language_help,event,516,font_m,,,yes,"
Cult members can be given artefacts as rewards, ensuring that certain interactions are always successful for the owner.

Cultists will preach to the villagers, raising faith and lowering despair. Cultists in possession of an artefact will preach more frequently.

Each cultist with an artefact increases your maximum spell limit by 1.
",
15455,help,s_set_language_help,label,,font_l,,,yes,"
Village
",
15456,help,s_set_language_help,event,516,font_m,,,yes,"
The 'Village' menu provides an overview of the five families, all households, married couples, and various demographics.
",
15457,help,s_set_language_help,label,,font_l,,,yes,"
Families
",
15458,help,s_set_language_help,event,516,font_m,,,yes,"
There are five families in the village, each led by a family chief. Family chiefs wield significant influence over their members' opinions and hold high social status. For example, if you anger a family chief, members of that family might also become hostile toward you.

It's wise to balance the size and influence of all families, as the village is small and prohibits marriage between close relatives.
",
15459,help,s_set_language_help,label,,font_l,,,yes,"
Households
",
15460,help,s_set_language_help,event,516,font_m,,,yes,"
Every household has a household head who wields considerable influence over the opinions of its members.

For example, if you anger a household head, members of that household might also become hostile toward you.
",
15461,help,s_set_language_help,label,,font_l,,,yes,"
Couples
",
15462,help,s_set_language_help,event,516,font_m,,,yes,"
The couples list displays all married couples. Couples who do not have their own household (meaning neither spouse is a household head) can be assigned to a household of their own. You may need to create a new household first. (Click the 'Build' button in the top right of the screen.)
",
15463,help,s_set_language_help,event,516,font_m,,,yes,"
Assign Household to Couple
",
15464,help,s_set_language_help,event,516,font_m,,,yes,"
Click to open the 'Assign' menu. Vacant households can be assigned to married couples as long as both spouses are human.
",
15465,help,s_set_language_help,label,,font_l,,,yes,"
Demographics
",
15466,help,s_set_language_help,event,516,font_m,,,yes,"
The demographics section displays a chart illustrating various statistics, such as the number of people and households, over a specified period ranging from 5 to 100 years.
",
15467,help,s_set_language_help,label,,font_l,,,yes,"
Hybrids
",
15468,help,s_set_language_help,event,516,font_m,,,yes,"
The Deep Ones demand the birth of hybrid children.

Children born to hybrids and humans will exhibit traits of the Deep Ones. Their appearance may be unsettling to outsiders visiting the village.
",
15469,help,s_set_language_help,label,,font_l,,,no,"
Family Tree
",
15470,help,s_set_language_help,event,516,font_m,,,yes,"
The 'Family Tree' shows peoples next relatives.

Relations only by blood or only by law are highlighted.

If a person has multiple spouses or parents (such as a cultist married to both a human and a Deep One), you can use the small arrow buttons to cycle through the different relationships.
",
15471,help,s_set_language_help,label,,font_l,,,yes,"
Relation
",
15472,help,s_set_language_help,event,516,font_m,,,yes,"
Relationships are typically by blood and law. However, relationships established solely by blood or only by law will be marked explicitly.
",
15473,help,s_set_language_help,label,,font_l,,,no,"
Journal
",
15474,help,s_set_language_help,event,516,font_m,,,yes,"
Each villager has a journal that details the events of their life, starting from the year you acquired your grimoire or their birth and continuing through to their death.

The journal maintains information on villagers for the last 10 (living) years only.
",
15475,help,s_set_language_help,label,,font_l,,,no,"
Relations
",
15476,help,s_set_language_help,event,516,font_m,,,yes,"
The 'Relations' menu offers the easiest way to view the villagers' feelings towards one another.

You can filter the list of relations by adjusting the range of feelings.
",
15477,help,s_set_language_help,label,,font_l,,,yes,"
Create Spell
",
15478,help,s_set_language_help,event,516,font_m,,,yes,"
To create a spell, drag sigils from the right side into the marked positions of the pentagram.

Each position serves a unique function, and each sigil has specific effects for all four functions.

Hover over a sigil in the list to view its effects in the description at the bottom.

Sigils can be removed by dragging them outside the pentagram, or they can be swapped with other sigils within the pentagram.
",
15479,help,s_set_language_help,label,,font_l,,,yes,"
Occasion
",
15480,help,s_set_language_help,event,516,font_m,,,yes,"
Occasion defines the type of interaction that triggers the spell (like 'compliment' or 'insult').
",
15481,help,s_set_language_help,label,,font_l,,,yes,"
Connection
",
15482,help,s_set_language_help,event,516,font_m,,,yes,"
Connection defines the group of people that is affected (like 'friends' or 'family').
",
15483,help,s_set_language_help,label,,font_l,,,yes,"
Intention
",
15484,help,s_set_language_help,event,516,font_m,,,yes,"
Intention defines the feeling that will be altered by the spell (like 'love' or 'anger').
",
15485,help,s_set_language_help,label,,font_l,,,yes,"
Alteration
",
15486,help,s_set_language_help,event,516,font_m,,,yes,"
Alteration defines how the feeling will be altered (like 'plus 1' or 'minus 2').
",
15487,help,s_set_language_help,label,,font_l,,,yes,"
Conclusion
",
15488,help,s_set_language_help,event,516,font_m,,,yes,"
Conclusion defines if the interaction has to 'fail' or 'succeed' to trigger the spell.
",
15489,help,s_set_language_help,label,,font_l,,,yes,"
Direction
",
15490,help,s_set_language_help,event,516,font_m,,,yes,"
Direction defines whose feelings will be changed.
",
15491,help,s_set_language_help,label,,font_l,,,yes,"
Interaction
",
15492,help,s_set_language_help,event,516,font_m,,,no,"
You have cast a spell on 'A'. Each time 'A' interacts a certain way with someone else ('B') the spell takes effect.
",
15493,help,s_set_language_help,label,,font_l,,,yes,"
Spellbound
",
15494,help,s_set_language_help,label,,font_l,,,yes,"
Study Document
",
15495,help,s_set_language_help,event,516,font_m,,,yes,"
The glyphs represent letters in a word, with five possible letters listed below each glyph.

To complete the study, you must guess the word and select the correct letters for each glyph.
Keep in mind that each guess takes time, so try to be efficient.
",
15496,help,s_set_language_help,label,,font_l,,,yes,"
Build
",
15497,help,s_set_language_help,event,516,font_m,,,no,"
The 'Outsider Meter' is full, preventing outsiders from visiting the village and cutting off access to building materials.
",
15498,help,s_set_language_help,event,516,font_m,,,yes,"
No Building Material
",
15499,help,s_set_language_help,label,,font_l,,,yes,"
New Building
",
15500,help,s_set_language_help,event,516,font_m,,,yes,"
Click on a Plus button to build a new household. The household will be vacant and can either be asssigned to a married couple or destroyed.
",
15501,help,s_set_language_help,event,516,font_m,,,yes,"
Expand and Modify this Building
",
15502,help,s_set_language_help,event,516,font_m,,,yes,"
Click on a Plus button to extend the household. Households can range from 6 to 15 squares in size.

Click on a part of the household to select or deselect it. Selected parts can be modified by choosing a building style from the options at the bottom.
",
15503,help,s_set_language_help,label,,font_l,,,yes,"
Building Styles
",
15504,help,s_set_language_help,event,516,font_m,,,yes,"
Select a household and click on it to select or deselect parts of the building.

You can modify selected parts by clicking on a building style at he bottom of the screen.
",
15505,help,s_set_language_help,label,,font_l,,,yes,"
Preselect Style
",
15506,help,s_set_language_help,event,516,font_m,,,yes,"
You can preselect this style by clicking on this icon. When you extend a household or build a new one, this style will be applied to the construction.
",
15507,help,s_set_language_help,event,516,font_m,,,yes,"
Select Vacant Household
",
15508,help,s_set_language_help,event,516,font_m,,,yes,"
If no vacant households are available, close the 'Assign' menu and open the 'Build' menu to construct a new household.
",
15509,help,s_set_language_help,label,,font_l,,,yes,"
Select Couple
",
15510,help,s_set_language_help,event,516,font_m,,,yes,"
Couples eligible for assignment to a new household must both be human. The couple, along with their children and grandchildren, will move in together.
",
15511,help,s_set_language_help,label,,font_l,,,yes,"
Time
",
15512,help,s_set_language_help,event,516,font_m,,,yes,"
Each day in the game represents a full year, starting at 6 am and ending at midnight, after which the game shifts into the dream phase.

You can pause or speed up the game at any time. Whenever an event occurs or you open a menu, time will automatically pause.
",
15513,help,s_set_language_help,label,,font_l,,,yes,"
Tasks
",
15514,help,s_set_language_help,event,516,font_m,,,yes,"
There are three categories of task givers: Humans, Deep Ones, and the enigmatic Great Ones.

Hover over a task to see what is expected of you.

Click on it to filter the list of people involved at the bottom of the screen.
",
15515,help,s_set_language_help,event,516,font_m,,,yes,"
Outsiders [Dread]
",
15516,help,s_set_language_help,event,516,font_m,,,yes,"
The meter fills up when outsiders notice suspicious activities or have negative interactions with the villagers.

If the meter fills up, outsiders will flee the village and won't return until the next day/year, limiting your access to building materials and alcohol.

Successfully hugging, befriending or flirting with outsiders will also lower the meter directly.
",
15517,help,s_set_language_help,event,516,font_m,,,yes,"
Deep Ones [Wrath]
",
15518,help,s_set_language_help,event,516,font_m,,,yes,"
The Deep Ones will regularly give you tasks. If you fail, the meter rises; if you succeed, it lowers.

The meter rises every morning by 5 points.

To lower the meter you can also take the initiative and facilitate the following:
Recruiting cultists, marrying Deep Ones, birthing hybrids, and sacrificing humans.

If the meter fills up, the Deep Ones will seek vengeance and may execute some villagers in the night as punishment.
",
15519,help,s_set_language_help,label,,font_l,,,yes,"
Magic
",
15520,help,s_set_language_help,event,516,font_m,,,yes,"
The numbers indicate your current power and the maximum number of spells you can cast in a day.

Casting a spell costs one point.

Your power is replenished at the start of each day, or you can use meditation to recharge it, though this method is time-consuming.

The maximum power is determined by the number of cultists possessing an artefact.
",
15521,help,s_set_language_help,event,516,font_m,,,yes,"
Previously Selected
",
15522,help,s_set_language_help,event,516,font_m,,,yes,"
The game keeps track of the last 10 people you selected. You can cycle through them by clicking the arrows.
",
15523,help,s_set_language_help,label,,font_l,,,yes,"
Follow
",
15524,help,s_set_language_help,event,516,font_m,,,yes,"
Click this button to have the camera follow this person.
",
15525,help,s_set_language_help,event,516,font_m,,,yes,"
Hovering the cursor over this button will highlight the selected person's household on the game field.

Click the button to move the camera to the household and view the interior.
",
15526,help,s_set_language_help,event,516,font_m,,,yes,"
Click this button to open the persons 'Family Tree' and show their immediate relatives.
",
15527,help,s_set_language_help,event,516,font_m,,,yes,"
Click this button to open the person's 'Journal'.

Each villager has a journal detailing the events of their life, starting from the year you acquired your grimoire or their birth and ending with their death.#The journal maintains information on villagers for the last 10 (living) years only.
",
15528,help,s_set_language_help,event,516,font_m,,,yes,"
Click this button to open the person's 'Relations' menu.

This menu offers the easiest way to view an overview of the villagers' feelings towards one another.
",
15529,help,s_set_language_help,label,,font_l,,,yes,"
Artefact
",
15530,help,s_set_language_help,event,516,font_m,,,yes,"
Cult members can be given artefacts as rewards, ensuring that certain interactions are always successful for the owner.

Cultists will preach to the villagers, raising faith and lowering despair. Cultists in possession of an artefact will preach more frequently.

The maximum number of spell casts is determined by the number of cultists who possess an artefact.
",
15531,help,s_set_language_help,label,,font_l,,,yes,"
Spell
",
15532,help,s_set_language_help,event,516,font_m,,,yes,"
You have cast a spell on this person. The spell will take effect each time they interact with someone else in a specified manner.
",
15533,help,s_set_language_help,label,,font_l,,,yes,"
Jealous
",
15534,help,s_set_language_help,event,516,font_m,,,yes,"
Less likely to be nice, compliment, hug or befriend someone of more social status.
Less likely react positively to someone of more social status wanting to be nice, compliment, hug, or be friends.

More likely to insult, threaten, beat or kill someone of more social status.
More likely to take offense at an insult by someone of more social status.

More likely to feel envy.

Bad traits influence the villagers' decisions and reactions. Villagers might develop a bad trait when their despair reaches 10 points.
",
15535,help,s_set_language_help,label,,font_l,,,yes,"
Defiant
",
15536,help,s_set_language_help,event,516,font_m,,,yes,"
Less likely to taking offense at an insult or feeling threatened.
Less likely to believe praising or badmouthing.
Less likely to embrace preaching or accept recruitment proposal.

Bad traits influence the villagers' decisions and reactions. Villagers might develop a bad trait when their despair reaches 10 points.
",
15537,help,s_set_language_help,label,,font_l,,,yes,"
Adulterous
",
15538,help,s_set_language_help,event,516,font_m,,,yes,"
More likely to flirt or get intimate with someone who is married.
More likely to react positively to someone who is married wanting to flirt or get intimate.

Bad traits influence the villagers' decisions and reactions. Villagers might develop a bad trait when their despair reaches 10 points.
",
15539,help,s_set_language_help,label,,font_l,,,yes,"
Dogmatic
",
15540,help,s_set_language_help,event,516,font_m,,,yes,"
Less likely to be nice, compliment, hug, befriend, flirt, get intimate, or propose to someone of different beliefs.
Less likely to react positively to someone with different beliefs wanting to be nice, compliment, hug, be friends, flirt, get intimate, or propose.

More likely to insult, threaten, beat or kill someone of different beliefs.

Bad traits influence the villagers' decisions and reactions. Villagers might develop a bad trait when their despair reaches 10 points.
",
15541,help,s_set_language_help,label,,font_l,,,yes,"
Frigid
",
15542,help,s_set_language_help,event,516,font_m,,,yes,"
Less likely wanting to flirt or get intimate.

Less likely to feel lust.

Bad traits influence the villagers' decisions and reactions. Villagers might develop a bad trait when their despair reaches 10 points.
",
15543,help,s_set_language_help,label,,font_l,,,yes,"
Hostile
",
15544,help,s_set_language_help,event,516,font_m,,,yes,"
More likely to insult, threaten, beat or kill someone.

More likely to be feared by others.
More likely to feel anger.

Bad traits influence the villagers' decisions and reactions. Villagers might develop a bad trait when their despair reaches 10 points.
",
15545,help,s_set_language_help,label,,font_l,,,yes,"
Obnoxious
",
15546,help,s_set_language_help,event,516,font_m,,,yes,"
Less likely to get positive reaction when trying to be nice, compliment, hug, befriend, flirt, get intimate or propose.

More likely to provoke anger in others.

Bad traits influence the villagers' decisions and reactions. Villagers might develop a bad trait when their despair reaches 10 points.
",
15547,help,s_set_language_help,label,,font_l,,,yes,"
Paranoid
",
15548,help,s_set_language_help,event,516,font_m,,,yes,"
Less likely to believe praising or badmouthing.
More likely to taking offense at an insult or feeling threatened.

Less likely to feel trust.

Bad traits influence the villagers' decisions and reactions. Villagers might develop a bad trait when their despair reaches 10 points.
",
15549,help,s_set_language_help,label,,font_l,,,yes,"
Withdrawn
",
15550,help,s_set_language_help,event,516,font_m,,,yes,"
Less likely wanting to befriend, flirt, or propose.
Less likely to react positively to someone wanting to be friends, flirt, or propose.

Bad traits influence the villagers' decisions and reactions. Villagers might develop a bad trait when their despair reaches 10 points.
",
15551,help,s_set_language_help,label,,font_l,,,yes,"
Hateful
",
15552,help,s_set_language_help,event,516,font_m,,,yes,"
Less likely to be nice, compliment, or hug.
Less likely react positively to someone wanting to be nice, compliment, or hug.

More likely to insult, threaten, beat or kill someone.

Less likely to feel love.

Bad traits influence the villagers' decisions and reactions. Villagers might develop a bad trait when their despair reaches 10 points.
",
15553,help,s_set_language_help,label,,font_l,,,yes,"
Fearful
",
15554,help,s_set_language_help,event,516,font_m,,,yes,"
Less likely to threaten, beat or kill someone.
More likely to feeling threatened.

More likely to feel fear.

Bad traits influence the villagers' decisions and reactions. Villagers might develop a bad trait when their despair reaches 10 points.
",
15555,help,s_set_language_help,label,,font_l,,,yes,"
Xenophobic
",
15556,help,s_set_language_help,event,516,font_m,,,yes,"
Less likely to be nice, compliment, hug, flirt or get intimate with an outsider.
Less likely to react positively to an outsider wanting to be nice, compliment, hug, be friends, flirt, or get intimate.

More likely to insult, threaten, beat or kill an outsider.

Bad traits influence the villagers' decisions and reactions. Villagers might develop a bad trait when their despair reaches 10 points.
",
15557,help,s_set_language_help,label,,font_l,,,yes,"
Pessimistic
",
15558,help,s_set_language_help,event,516,font_m,,,yes,"
Less likely to embrace preaching.

Bad traits influence the villagers' decisions and reactions. Villagers might develop a bad trait when their despair reaches 10 points.
",
15559,help,s_set_language_help,label,,font_l,,,yes,"
Dishonest
",
15560,help,s_set_language_help,event,516,font_m,,,yes,"
Less likely to earn trust of others.

Bad traits influence the villagers' decisions and reactions. Villagers might develop a bad trait when their despair reaches 10 points.
",
15561,help,s_set_language_help,label,,font_l,,,yes,"
Despair
",
15562,help,s_set_language_help,event,516,font_m,,,yes,"
Despair adversely affects the villagers' behavior.

Villagers might develop a bad trait when their despair reaches 10 points.
",
15563,help,s_set_language_help,label,,font_l,,,yes,"
Faith
",
15564,help,s_set_language_help,event,516,font_m,,,yes,"
Faith reflects belief in the pact with the Deep Ones.

Villagers without faith are considered 'Heretics', while those with high faith may become cultists. You can use the 'Preach' interaction to increase someone's faith.

Cultists will preach to the villagers, raising faith and lowering despair. Cultists in possession of an artefact will preach more frequently.
",
15565,help,s_set_language_help,label,,font_l,,,yes,"
Vitality
",
15566,help,s_set_language_help,event,516,font_m,,,yes,"
Vitality measures a person's strength and life expectancy.

It increases from birth until around age 30, then declines (more rapidly with higher age). A vitality of 0 indicates imminent death.
",
15567,help,s_set_language_help,label,,font_l,,,yes,"
Social Status
",
15568,help,s_set_language_help,event,516,font_m,,,yes,"
In a community where the pact with the Deep Ones ensures abundant fishing grounds and gold for everyone, social status becomes even more crucial.
",
15569,help,s_set_language_help,label,,font_l,,,no,"
Age
",
15570,help,s_set_language_help,event,516,font_m,,,yes,"
Most interactions are only available to adults. 

A person's vitality is closely linked to their age.

",
15571,help,s_set_language_help,event,516,font_m,,,yes,"
Your age has been extended by the blessing of the Great Ones. Your natural age is displayed in brackets.
",
15572,help,s_set_language_help,label,,font_l,,,yes,"
Cultists
",
15573,help,s_set_language_help,event,516,font_m,,,yes,"
Cult members are ranked from Magus (you) to Priest, Apprentice, and Novice, with higher ranks reflecting greater social status.

Your ability to cast spells is determined by the number of cultists who possess an artefact.

Cultists will preach to the villagers, raising faith and lowering despair. Cultists in possession of an artefact will preach more frequently.

To join the cult, a villager must first prove their faith by marrying a Deep One. Once married, they can be recruited and must swear an oath to serve the Deep Ones.
",
15574,help,s_set_language_help,label,,font_l,,,yes,"
Conforrmists
",
15575,help,s_set_language_help,event,516,font_m,,,yes,"
Conformists are adult villagers who are neither cultists nor heretics. Their faith is not too low, and they accept the community's devotion to the Deep Ones.
",
15576,help,s_set_language_help,label,,font_l,,,yes,"
Heretics
",
15577,help,s_set_language_help,event,516,font_m,,,yes,"
Villagers without faith are considered heretics. They neither embrace the Deep Ones like cultists nor tolerate them like conformists.
",
15578,help,s_set_language_help,label,,font_l,,,yes,"
Outsiders
",
15579,help,s_set_language_help,event,516,font_m,,,yes,"
Outsiders visit the village every year. Keep the Outsider meter from filling up. If the meter becomes full, outsiders will avoid the village, resulting in the loss of access to building materials and alcohol.
",
15580,help,s_set_language_help,label,,font_l,,,yes,"
Deep Ones
",
15581,help,s_set_language_help,event,516,font_m,,,yes,"
The Deep Ones are ancient, ocean-dwelling fishpeople. By making a pact with them, you established a cult devoted to worshiping their gods. In return, they grant the village bountiful fishing grounds and gold.

The 'Deep Ones Meter' on the right side of the screen tracks their wrath, which increases if you fail to meet their demands.

Villager prove their faith by marrying a Deep One. Once married, they can be recruited and must swear an oath to serve the Deep Ones and bear or sire their children.
",
15582,help,s_set_language_help,label,,font_l,,,yes,"
Novice
",
15583,help,s_set_language_help,event,516,font_m,,,yes,"
Novice is the lowest rank in the cult, and all new members begin at this level.

Cult members are ranked from Magus (you) to Priest, Apprentice, and Novice, with higher ranks reflecting greater social status.
",
15584,help,s_set_language_help,label,,font_l,,,yes,"
Apprentice
",
15585,help,s_set_language_help,event,516,font_m,,,yes,"
Apprentice is an advanced rank within the cult. Cultists are promoted to this rank after serving as novices for 5 years.

Cult members are ranked from Magus (you) to Priest, Apprentice, and Novice, with higher ranks reflecting greater social status.
",
15586,help,s_set_language_help,label,,font_l,,,yes,"
Priest
",
15587,help,s_set_language_help,event,516,font_m,,,yes,"
Priest is the highest rank in the cult, attainable by members after 10 years of service.

Cult members are ranked from Magus (you) to Priest, Apprentice, and Novice, with higher ranks reflecting greater social status.
",
15588,help,s_set_language_help,label,,font_l,,,yes,"
Vacant Household
",
15589,help,s_set_language_help,event,516,font_m,yes,,yes,"
Vacant households can be assigned to married couples if both spouses are human, and they will move in with their children and grandchildren. Alternatively, vacant households can be destroyed using the Build menu.

Vacant households may raise suspicions among outsiders.

A household is categorized as vacant either when it is newly built or all its inhabitants have died.
",
15590,help,s_set_language_help,label,,font_l,yes,,yes,"
Family Chief
",
15591,help,s_set_language_help,event,516,font_m,yes,,yes,"
The family chief wields considerable influence over the opinions of their members and holds high social status. If you anger a family chief, family members might also harbor resentment towards you. Upon becoming a family chief, they will immediately appoint their heir.
",
15592,help,s_set_language_help,label,,font_l,yes,,yes,"
Family Heir
",
15593,help,s_set_language_help,event,516,font_m,yes,,yes,"
In the event of the family chief's death, the heir will succeed them.
",
15594,help,s_set_language_help,label,,font_l,yes,,yes,"
Household Head
",
15595,help,s_set_language_help,event,516,font_m,yes,,yes,"
The household head wields considerable influence over the opinions of their members and holds high social status. If you anger a household head, household members might also harbor resentment towards you. Upon becoming a household head, they will immediately appoint their heir.
",
15596,help,s_set_language_help,label,,font_l,yes,,yes,"
Household Heir
",
15597,help,s_set_language_help,event,516,font_m,yes,,yes,"
In the event of the household head's death, the heir will succeed them.
",
15598,help,s_set_language_help,event,516,font_m,yes,,yes,"
Family Chief & Household Head
",
15599,help,s_set_language_help,event,516,font_m,yes,,yes,"
Family Chief & Household Heir
",
15600,help,s_set_language_help,event,516,font_m,yes,,yes,"
Family Heir & Household Head
",
15601,help,s_set_language_help,event,516,font_m,yes,,yes,"
Family Heir & Household Heir
",
15602,help,s_set_language_help,event,516,font_m,,,yes,"
Identify a Villager
",
15603,help,s_set_language_help,event,516,font_m,,,yes,"
You need to select the villager who fits the description. For this task, the filter menu at the bottom of the screen is especially helpful.
",
15604,help,s_set_language_help,event,516,font_m,,,yes,"
Filter by Recent Interactions
",
15605,help,s_set_language_help,event,516,font_m,,,yes,"
Click to display the last 10 people you interacted with.
",
15606,help,s_set_language_help,event,516,font_m,,,yes,"
Median & Mean Despair & Faith
",
15607,help,s_set_language_help,event,516,font_m,,,yes,"
The brightly coloured numbers display the average despair and faith of the villagers shown in the list to the left.
",
15608,help,s_set_language_help,event,516,font_m,,,yes,"
You already did this
",
15609,help,s_set_language_help,event,516,font_m,,,yes,"
Each interaction with a person can be performed only once per day/year.
",
15610,help,s_set_language_help,event,516,font_m,,,yes,"
Be Nice - Outcome
",
15611,help,s_set_language_help,event,516,font_m,,,yes,"
Success
    +1 Love
    +1 Trust
    -1 Fear
    -1 Anger

Failure
    -1 Love
    +1 Anger

Bad traits and spells can change the outcome.
",
15612,help,s_set_language_help,event,516,font_m,,,yes,"
Compliment - Outcome
",
15613,help,s_set_language_help,event,516,font_m,,,yes,"
Success
    +2 Love
    +1 Lust
    +2 Trust
    -2 Envy

Failure
    -1 Love
    -1 Lust
    -1 Trust
    +2 Envy

Bad traits and spells can change the outcome.
",
15614,help,s_set_language_help,label,,font_l,,,yes,"
Hug - Outcome
",
15615,help,s_set_language_help,event,516,font_m,,,yes,"
Success
    +2 Love
    +2 Lust
    +2 Trust
    -2 Fear
    -2 Anger

Failure
    +1 Fear
    +1 Anger
    +1 Despair Initiator

Bad traits and spells can change the outcome.
",
15616,help,s_set_language_help,event,516,font_m,,,yes,"
Befriend - Outcome
",
15617,help,s_set_language_help,event,516,font_m,,,yes,"
Success
    +1 Trust
    -2 Envy
    -2 Anger

Failure
    -1 Trust
    +2 Envy
    +2 Anger
    +1 Despair Initiator

Bad traits and spells can change the outcome.
",
15618,help,s_set_language_help,label,,font_l,,,yes,"
Flirt - Outcome
",
15619,help,s_set_language_help,event,516,font_m,,,yes,"
Success
    +1 Love
    +3 Lust

Failure
    -1 Love
    -3 Lust
    +1 Despair Initiator

Bad traits and spells can change the outcome.
",
15620,help,s_set_language_help,event,516,font_m,,,yes,"
Get Intimate - Outcome
",
15621,help,s_set_language_help,event,516,font_m,,,yes,"
Humans above 40 can't get pregnant.

Success
    +1 Love
    +1 Lust
    +1 Trust
    -2 Anger

Failure
    -1 Love
    -1 Lust
    -1 Trust
    +2 Anger
    +1 Despair Initiator

Bad traits and spells can change the outcome.
",
15622,help,s_set_language_help,event,516,font_m,,,yes,"
Propose - Outcome
",
15623,help,s_set_language_help,event,516,font_m,,,yes,"
Success
    +2 Love
    +2 Trust

Failure
    -2 Love
    -2 Trust
    +3 Despair Initiator

Bad traits and spells can change the outcome.
",
15624,help,s_set_language_help,label,,font_l,,,yes,"
Insult - Outcome
",
15625,help,s_set_language_help,event,516,font_m,,,yes,"
-1 Faith Recipient

Success
    -1 Love
    -1 Lust
    -1 Trust
    +2 Anger

Failure
    -1 Love
    -1 Lust
    -1 Trust
    +1 Despair Initiator

Bad traits and spells can change the outcome.
",
15626,help,s_set_language_help,event,516,font_m,,,yes,"
Threaten - Outcome
",
15627,help,s_set_language_help,event,516,font_m,,,yes,"
-2 Faith Recipient

Success
    -2 Love
    -2 Trust
    +2 Fear

Failure
    -1 Love
    -1 Trust
    +2 Anger

Bad traits and spells can change the outcome.
",
15628,help,s_set_language_help,label,,font_l,,,yes,"
Beat - Outcome
",
15629,help,s_set_language_help,event,516,font_m,,,yes,"
-3 Faith Recipient

Success
    -2 Love
    -2 Trust
    +3 Fear

Failure
    -1 Love
    -1 Trust
    +3 Anger

Bad traits and spells can change the outcome.
",
15630,help,s_set_language_help,label,,font_l,,,yes,"
Kill - Outcome
",
15631,help,s_set_language_help,event,516,font_m,,,yes,"
Failure
    -9 Love
    -9 Trust
    +3 Fear
    +1 Despair Initiator
    -3 Faith Recipient

Killing disrupts many future interactions, and each murder adds to this negative impact.

Bad traits and spells can change the outcome.
",
15632,help,s_set_language_help,event,516,font_m,,,yes,"
Persuade - Outcome
",
15633,help,s_set_language_help,event,516,font_m,,,yes,"
Failure
    -1 Trust
    +1 Anger

Bad traits can change the outcome.
",
15634,help,s_set_language_help,label,,font_l,,,yes,"
Praise - Outcome
",
15635,help,s_set_language_help,event,516,font_m,,,yes,"
Success
    +2 Love
    +1 Trust
    +2 Envy
    -2 Anger

Failure
    -1 Trust
    +1 Anger

Bad traits can change the outcome.
",
15636,help,s_set_language_help,event,516,font_m,,,yes,"
Badmouth - Outcome
",
15637,help,s_set_language_help,event,516,font_m,,,yes,"
Success
    -2 Love
    -1 Trust
    -2 Envy
    +2 Anger

Failure
    -1 Trust
    +1 Anger

Bad traits can change the outcome.
",
15638,help,s_set_language_help,label,,font_l,,,yes,"
Cast Spell
",
15639,help,s_set_language_help,event,516,font_m,,,yes,"
You can cast spells on villagers, and each time they interact in a specific way with someone else, the spell will take effect.

Casting a spell costs one point of your magic power. Your power is replenished at the start of each day, or you can use meditation to recharge it, though this method is time-consuming.
",
15640,help,s_set_language_help,label,,font_l,,,yes,"
Meditate
",
15641,help,s_set_language_help,event,516,font_m,,,yes,"
You can use meditation to recharge your magic power, though it is time-consuming. Casting a spell costs one point. The maximum number of spells you can cast is determined by the number of cultists who possess an artefact.
",
15642,help,s_set_language_help,label,,font_l,,,yes,"
Preach - Outcome
",
15643,help,s_set_language_help,event,516,font_m,,,yes,"
You can increase villagers' faith and lower their despair by preaching to them.

Success
    -2 Despair
    +3 Faith

Bad traits can change the outcome.

Cultists will preach to the villagers, raising faith and lowering despair. Cultists in possession of an artefact will preach more frequently.
",
15644,help,s_set_language_help,event,516,font_m,,,yes,"
Recruit - Outcome
",
15645,help,s_set_language_help,event,516,font_m,,,yes,"
To join the cult, a villager must first prove their faith by marrying a Deep One. Once married, they can be recruited and must swear an oath to serve the Deep Ones and bear or sire their children.

Beware: No more than one-third of the adult villagers can join the cult.

Failure
    -1 Love
    -1 Trust

Bad traits can change the outcome.
",
15646,help,s_set_language_help,event,516,font_m,,,yes,"
Sacrifice - Outcome
",
15647,help,s_set_language_help,event,516,font_m,,,yes,"
You can sacrifice villagers to appease the Deep Ones and fully quell their wrath, as indicated by the Deep Ones meter on the right side of the screen. The likelihood of successfully capturing the victim increases with the number of cultists.
All villagers, except the cultists, will lose faith. (-1 Faith)
You are limited to one sacrifice each day/year.

Failure
    -9 Love
    -9 Trust
    +9 Fear
",
15648,help,s_set_language_help,event,516,font_m,,,yes,"
Seven Years - Seven Eyes
",
15649,help,s_set_language_help,event,516,font_m,,,yes,"
You are trying to gain recognition from a Great One, symbolized by seven eyes.

Over the course of seven years, you have the opportunity each year to open one eye by manipulating the villagers' feelings toward you in certain ways.

If, after seven years, you have managed to open at least four of the seven eyes, the Great One will appear in the sky. Your reward is rejuvenation:

4 open eyes > 1 year  younger
5 open eyes > 2 years younger
6 open eyes > 3 years younger
7 open eyes > 4 years younger
",
15650,help,s_set_language_help,event,516,font_m,,,yes,"
This household is overcrowded
",
15651,help,s_set_language_help,event,516,font_m,,,yes,"
This household is underpopulated
",
15652,help,s_set_language_help,label,,font_l,,,yes,#This building has ,
15653,help,s_set_language_help,label,,font_l,,,yes, squares and ,
15654,help,s_set_language_help,event,516,font_m,,,yes, inhabitants. It's underpopulated. Try encouraging the inhabitants to marry and have children.#,
15655,help,s_set_language_help,event,516,font_m,,,yes, inhabitant. It's underpopulated. Try encouraging the inhabitants to marry and have children.#,
15656,help,s_set_language_help,event,516,font_m,,,yes, inhabitants. It's overcrowded. Try extending the building or assigning some of the inhabitants to a vacant household.#,
15657,help,s_set_language_help,event,516,font_m,,,yes, inhabitant. It's overcrowded. Try extending the building or assigning some of the inhabitants to a vacant household.#,
15658,help,s_set_language_help,label,,font_l,,,yes,"
Inhabitants
",
15659,help,s_set_language_help,event,516,font_m,,,yes,"
Households can range from 6 to 15 squares in size. Ideally, the number of inhabitants should be within 5 of the total number of squares, but there is no limit to how many people can live in one household.
Overcrowded households can lead to discord among the occupants (e.g., 12 people in only 6 squares).
Underpopulated households can raise suspicions among outsiders (e.g., only 6 people in 12 squares).
",
15660,help,s_set_language_help,label,,font_l,,,yes,"
Search
",
15661,help,s_set_language_help,event,516,font_m,,,yes,"
In your dream, there's another presence you can't see. To reveal it, you need to get closer and bring it into the circle's radius.

Hopefully, you have a good relationship with one or more cats, as they will accompany you in your dreams and guide you the right way.
The more cats you have with you, the larger the circle's radius will grow, making it easier to spot the hidden occupant.

Observe where the cats are trying to lead you.
",
6308,journal,s_journal_write,event,516,font_m,,,yes,"Driven by an overwhelming sense of dread, the outsiders flee the village. Until their hopeful return, the village will remain stripped of vital resources like building materials and alcohol.",
6309,journal,s_journal_write,event,516,font_m,,,yes,"Fueled by a profound sense of dread, the outsiders abandon the village. Until they hopefully return, the village will be devoid of essential resources such as building materials and alcohol.",
6310,journal,s_journal_write,event,516,font_m,,,yes,"Overcome by an intense feeling of dread, the outsiders hastily leave the village. Until their anticipated return, the community will be left lacking crucial supplies like construction materials and spirits.",
6311,journal,s_journal_write,event,516,font_m,,,yes,"Motivated by an all-consuming dread, the outsiders flee from the village. In their absence, the village will remain without vital resources, including construction materials and alcohol.",
6312,journal,s_journal_write,event,516,font_m,,,yes,"Compelled by an overwhelming sense of dread, the outsiders abandon the village. Until their hopeful return, the community will find itself lacking essential resources, such as building materials and alcohol.",
6313,journal,s_journal_write,event,516,font_m,,{main_he} {main_his},yes,{main_he} evolves from a conformist to a heretic in {main_his} beliefs.,
6314,journal,s_journal_write,event,516,font_m,,{main_he} {main_his},yes,{main_he} changes {main_his} stance from conformist to heretic.,
6315,journal,s_journal_write,event,516,font_m,,{main_he},yes,{main_he} moves from conformist views to adopting heretical perspectives.,
6316,journal,s_journal_write,event,516,font_m,,{main_he},yes,{main_he} switches from conformist adherence to heretical dissent.,
6317,journal,s_journal_write,event,516,font_m,,{main_he} {main_his},yes,{main_he} alters {main_his} beliefs from conformist to heretic.,
6318,journal,s_journal_write,event,516,font_m,,{main_he} {main_his},yes,{main_he} evolves from a heretic to a conformist in {main_his} beliefs.,
6319,journal,s_journal_write,event,516,font_m,,{main_he} {main_his},yes,{main_he} changes {main_his} stance from heretic to conformist.,
6320,journal,s_journal_write,event,516,font_m,,{main_he},yes,{main_he} moves from heretical views to adopting conformist perspectives.,
6321,journal,s_journal_write,event,516,font_m,,{main_he},yes,{main_he} switches from heretical dissent to conformist adherence.,
6322,journal,s_journal_write,event,516,font_m,,{main_he} {main_his},yes,{main_he} alters {main_his} beliefs from heretic to conformist.,
6323,journal,s_journal_write,event,516,font_m,,{main_he},yes,{main_he} enters adulthood.,
6324,journal,s_journal_write,event,516,font_m,,{main_he},yes,"{main_he} enters adulthood. Unfortunately, {main_he} comes to hold a heretical viewpoint.",
6325,journal,s_journal_write,event,516,font_m,,{main_he},yes,{main_he} is promoted to 'Apprentice' after 5 years of service.,
6326,journal,s_journal_write,event,516,font_m,,{main_he},yes,{main_he} is promoted to 'Priest' after 10 years of service.,
6327,journal,s_journal_write,event,516,font_m,,{main_he} {other_him},yes,{main_he} participates in the unsuccessful attempt to capture and sacrifice {other_him}.,
6328,journal,s_journal_write,event,516,font_m,,{main_he} {other_him},yes,{main_he} is part of the failed effort to seize and sacrifice {other_him}.,
6329,journal,s_journal_write,event,516,font_m,,{main_he} {other_him},yes,{main_he} takes part in the failed attempt to apprehend and sacrifice {other_him}.,
6330,journal,s_journal_write,event,516,font_m,,{main_he} {other_him},yes,{main_he} is involved in the unavailing attempt to capture and sacrifice {other_him}.,
6331,journal,s_journal_write,event,516,font_m,,{main_he} {other_him},yes,{main_he} engages in the failed plan to capture and sacrifice {other_him}.,
6332,journal,s_journal_write,event,516,font_m,,{main_he} {other_him},yes,{main_he} takes part in the ritual sacrifice of {other_him}.,
6333,journal,s_journal_write,event,516,font_m,,{main_he} {other_him},yes,{main_he} contributes to the act of hunting and sacrificing {other_him}.,
6334,journal,s_journal_write,event,516,font_m,,{main_he} {other_him},yes,{main_he} assists in the capture and sacrifice of {other_him}.,
6335,journal,s_journal_write,event,516,font_m,,{main_he} {other_his},yes,{main_he} is part of the group carrying out {other_his} sacrifice.,
6336,journal,s_journal_write,event,516,font_m,,{main_he} {other_him},yes,{main_he} engages in the ceremony to sacrifice {other_him}.,
6337,journal,s_journal_write,event,516,font_m,,{main_he} {other_his},yes,{main_he} is present at {other_his} reward ceremony.,
6338,journal,s_journal_write,event,516,font_m,,{main_he} {other_he} {other_his},yes,{main_he} is at the ceremony where {other_he} receives {other_his} artefact.,
6339,journal,s_journal_write,event,516,font_m,,{main_he} {other_he},yes,{main_he} witnesses the ceremony in which {other_he} is honored with an artefact.,
6340,journal,s_journal_write,event,516,font_m,,{main_he} {other_him},yes,{main_he} takes part in the reward ceremony honoring {other_him} with an artefact.,
6341,journal,s_journal_write,event,516,font_m,,{main_he} {other_him},yes,{main_he} participates in the ceremony awarding {other_him} with an artefact.,
6346,journal,s_journal_write,event,516,font_m,,,yes,successfully being nice to,
6349,journal,s_journal_write,event,516,font_m,,,yes,failing to be nice to,
6350,journal,s_journal_write,event,516,font_m,,,yes,successfully complimenting,
6351,journal,s_journal_write,event,516,font_m,,,yes,failing to compliment,
6354,journal,s_journal_write,event,516,font_m,,,yes,successfully befriending,
6356,journal,s_journal_write,event,516,font_m,,,yes,successfully flirting with,
6357,journal,s_journal_write,event,516,font_m,,,yes,failing to flirt with,
6358,journal,s_journal_write,event,516,font_m,,,yes,successfully getting intimate with,
6359,journal,s_journal_write,event,516,font_m,,,yes,failing to get intimate with,
6360,journal,s_journal_write,event,516,font_m,,,yes,successfully proposing to,
6362,journal,s_journal_write,event,516,font_m,,,yes,successfully insulting,
6364,journal,s_journal_write,event,516,font_m,,,yes,successfully threatening,
6366,journal,s_journal_write,event,516,font_m,,,yes,successfully beating up,
6385,journal,s_journal_write,event,516,font_m,yes,{main_he} {other_him},yes,{main_he} is affected by {other_him} triggering the spell ',
6389,journal,s_journal_write,event,516,font_m,,,yes,<bug s_journal_write affected_by_spell spe>,
6390,journal,s_journal_write,event,516,font_m,,,yes,<bug s_journal_write affected_by_spell oth>,
6398,journal,s_journal_write,event,516,font_m,yes,{main_he} {other_him},yes,{main_he} is influenced by {other_him} (,
6400,journal,s_journal_write,event,516,font_m,yes,{third_him},yes, towards {third_him}.,
6401,journal,s_journal_write,event,516,font_m,,,yes,<bug s_journal_write affected_by_reputation>,
6404,journal,s_journal_write,event,516,font_m,,,no,be nice,
6405,journal,s_journal_write,event,516,font_m,yes,,no,be intimate,
6406,journal,s_journal_write,event,516,font_m,yes,,yes,You mark the household ',
6410,journal,s_journal_write,event,516,font_m,yes,,yes,<bug s_journal_write self_mark sig>,
6411,journal,s_journal_write,event,516,font_m,yes,,yes,<bug s_journal_write self_mark hou>,
6414,journal,s_journal_write,event,516,font_m,yes,,yes,<bug s_journal_write self_cast_spell>,
6415,journal,s_journal_write,event,516,font_m,yes,,no,You break the spell ',
6417,journal,s_journal_write,event,516,font_m,yes,,yes,<bug s_journal_write self_break_spell>,
6426,journal,s_journal_write,event,516,font_m,,,yes,you stop wearing a hat,
6429,journal,s_journal_write,event,516,font_m,,,yes,you stop wearing a monocle,
6430,journal,s_journal_write,event,516,font_m,,,yes,", stop wearing a monocle",
6431,journal,s_journal_write,event,516,font_m,,,yes,you stop wearing glasses,
6432,journal,s_journal_write,event,516,font_m,,,yes,", stop wearing glasses",
6433,journal,s_journal_write,event,516,font_m,,,yes,you get a new monocle,
6435,journal,s_journal_write,event,516,font_m,,,yes,you get a new pair of glasses,
6436,journal,s_journal_write,event,516,font_m,,,yes,", get a new pair of glasses",
6438,journal,s_journal_write,event,516,font_m,,,yes,you change your hairstyle,
6439,journal,s_journal_write,event,516,font_m,,,yes,", change your hairstyle",
6446,journal,s_journal_write,event,516,font_m,,,yes,you change your beard style,
6447,journal,s_journal_write,event,516,font_m,,,yes,", change your beard style",
6449,journal,s_journal_write,event,516,font_m,,,yes,you change your hat color,
6450,journal,s_journal_write,event,516,font_m,yes,,yes,", change your hat color",
6454,journal,s_journal_write,event,516,font_m,yes,,yes,You create the spell ',
6456,journal,s_journal_write,event,516,font_m,yes,,no,<bug s_journal_write self_create_spell>,
6457,journal,s_journal_write,event,516,font_m,yes,,yes,You rename the spell ',
6460,journal,s_journal_write,event,516,font_m,yes,{main_his},yes,You rename {main_his} spell ',
6461,journal,s_journal_write,event,516,font_m,yes,,yes,You erase the spell ',
6462,journal,s_journal_write,event,516,font_m,yes,{main_his},yes,Erasing {main_his} spell ',
6463,journal,s_journal_write,event,516,font_m,yes,,yes,' from your spell book causes it to break.,
6464,journal,s_journal_write,event,516,font_m,yes,,yes,You build a new household.,
6465,journal,s_journal_write,event,516,font_m,yes,,yes,You destroy a vacant building.,
6466,journal,s_journal_write,event,516,font_m,,,yes,"You had a terrifying vision, but now you feel rejuvenated.",
6471,journal,s_journal_write,event,516,font_m,,{main_he} {other_him},yes,{main_he} cuddles up with {other_him}.,
6472,journal,s_journal_write,event,516,font_m,,{main_he} {other_him},yes,{main_he} cuddle up with {other_him}.,
6473,journal,s_journal_write,event,516,font_m,,{main_he} {other_him},yes,"{main_he} cuddles {other_him}, holding {other_him} tightly.",
6474,journal,s_journal_write,event,516,font_m,,{main_he} {other_him},yes,"{main_he} cuddle {other_him}, holding {other_him} tightly.",
6475,journal,s_journal_write,event,516,font_m,,{main_he} {other_him},yes,{main_he} envelops {other_him} in a loving hug.,
6476,journal,s_journal_write,event,516,font_m,,{main_he} {other_him},yes,{main_he} envelop {other_him} in a loving hug.,
6477,journal,s_journal_write,event,516,font_m,,{main_he} {other_him},yes,"{main_he} presses {other_him} to the chest, offering a tender hug.",
6478,journal,s_journal_write,event,516,font_m,,{main_he} {other_him},yes,"{main_he} press {other_him} to the chest, offering a tender hug.",
6479,journal,s_journal_write,event,516,font_m,,{main_he} {main_his} {other_him},no,{main_he} wraps {main_his} arms around {other_him} in a warm embrace.,
6480,journal,s_journal_write,event,516,font_m,,{main_he} {other_he} {other_him},yes,"{main_he} tries to hug {other_him}, but {other_he} wriggles free.",
6481,journal,s_journal_write,event,516,font_m,,{main_he} {other_he} {other_him},yes,"{main_he} try to hug {other_him}, but {other_he} wriggles free.",
6482,journal,s_journal_write,event,516,font_m,,{main_he} {other_he} {other_him},yes,"{main_he} reaches for {other_him} to give {other_him} a hug, but {other_he} darts away.",
6483,journal,s_journal_write,event,516,font_m,,{main_he} {other_he} {other_him},yes,"{main_he} reach for {other_him} to give {other_him} a hug, but {other_he} darts away.",
6484,journal,s_journal_write,event,516,font_m,,{main_he} {other_he} {other_him},yes,"{main_he} moves in to hug {other_him}, but {other_he} squirms and escapes.",
6485,journal,s_journal_write,event,516,font_m,,{main_he} {other_he} {other_him},yes,"{main_he} move in to hug {other_him}, but {other_he} squirms and escapes.",
6486,journal,s_journal_write,event,516,font_m,,{main_he} {main_his} {other_he} {other_him},yes,"{main_he} tries to wrap {main_his} arms around {other_him}, but {other_he} struggles and breaks free.",
6487,journal,s_journal_write,event,516,font_m,,{main_he} {main_his} {other_he} {other_him},yes,"{main_he} try to wrap {main_his} arms around {other_him}, but {other_he} struggles and breaks free.",
6488,journal,s_journal_write,event,516,font_m,,{main_he} {main_his} {other_he},yes,"{main_he} goes for a hug, but {other_he} slips through {main_his} fingers and runs away.",
6489,journal,s_journal_write,event,516,font_m,,{main_he} {other_he},yes,"{main_he} go for a hug, but {other_he} slips through your fingers and runs away.",
6490,journal,s_journal_write,event,516,font_m,,{main_he} {other_him},yes,{main_he} gives {other_him} a good scratch behind the ears.,
6491,journal,s_journal_write,event,516,font_m,,{main_he} {other_him},yes,{main_he} give {other_him} a good scratch behind the ears.,
6492,journal,s_journal_write,event,516,font_m,,{main_he} {other_his},yes,{main_he} strokes {other_his} soft fur.,
6493,journal,s_journal_write,event,516,font_m,,{main_he} {other_his},yes,{main_he} stroke {other_his} soft fur.,
6494,journal,s_journal_write,event,516,font_m,,{main_he} {other_him},yes,{main_he} reaches out and pets {other_him}.,
6495,journal,s_journal_write,event,516,font_m,,{main_he} {other_him},yes,{main_he} reach out and pet {other_him}.,
6496,journal,s_journal_write,event,516,font_m,,{main_he} {main_his} {other_his},yes,{main_he} runs {main_his} fingers through {other_his} coat.,
6497,journal,s_journal_write,event,516,font_m,,{main_he} {main_his} {other_his},yes,{main_he} run {main_his} fingers through {other_his} coat.,
6498,journal,s_journal_write,event,516,font_m,,{main_he} {other_him},yes,{main_he} gives {other_him} some affectionate pats.,
6499,journal,s_journal_write,event,516,font_m,,{main_he} {other_him},yes,{main_he} give {other_him} some affectionate pats.,
6500,journal,s_journal_write,event,516,font_m,,{main_he} {other_he} {other_him},yes,"{main_he} tries to pet {other_him}, but {other_he} quickly skittered away.",
6501,journal,s_journal_write,event,516,font_m,,{main_he} {other_he} {other_him},yes,"{main_he} try to pet {other_him}, but {other_he} quickly skitters away.",
6502,journal,s_journal_write,event,516,font_m,,{main_he} {other_him},yes,"{main_he} reaches out to pet {other_him}, only for {other_him} to dart out of reach.",
6503,journal,s_journal_write,event,516,font_m,,{main_he} {other_him},yes,"{main_he} reach out to pet {other_him}, only for {other_him} to dart out of reach.",
6504,journal,s_journal_write,event,516,font_m,,{main_he} {main_his} {other_he} {other_him},yes,"{main_he} moves to pet {other_him}, but {other_he} evades {main_his} touch and hides.",
6505,journal,s_journal_write,event,516,font_m,,{main_he} {main_his} {other_he} {other_him},yes,"{main_he} move to pet {other_him}, but {other_he} evades {main_his} touch and hides.",
6506,journal,s_journal_write,event,516,font_m,,{main_his} {other_he} {other_him},yes,{main_his} attempts to caress {other_him} ends in failure as {other_he} wriggles free.,
6507,journal,s_journal_write,event,516,font_m,,{main_he} {other_he} {other_him},yes,{main_he} attempt to caress {other_him} ends in failure as {other_he} wriggles free.,
6508,journal,s_journal_write,event,516,font_m,,{main_he} {other_he} {other_him},no,"{main_he} is going to give {other_him} a gentle pat, but {other_he} scurries away.",
6509,journal,s_journal_write,event,516,font_m,,{main_he} {other_he} {other_him},yes,"{main_he} are going to give {other_him} a gentle pat, but {other_he} scurries away.",
6510,journal,s_journal_write,event,516,font_m,,{main_he} {other_he} {other_him},yes,{main_he} insults {other_him}. {other_he} lets out a sharp hiss.,
6511,journal,s_journal_write,event,516,font_m,,{main_he} {other_he} {other_him},yes,{main_he} insult {other_him}. {other_he} lets out a sharp hiss.,
6512,journal,s_journal_write,event,516,font_m,,{main_he} {other_he} {other_him},yes,{main_he} insults {other_him}. {other_he} emits a low growl.,
6513,journal,s_journal_write,event,516,font_m,,{main_he} {other_he} {other_him},yes,{main_he} insult {other_him}. {other_he} emits a low growl.,
6514,journal,s_journal_write,event,516,font_m,,{main_he} {other_he} {other_him} {other_his},yes,{main_he} insults {other_him}. {other_he} flicks {other_his} tail rapidly.,
6515,journal,s_journal_write,event,516,font_m,,{main_he} {other_he} {other_him} {other_his},yes,{main_he} insult {other_him}. {other_he} flicks {other_his} tail rapidly.,
6516,journal,s_journal_write,event,516,font_m,,{main_he} {other_he} {other_him} {other_his},yes,{main_he} insults {other_him}. {other_he} swats at you with {other_his} paw.,
6517,journal,s_journal_write,event,516,font_m,,{main_he} {other_he} {other_him} {other_his},yes,{main_he} insult {other_him}. {other_he} swats at you with {other_his} paw.,
6518,journal,s_journal_write,event,516,font_m,,{main_he} {other_he} {other_him} {other_his},yes,{main_he} insults {other_him}. {other_he} flattens {other_his} ears against {other_his} head.,
6519,journal,s_journal_write,event,516,font_m,,{main_he} {other_he} {other_him} {other_his},yes,{main_he} insult {other_him}. {other_he} flattens {other_his} ears against {other_his} head.,
6520,journal,s_journal_write,event,516,font_m,,{main_he} {other_he} {other_him},yes,{main_he} threatens {other_him}. {other_he} lets out a sharp hiss.,
6521,journal,s_journal_write,event,516,font_m,,{main_he} {other_he} {other_him},yes,{main_he} threaten {other_him}. {other_he} lets out a sharp hiss.,
6522,journal,s_journal_write,event,516,font_m,,{main_he} {other_he} {other_him},yes,{main_he} threatens {other_him}. {other_he} emits a low growl.,
6523,journal,s_journal_write,event,516,font_m,,{main_he} {other_he} {other_him},yes,{main_he} threaten {other_him}. {other_he} emits a low growl.,
6524,journal,s_journal_write,event,516,font_m,,{main_he} {other_he} {other_him} {other_his},yes,{main_he} threatens {other_him}. {other_he} flicks {other_his} tail rapidly.,
6525,journal,s_journal_write,event,516,font_m,,{main_he} {other_he} {other_him} {other_his},yes,{main_he} threaten {other_him}. {other_he} flicks {other_his} tail rapidly.,
6526,journal,s_journal_write,event,516,font_m,,{main_he} {other_he} {other_him} {other_his},yes,{main_he} threatens {other_him}. {other_he} swats at you with {other_his} paw.,
6527,journal,s_journal_write,event,516,font_m,,{main_he} {other_he} {other_him} {other_his},yes,{main_he} threaten {other_him}. {other_he} swats at you with {other_his} paw.,
6528,journal,s_journal_write,event,516,font_m,,{main_he} {other_he} {other_him} {other_his},yes,{main_he} threatens {other_him}. {other_he} flattens {other_his} ears against {other_his} head.,
6529,journal,s_journal_write,event,516,font_m,,{main_he} {other_he} {other_him} {other_his},yes,{main_he} threaten {other_him}. {other_he} flattens {other_his} ears against {other_his} head.,
6530,journal,s_journal_write,event,516,font_m,,{main_him} {other_he},yes, {other_he} clearly has a special connection with {main_him}.,
6531,journal,s_journal_write,event,516,font_m,,{main_him} {other_he},yes, It's evident that {other_he} feels a strong bond with {main_him}.,
6532,journal,s_journal_write,event,516,font_m,yes,{main_he} {main_him} {other_he},yes, {main_he} can see how much {other_he} adores {main_him}.,
6533,journal,s_journal_write,event,516,font_m,yes,{main_his} {other_he},yes, It's obvious that {other_he} enjoys {main_his} company.,
6534,journal,s_journal_write,event,516,font_m,yes,{main_him} {other_he},yes, {other_he} shows a real affection for {main_him}.,
6535,journal,s_journal_write,event,516,font_m,yes,{main_him} {other_he},yes, {other_he} appears to trust {main_him} completely.,
6536,journal,s_journal_write,event,516,font_m,yes,{main_him} {other_him},yes, There's a deep connection between {main_him} and {other_him}.,
6537,journal,s_journal_write,event,516,font_m,yes,{main_him} {other_he} {other_his},yes, {other_his} behavior shows just how attached {other_he} is to {main_him}.,
6540,journal,s_journal_write,event,516,font_m,yes,{main_he},yes,{main_he} complains about having nothing alcoholic to drink.,
6541,journal,s_journal_write,event,516,font_m,yes,{main_he},yes,{main_he} experiences distress from not having any alcohol.,
6542,journal,s_journal_write,event,516,font_m,yes,{main_he},yes,{main_he} struggles because he has no alcoholic beverages.,
6543,journal,s_journal_write,event,516,font_m,yes,{main_he},yes,{main_he} expresses disappointment over having no alcohol.,
6544,journal,s_journal_write,event,516,font_m,yes,{main_he},yes,{main_he} mourns the shortage of alcoholic beverages.,
6545,journal,s_journal_write,event,516,font_m,yes,{main_he},no,{main_he} is unhappy about having no alcoholic drinks on hand.,
6546,journal,s_journal_write,event,516,font_m,yes,{main_he},no,{main_he} is feeling the effects of not having any alcohol.,
6547,journal,s_journal_write,event,516,font_m,yes,{main_he},no,{main_he} is feeling deprived due to the absence of alcohol.,
6554,journal,s_journal_write,event,516,font_m,yes,,yes,' ensures the success of the interaction.,
6556,journal,s_journal_write,event,516,font_m,yes,,yes,' artefact guarantees the outcome of the interaction.,
6557,journal,s_journal_write,event,516,font_m,yes,,yes, Success in the interaction is assured by the ',
6559,journal,s_journal_write,event,516,font_m,yes,,yes, The interaction is assured to succeed by the ',
6560,journal,s_journal_write,event,516,font_m,yes,,yes,' artefact makes the success of the interaction a certainty.,
6561,journal,s_journal_write,event,516,font_m,yes,,yes, This interaction activated the spell ',
6562,journal,s_journal_write,event,516,font_m,yes,,yes, This interaction caused the ',
6563,journal,s_journal_write,event,516,font_m,yes,,yes,' spell to come into effect.,
6564,journal,s_journal_write,event,516,font_m,yes,,yes, This interaction initiated the activation of the ',
6567,journal,s_journal_write,event,516,font_m,yes,,yes,' became active due to this interaction.,
6568,journal,s_journal_write,event,516,font_m,yes,,yes, This interaction brought the ',
6571,journal,s_journal_write,event,516,font_m,,{main_he},yes, {main_he} becomes pregnant.,
6572,journal,s_journal_write,event,516,font_m,,{main_he},yes, {main_he} is with child.,
6573,journal,s_journal_write,event,516,font_m,,{main_he},yes, {main_he} is pregnant.,
6574,journal,s_journal_write,event,516,font_m,,{main_he},yes, {main_he} is going to have a baby.,
6575,journal,s_journal_write,event,516,font_m,,{main_he},yes, {main_he} is expecting a baby.,
6576,journal,s_journal_write,event,516,font_m,,{other_he},yes, {other_he} becomes pregnant.,
6577,journal,s_journal_write,event,516,font_m,,{other_he},yes, {other_he} is with child.,
6578,journal,s_journal_write,event,516,font_m,,{other_he},yes, {other_he} is pregnant.,
6579,journal,s_journal_write,event,516,font_m,,{other_he},yes, {other_he} is going to have a baby.,
6580,journal,s_journal_write,event,516,font_m,,{other_he},yes, {other_he} is expecting a baby.,
6581,journal,s_journal_write,event,516,font_m,,{main_he},yes, {main_he} become pregnant.,
6582,journal,s_journal_write,event,516,font_m,,{main_he},yes, {main_he} are with child.,
6583,journal,s_journal_write,event,516,font_m,,{main_he},yes, {main_he} are pregnant.,
6584,journal,s_journal_write,event,516,font_m,,{main_he},yes, {main_he} are going to have a baby.,
6585,journal,s_journal_write,event,516,font_m,,{main_he},yes, {main_he} are expecting a baby.,
6586,journal,s_journal_write,event,516,font_m,,{other_he},yes, {other_he} become pregnant.,
6587,journal,s_journal_write,event,516,font_m,,{other_he},yes, {other_he} are with child.,
6588,journal,s_journal_write,event,516,font_m,,{other_he},yes, {other_he} are pregnant.,
6589,journal,s_journal_write,event,516,font_m,,{other_he},yes, {other_he} are going to have a baby.,
6590,journal,s_journal_write,event,516,font_m,,{other_he},yes, {other_he} are expecting a baby.,
6594,journal,s_journal_write,event,516,font_m,yes,,no, [Faith ,
6595,journal,s_journal_write,event,516,font_m,yes,,no, [Despair ,
6604,journal,s_journal_write,event,516,font_m,,{main_he} {other_he},yes, {main_he} thinks {other_he} looks very unusual.,
6605,journal,s_journal_write,event,516,font_m,,{main_he} {other_his},yes, {main_he} finds {other_his} appearance to be unsettling.,
6606,journal,s_journal_write,event,516,font_m,,{main_he} {other_his},yes, {main_he} notices that {other_his} look is peculiar.,
6607,journal,s_journal_write,event,516,font_m,,{main_he} {other_he},yes, {main_he} is unsettled by how strange {other_he} appears.,
6608,journal,s_journal_write,event,516,font_m,,{main_he} {other_he},yes, {main_he} feels that {other_he} looks odd.,
7689,journal,s_journal_write_actions,event,516,font_m,,{main_he} {other_him},yes,{main_he} extends a friendly gesture to {other_him},
7690,journal,s_journal_write_actions,event,516,font_m,,{main_he} {other_him},yes,{main_he} extend a friendly gesture to {other_him},
7691,journal,s_journal_write_actions,event,516,font_m,,{main_he} {other_him},yes,{main_he} is considerate and nice to {other_him},
7692,journal,s_journal_write_actions,event,516,font_m,,{main_he} {other_him},yes,{main_he} are considerate and nice to {other_him},
7693,journal,s_journal_write_actions,event,516,font_m,,{main_he} {other_him},yes,{main_he} is nice to {other_him},
7694,journal,s_journal_write_actions,event,516,font_m,,{main_he} {other_him},yes,{main_he} are nice to {other_him},
7695,journal,s_journal_write_actions,event,516,font_m,,{main_he} {other_him},yes,{main_he} is kind to {other_him},
7696,journal,s_journal_write_actions,event,516,font_m,,{main_he} {other_him},yes,{main_he} are kind to {other_him},
7697,journal,s_journal_write_actions,event,516,font_m,,{main_he} {other_him},yes,{main_he} is amiable toward {other_him},
7698,journal,s_journal_write_actions,event,516,font_m,,{main_he} {other_him},yes,{main_he} are amiable toward {other_him},
7699,journal,s_journal_write_actions,event,516,font_m,,{main_he} {other_him},yes,{main_he} attempts to be kind to {other_him},
7700,journal,s_journal_write_actions,event,516,font_m,,{main_he} {other_him},yes,{main_he} attempt to be kind to {other_him},
7701,journal,s_journal_write_actions,event,516,font_m,,{main_he} {other_him},yes,{main_he} tries to be nice to {other_him},
7702,journal,s_journal_write_actions,event,516,font_m,,{main_he} {other_him},yes,{main_he} try to be nice to {other_him},
7703,journal,s_journal_write_actions,event,516,font_m,,{main_he} {other_him},yes,{main_he} makes an effort to act kindly toward {other_him},
7704,journal,s_journal_write_actions,event,516,font_m,,{main_he} {other_him},yes,{main_he} make an effort to act kindly toward {other_him},
7705,journal,s_journal_write_actions,event,516,font_m,,{main_he} {other_him},yes,{main_he} seeks to make a gesture of goodwill toward {other_him},
7706,journal,s_journal_write_actions,event,516,font_m,,{main_he} {other_him},yes,{main_he} seek to make a gesture of goodwill toward {other_him},
7707,journal,s_journal_write_actions,event,516,font_m,,{main_he} {other_him},yes,{main_he} aims to make a positive impression on {other_him},
7708,journal,s_journal_write_actions,event,516,font_m,,{main_he} {other_him},yes,{main_he} aim to make a positive impression on {other_him},
7709,journal,s_journal_write_actions,event,516,font_m,,{main_his},no,", but {main_his} words fall flat",
7711,journal,s_journal_write_actions,event,516,font_m,yes,,no,", but it doesn't go well",
7712,journal,s_journal_write_actions,event,516,font_m,yes,,no,", but it comes out wrong",
7713,journal,s_journal_write_actions,event,516,font_m,yes,{main_he},no,", yet {main_he} doesn't succeed",
7714,journal,s_journal_write_actions,event,516,font_m,yes,{main_he},no,", yet {main_he} don't succeed",
7715,journal,s_journal_write_actions,event,516,font_m,,{main_he} {other_his},yes,{main_he} returns {other_his} warmth with equal kindness,
7716,journal,s_journal_write_actions,event,516,font_m,,{main_he} {other_his},yes,{main_he} return {other_his} warmth with equal kindness,
7717,journal,s_journal_write_actions,event,516,font_m,,{main_he} {other_his},yes,{main_he} mirrors {other_his} amiable behavior,
7718,journal,s_journal_write_actions,event,516,font_m,,{main_he} {other_his},yes,{main_he} mirror {other_his} amiable behavior,
7719,journal,s_journal_write_actions,event,516,font_m,,{main_he} {main_his} {other_his},yes,{main_he} acknowledges {other_his} friendliness with {main_his} own,
7720,journal,s_journal_write_actions,event,516,font_m,,{main_he} {main_his} {other_his},yes,{main_he} acknowledge {other_his} friendliness with {main_his} own,
7721,journal,s_journal_write_actions,event,516,font_m,,{main_he} {other_his},yes,{main_he} meets {other_his} friendliness with a warm response,
7722,journal,s_journal_write_actions,event,516,font_m,,{main_he} {other_his},yes,{main_he} meet {other_his} friendliness with a warm response,
7723,journal,s_journal_write_actions,event,516,font_m,,{main_he} {other_his},yes,{main_he} matches {other_his} nice gesture with a friendly response,
7724,journal,s_journal_write_actions,event,516,font_m,,{main_he} {other_his},yes,{main_he} match {other_his} nice gesture with a friendly response,
7725,journal,s_journal_write_actions,event,516,font_m,,{main_he} {other_his},yes,{main_he} turns down {other_his} attempts at kindness,
7726,journal,s_journal_write_actions,event,516,font_m,,{main_he} {other_his},yes,{main_he} turn down {other_his} attempts at kindness,
7727,journal,s_journal_write_actions,event,516,font_m,,{main_he} {other_his},yes,{main_he} dismisses {other_his} gestures of friendliness,
7728,journal,s_journal_write_actions,event,516,font_m,,{main_he} {other_his},yes,{main_he} dismiss {other_his} gestures of friendliness,
7729,journal,s_journal_write_actions,event,516,font_m,,{main_he} {other_his},yes,{main_he} declines {other_his} attempts to be friendly,
7730,journal,s_journal_write_actions,event,516,font_m,,{main_he} {other_his},yes,{main_he} decline {other_his} attempts to be friendly,
7731,journal,s_journal_write_actions,event,516,font_m,,{main_he} {other_his},yes,{main_he} pushes away {other_his} friendly advances,
7732,journal,s_journal_write_actions,event,516,font_m,,{main_he} {other_his},yes,{main_he} push away {other_his} friendly advances,
7733,journal,s_journal_write_actions,event,516,font_m,,{main_he} {main_him} {other_his},yes,{main_he} rejects {other_his} efforts to be nice to {main_him},
7734,journal,s_journal_write_actions,event,516,font_m,,{main_he} {main_him} {other_his},yes,{main_he} reject {other_his} efforts to be nice to {main_him},
7735,journal,s_journal_write_actions,event,516,font_m,,{main_he} {other_him},yes,{main_he} gives {other_him} a compliment,
7736,journal,s_journal_write_actions,event,516,font_m,,{main_he} {other_him},yes,{main_he} give {other_him} a compliment,
7737,journal,s_journal_write_actions,event,516,font_m,,{main_he} {other_him},yes,{main_he} compliments {other_him},
7738,journal,s_journal_write_actions,event,516,font_m,,{main_he} {other_him},yes,{main_he} compliment {other_him},
7739,journal,s_journal_write_actions,event,516,font_m,,{main_he} {main_his} {other_him},yes,{main_he} expresses {main_his} admiration to {other_him},
7740,journal,s_journal_write_actions,event,516,font_m,,{main_he} {main_his} {other_him},yes,{main_he} express {main_his} admiration to {other_him},
7741,journal,s_journal_write_actions,event,516,font_m,,{main_he} {main_his} {other_him},yes,{main_he} conveys {main_his} appreciation to {other_him},
7742,journal,s_journal_write_actions,event,516,font_m,,{main_he} {main_his} {other_him},yes,{main_he} convey {main_his} appreciation to {other_him},
7743,journal,s_journal_write_actions,event,516,font_m,,{main_he} {other_him},yes,{main_he} delivers a flattering remark to {other_him},
7744,journal,s_journal_write_actions,event,516,font_m,,{main_he} {other_him},yes,{main_he} deliver a flattering remark to {other_him},
7745,journal,s_journal_write_actions,event,516,font_m,,{main_he} {other_him},yes,{main_he} attempts to compliment {other_him},
7746,journal,s_journal_write_actions,event,516,font_m,,{main_he} {other_him},yes,{main_he} attempt to compliment {other_him},
7747,journal,s_journal_write_actions,event,516,font_m,,{main_he} {other_him},yes,{main_he} tries to compliment {other_him},
7748,journal,s_journal_write_actions,event,516,font_m,,{main_he} {other_him},yes,{main_he} try to compliment {other_him},
7749,journal,s_journal_write_actions,event,516,font_m,,{main_he} {other_him},yes,{main_he} makes an effort to flatter {other_him},
7750,journal,s_journal_write_actions,event,516,font_m,,{main_he} {other_him},yes,{main_he} make an effort to flatter {other_him},
7751,journal,s_journal_write_actions,event,516,font_m,,{main_he} {other_him},yes,{main_he} seeks to compliment {other_him},
7752,journal,s_journal_write_actions,event,516,font_m,,{main_he} {other_him},yes,{main_he} seek to compliment {other_him},
7753,journal,s_journal_write_actions,event,516,font_m,,{main_he} {other_him},yes,{main_he} aims to flatter {other_him},
7754,journal,s_journal_write_actions,event,516,font_m,,{main_he} {other_him},yes,{main_he} aim to flatter {other_him},
7755,journal,s_journal_write_actions,event,516,font_m,yes,{main_he},no,", but {main_he} misses the mark",
7756,journal,s_journal_write_actions,event,516,font_m,yes,{main_he},no,", but {main_he} miss the mark",
7757,journal,s_journal_write_actions,event,516,font_m,,{main_he} {other_his},yes,{main_he} reacts with pleasure to {other_his} compliment,
7758,journal,s_journal_write_actions,event,516,font_m,,{main_he} {other_his},yes,{main_he} react with pleasure to {other_his} compliment,
7759,journal,s_journal_write_actions,event,516,font_m,,{main_he} {other_his},yes,{main_he} acknowledges {other_his} compliment with enthusiasm,
7760,journal,s_journal_write_actions,event,516,font_m,,{main_he} {other_his},yes,{main_he} acknowledge {other_his} compliment with enthusiasm,
7761,journal,s_journal_write_actions,event,516,font_m,,{main_he} {other_his},yes,{main_he} happily accepts {other_his} flattering remark,
7762,journal,s_journal_write_actions,event,516,font_m,,{main_he} {other_his},yes,{main_he} happily accept {other_his} flattering remark,
7763,journal,s_journal_write_actions,event,516,font_m,,{main_he} {other_him},yes,{main_he} responds favourably to the praise from {other_him},
7764,journal,s_journal_write_actions,event,516,font_m,,{main_he} {other_him},yes,{main_he} respond favourably to the praise from {other_him},
7765,journal,s_journal_write_actions,event,516,font_m,,{main_he} {other_his},yes,{main_he} is pleased by {other_his} compliment,
7766,journal,s_journal_write_actions,event,516,font_m,,{main_he} {other_his},yes,{main_he} are pleased by {other_his} compliment,
7767,journal,s_journal_write_actions,event,516,font_m,,{main_he} {other_his},yes,{main_he} responds poorly to {other_his} compliment,
7768,journal,s_journal_write_actions,event,516,font_m,,{main_he} {other_his},yes,{main_he} respond poorly to {other_his} compliment,
7769,journal,s_journal_write_actions,event,516,font_m,,{main_he} {other_his},yes,{main_he} dismisses {other_his} compliment,
7770,journal,s_journal_write_actions,event,516,font_m,,{main_he} {other_his},yes,{main_he} dismiss {other_his} compliment,
7771,journal,s_journal_write_actions,event,516,font_m,,{main_he} {other_his},yes,{main_he} is annoyed by {other_his} compliment,
7772,journal,s_journal_write_actions,event,516,font_m,,{main_he} {other_his},yes,{main_he} iares annoyed by {other_his} compliment,
7773,journal,s_journal_write_actions,event,516,font_m,,{main_his} {other_his},yes,{main_his} reaction to {other_his} compliment is one of displeasure,
7774,journal,s_journal_write_actions,event,516,font_m,,{main_he} {other_his},yes,{main_he} feels uneasy about {other_his} compliment,
7775,journal,s_journal_write_actions,event,516,font_m,,{main_he} {other_his},yes,{main_he} feel uneasy about {other_his} compliment,
7776,journal,s_journal_write_actions,event,516,font_m,,{main_he} {other_him},yes,{main_he} pulls {other_him} into a hug,
7777,journal,s_journal_write_actions,event,516,font_m,,{main_he} {other_him},yes,{main_he} pull {other_him} into a hug,
7778,journal,s_journal_write_actions,event,516,font_m,,{main_he} {other_him},yes,{main_he} embraces {other_him} with a hug,
7779,journal,s_journal_write_actions,event,516,font_m,,{main_he} {other_him},yes,{main_he} embrace {other_him} with a hug,
7780,journal,s_journal_write_actions,event,516,font_m,,{main_he} {other_him},yes,{main_he} gives {other_him} a hug,
7781,journal,s_journal_write_actions,event,516,font_m,,{main_he} {other_him},yes,{main_he} give {other_him} a hug,
7782,journal,s_journal_write_actions,event,516,font_m,,{main_he} {other_him},yes,{main_he} shares a hug with {other_him},
7783,journal,s_journal_write_actions,event,516,font_m,,{main_he} {other_him},yes,{main_he} share a hug with {other_him},
7784,journal,s_journal_write_actions,event,516,font_m,,{main_he} {other_him},yes,{main_he} hugs {other_him},
7785,journal,s_journal_write_actions,event,516,font_m,,{main_he} {other_him},yes,{main_he} hug {other_him},
7786,journal,s_journal_write_actions,event,516,font_m,,{main_he} {other_him},yes,{main_he} attempts to hug {other_him},
7787,journal,s_journal_write_actions,event,516,font_m,,{main_he} {other_him},yes,{main_he} attempt to hug {other_him},
7788,journal,s_journal_write_actions,event,516,font_m,,{main_he} {other_him},yes,{main_he} tries to hug {other_him},
7789,journal,s_journal_write_actions,event,516,font_m,,{main_he} {other_him},yes,{main_he} try to hug {other_him},
7790,journal,s_journal_write_actions,event,516,font_m,,{main_he} {other_him},yes,{main_he} makes an effort to hug {other_him},
7791,journal,s_journal_write_actions,event,516,font_m,,{main_he} {other_him},yes,{main_he} make an effort to hug {other_him},
7792,journal,s_journal_write_actions,event,516,font_m,,{main_he} {other_him},yes,{main_he} seeks to hug {other_him},
7793,journal,s_journal_write_actions,event,516,font_m,,{main_he} {other_him},yes,{main_he} seek to hug {other_him},
7794,journal,s_journal_write_actions,event,516,font_m,,{main_he} {other_him},yes,{main_he} aims to hug {other_him},
7795,journal,s_journal_write_actions,event,516,font_m,,{main_he} {other_him},yes,{main_he} aim to hug {other_him},
7796,journal,s_journal_write_actions,event,516,font_m,,,no,", but it doesn't go as planned",
7798,journal,s_journal_write_actions,event,516,font_m,yes,,yes,", but it ends up being awkward",
7799,journal,s_journal_write_actions,event,516,font_m,,{main_he} {other_his},yes,{main_he} responds warmly to {other_his} hug,
7800,journal,s_journal_write_actions,event,516,font_m,,{main_he} {other_his},yes,{main_he} respond warmly to {other_his} hug,
7801,journal,s_journal_write_actions,event,516,font_m,,{main_he} {other_his},yes,{main_he} returns {other_his} hug,
7802,journal,s_journal_write_actions,event,516,font_m,,{main_he} {other_his},yes,{main_he} return {other_his} hug,
7803,journal,s_journal_write_actions,event,516,font_m,,{main_he} {other_him},yes,{main_he} appreciates the affection and hugs {other_him} back,
7804,journal,s_journal_write_actions,event,516,font_m,,{main_he} {other_him},yes,{main_he} appreciate the affection and hug {other_him} back,
7805,journal,s_journal_write_actions,event,516,font_m,,{main_he} {other_him} {other_his},yes,{main_he} enjoys {other_his} hug and holds {other_him} close,
7806,journal,s_journal_write_actions,event,516,font_m,,{main_he} {other_him} {other_his},yes,{main_he} enjoy {other_his} hug and hold {other_him} close,
7807,journal,s_journal_write_actions,event,516,font_m,,{main_he} {other_his},yes,{main_he} welcomes {other_his} hug,
7808,journal,s_journal_write_actions,event,516,font_m,,{main_he} {other_his},yes,{main_he} welcome {other_his} hug,
7809,journal,s_journal_write_actions,event,516,font_m,,{main_he} {other_his},yes,{main_he} pulls away from {other_his} attempt at a hug,
7810,journal,s_journal_write_actions,event,516,font_m,,{main_he} {other_his},yes,{main_he} pull away from {other_his} attempt at a hug,
7811,journal,s_journal_write_actions,event,516,font_m,,{main_he} {other_his},yes,{main_he} awkwardly avoids {other_his} hug,
7812,journal,s_journal_write_actions,event,516,font_m,,{main_he} {other_his},yes,{main_he} avoid {other_his} hug,
7813,journal,s_journal_write_actions,event,516,font_m,,{main_he} {other_he},yes,{main_he} backs away as {other_he} reaches out for a hug,
7814,journal,s_journal_write_actions,event,516,font_m,,{main_he} {other_he},yes,{main_he} back away as {other_he} reaches out for a hug,
7815,journal,s_journal_write_actions,event,516,font_m,,{main_he} {other_his},yes,{main_he} rejects {other_his} hug,
7816,journal,s_journal_write_actions,event,516,font_m,,{main_he} {other_his},yes,{main_he} reject {other_his} hug,
7817,journal,s_journal_write_actions,event,516,font_m,,{main_he} {other_his},yes,{main_he} evades {other_his} hug,
7818,journal,s_journal_write_actions,event,516,font_m,,{main_he} {other_his},yes,{main_he} evade {other_his} hug,
7819,journal,s_journal_write_actions,event,516,font_m,,{main_he} {other_him},yes,{main_he} makes friends with {other_him},
7820,journal,s_journal_write_actions,event,516,font_m,,{main_he} {other_him},yes,{main_he} make friends with {other_him},
7821,journal,s_journal_write_actions,event,516,font_m,,{main_he} {other_him},no,{main_he} and {other_him} become friends,
7822,journal,s_journal_write_actions,event,516,font_m,,{main_he} {other_him},yes,{main_he} establishes a friendship with {other_him},
7823,journal,s_journal_write_actions,event,516,font_m,,{main_he} {other_him},yes,{main_he} establish a friendship with {other_him},
7824,journal,s_journal_write_actions,event,516,font_m,,{main_he} {other_him},no,{main_he} and {other_him} form a friendship,
7825,journal,s_journal_write_actions,event,516,font_m,,{main_he} {other_him},yes,{main_he} strikes up a friendship with {other_him},
7826,journal,s_journal_write_actions,event,516,font_m,,{main_he} {other_him},yes,{main_he} strike up a friendship with {other_him},
7827,journal,s_journal_write_actions,event,516,font_m,,{main_he} {other_him},yes,{main_he} attempts to befriend {other_him},
7828,journal,s_journal_write_actions,event,516,font_m,,{main_he} {other_him},yes,{main_he} attempt to befriend {other_him},
7829,journal,s_journal_write_actions,event,516,font_m,,{main_he} {other_him},yes,{main_he} tries to build a friendship with {other_him},
7830,journal,s_journal_write_actions,event,516,font_m,,{main_he} {other_him},yes,{main_he} try to build a friendship with {other_him},
7831,journal,s_journal_write_actions,event,516,font_m,,{main_he} {other_him},yes,{main_he} makes an effort to befriend {other_him},
7832,journal,s_journal_write_actions,event,516,font_m,,{main_he} {other_him},yes,{main_he} make an effort to befriend {other_him},
7833,journal,s_journal_write_actions,event,516,font_m,,{main_he} {other_him},yes,{main_he} seeks a friendship with {other_him},
7834,journal,s_journal_write_actions,event,516,font_m,,{main_he} {other_him},yes,{main_he} seek a friendship with {other_him},
7835,journal,s_journal_write_actions,event,516,font_m,,{main_he} {other_him},yes,{main_he} aims to establish a friendship with {other_him},
7836,journal,s_journal_write_actions,event,516,font_m,,{main_he} {other_him},yes,{main_he} aim to establish a friendship with {other_him},
7837,journal,s_journal_write_actions,event,516,font_m,,,no,", but it doesn't work out",
7838,journal,s_journal_write_actions,event,516,font_m,,{main_he},no,", but {main_he} fails",
7840,journal,s_journal_write_actions,event,516,font_m,,{main_he},no,", but {main_he} is unsuccessful",
7841,journal,s_journal_write_actions,event,516,font_m,,{main_he},no,", but {main_he} are unsuccessful",
7842,journal,s_journal_write_actions,event,516,font_m,yes,{main_he},yes,", but {main_he} is no able to",
7843,journal,s_journal_write_actions,event,516,font_m,yes,{main_he},no,", but {main_he} are not able to",
7844,journal,s_journal_write_actions,event,516,font_m,,{main_he} {other_his},yes,{main_he} embraces {other_his} attempt at forming a friendship,
7845,journal,s_journal_write_actions,event,516,font_m,,{main_he} {other_his},yes,{main_he} embrace {other_his} attempt at forming a friendship,
7846,journal,s_journal_write_actions,event,516,font_m,,{main_he} {other_his},yes,{main_he} welcomes {other_his} initiative to establish a friendship,
7847,journal,s_journal_write_actions,event,516,font_m,,{main_he} {other_his},yes,{main_he} welcome {other_his} initiative to establish a friendship,
7848,journal,s_journal_write_actions,event,516,font_m,,{main_he} {other_his},yes,{main_he} accepts {other_his} effort to build a friendship,
7849,journal,s_journal_write_actions,event,516,font_m,,{main_he} {other_his},yes,{main_he} accept {other_his} effort to build a friendship,
7850,journal,s_journal_write_actions,event,516,font_m,,{main_he} {other_him},yes,{main_he} willing to become friends with {other_him},
7851,journal,s_journal_write_actions,event,516,font_m,,{main_he} {other_him},yes,{main_he} are willing to become friends with {other_him},
7852,journal,s_journal_write_actions,event,516,font_m,,{main_he} {other_his},yes,{main_he} agrees to {other_his} proposal to be friends,
7853,journal,s_journal_write_actions,event,516,font_m,,{main_he} {other_his},yes,{main_he} agree to {other_his} proposal to be friends,
7854,journal,s_journal_write_actions,event,516,font_m,,{main_he} {other_his},yes,{main_he} declines {other_his} proposal to be friends,
7855,journal,s_journal_write_actions,event,516,font_m,,{main_he} {other_his},yes,{main_he} decline {other_his} proposal to be friends,
7856,journal,s_journal_write_actions,event,516,font_m,,{main_he} {other_his},yes,{main_he} rejects {other_his} suggestion to establish a friendship,
7857,journal,s_journal_write_actions,event,516,font_m,,{main_he} {other_his},yes,{main_he} reject {other_his} suggestion to establish a friendship,
7858,journal,s_journal_write_actions,event,516,font_m,,{main_he} {other_his},yes,{main_he} turns down {other_his} offer to become friends,
7859,journal,s_journal_write_actions,event,516,font_m,,{main_he} {other_his},yes,{main_he} turn down {other_his} offer to become friends,
7860,journal,s_journal_write_actions,event,516,font_m,,{main_he} {other_his},yes,{main_he} does not agree with {other_his} plan to build a friendship,
7861,journal,s_journal_write_actions,event,516,font_m,,{main_he} {other_his},yes,{main_he} do not agree with {other_his} plan to build a friendship,
7862,journal,s_journal_write_actions,event,516,font_m,,{main_he} {other_him},yes,{main_he} declines the idea of forming a friendship with {other_him},
7863,journal,s_journal_write_actions,event,516,font_m,,{main_he} {other_him},yes,{main_he} decline the idea of forming a friendship with {other_him},
7864,journal,s_journal_write_actions,event,516,font_m,,{main_he} {main_his} {other_him},yes,{main_he} wins {other_him} over with {main_his} flirting,
7865,journal,s_journal_write_actions,event,516,font_m,,{main_he} {main_his} {other_him},yes,{main_he} win {other_him} over with {main_his} flirting,
7866,journal,s_journal_write_actions,event,516,font_m,,{main_his} {other_him},yes,{main_his} flirtation with {other_him} is effective,
7867,journal,s_journal_write_actions,event,516,font_m,,{main_his} {other_him},yes,{main_his} flirting works well with {other_him},
7868,journal,s_journal_write_actions,event,516,font_m,,{main_he} {other_him},no,{main_he} uses flirtation to attract {other_him},
7869,journal,s_journal_write_actions,event,516,font_m,,{main_him} {main_his} {other_his},yes,{main_his} flirtation earns {main_him} {other_his} attention,
7870,journal,s_journal_write_actions,event,516,font_m,,{main_he} {other_him},yes,{main_he} attempts to flirt with {other_him},
7871,journal,s_journal_write_actions,event,516,font_m,,{main_he} {other_him},yes,{main_he} attempt to flirt with {other_him},
7872,journal,s_journal_write_actions,event,516,font_m,,{main_he} {other_him},yes,{main_he} tries to flirt with {other_him},
7873,journal,s_journal_write_actions,event,516,font_m,,{main_he} {other_him},yes,{main_he} try to flirt with {other_him},
7874,journal,s_journal_write_actions,event,516,font_m,,{main_he} {other_him},yes,{main_he} makes an effort to flirt with {other_him},
7875,journal,s_journal_write_actions,event,516,font_m,,{main_he} {other_him},yes,{main_he} make an effort to flirt with {other_him},
7876,journal,s_journal_write_actions,event,516,font_m,,{main_he} {other_him},yes,{main_he} seeks to flirt with {other_him},
7877,journal,s_journal_write_actions,event,516,font_m,,{main_he} {other_him},yes,{main_he} seek to flirt with {other_him},
7878,journal,s_journal_write_actions,event,516,font_m,,{main_he} {other_him},yes,{main_he} aims to flirt with {other_him},
7879,journal,s_journal_write_actions,event,516,font_m,,{main_he} {other_him},yes,{main_he} aim to flirt with {other_him},
7880,journal,s_journal_write_actions,event,516,font_m,,{main_he},yes,", but {main_he} fails to deliver",
7881,journal,s_journal_write_actions,event,516,font_m,,{main_he},yes,", but {main_he} fail to deliver",
7882,journal,s_journal_write_actions,event,516,font_m,yes,{main_he},no,", but {main_he} fails to make an impact",
7883,journal,s_journal_write_actions,event,516,font_m,yes,{main_he},no,", but {main_he} fail to make an impact",
7884,journal,s_journal_write_actions,event,516,font_m,,{main_he} {other_his},yes,{main_he} responds favourably to {other_his} flirtatious advances,
7885,journal,s_journal_write_actions,event,516,font_m,,{main_he} {other_his},yes,{main_he} respond favoyrably to {other_his} flirtatious advances,
7886,journal,s_journal_write_actions,event,516,font_m,,{main_he} {main_him} {other_his},yes,{main_he} appreciates {other_his} attempt to flirt with {main_him},
7887,journal,s_journal_write_actions,event,516,font_m,,{main_he} {main_him} {other_his},yes,{main_he} appreciate {other_his} attempt to flirt with {main_him},
7888,journal,s_journal_write_actions,event,516,font_m,,{main_he} {other_his},yes,{main_he} shows interest in {other_his} attempt at flirting,
7889,journal,s_journal_write_actions,event,516,font_m,,{main_he} {other_his},yes,{main_he} show interest in {other_his} attempt at flirting,
7890,journal,s_journal_write_actions,event,516,font_m,,{main_he} {other_his},yes,{main_he} is receptive to {other_his} flirting,
7891,journal,s_journal_write_actions,event,516,font_m,,{main_he} {other_his},yes,{main_he} are receptive to {other_his} flirting,
7892,journal,s_journal_write_actions,event,516,font_m,,{main_he} {other_his},yes,{main_he} embraces {other_his} attempt to flirt,
7893,journal,s_journal_write_actions,event,516,font_m,,{main_he} {other_his},yes,{main_he} embrace {other_his} attempt to flirt,
7894,journal,s_journal_write_actions,event,516,font_m,,{main_he} {other_his},yes,{main_he} responds coldly to {other_his} attempt at flirting,
7895,journal,s_journal_write_actions,event,516,font_m,,{main_he} {other_his},yes,{main_he} respond coldly to {other_his} attempt at flirting,
7896,journal,s_journal_write_actions,event,516,font_m,,{main_he} {other_his},yes,{main_he} reacts with discomfort to {other_his} flirtatious advances,
7897,journal,s_journal_write_actions,event,516,font_m,,{main_he} {other_his},yes,{main_he} react with discomfort to {other_his} flirtatious advances,
7898,journal,s_journal_write_actions,event,516,font_m,,{main_he} {other_his},yes,{main_he} shows disinterest in {other_his} flirting,
7899,journal,s_journal_write_actions,event,516,font_m,,{main_he} {other_his},yes,{main_he} show disinterest in {other_his} flirting,
7900,journal,s_journal_write_actions,event,516,font_m,,{main_he} {other_his},yes,{main_he} rejects {other_his} flirtatious gestures,
7901,journal,s_journal_write_actions,event,516,font_m,,{main_he} {other_his},yes,{main_he} reject {other_his} flirtatious gestures,
7902,journal,s_journal_write_actions,event,516,font_m,,{main_he} {other_his},yes,{main_he} dismisses {other_his} flirting,
7903,journal,s_journal_write_actions,event,516,font_m,,{main_he} {other_his},yes,{main_he} dismiss {other_his} flirting,
7904,journal,s_journal_write_actions,event,516,font_m,,{main_he} {other_him},yes,{main_he} shares an intimate moment with {other_him},
7905,journal,s_journal_write_actions,event,516,font_m,,{main_he} {other_him},yes,{main_he} share an intimate moment with {other_him},
7906,journal,s_journal_write_actions,event,516,font_m,,{main_he} {other_him},yes,{main_he} connects on a physical level with {other_him},
7907,journal,s_journal_write_actions,event,516,font_m,,{main_he} {other_him},yes,{main_he} connect on a physical level with {other_him},
7908,journal,s_journal_write_actions,event,516,font_m,,{main_he} {other_he},no,{main_he} and {other_he} become intimately involved with each other,
7909,journal,s_journal_write_actions,event,516,font_m,,{main_he} {other_he},no,{main_he} and {other_he} have an intimate interaction,
7910,journal,s_journal_write_actions,event,516,font_m,,{main_he} {other_him},yes,{main_he} enjoys a moment of shared intimacy with {other_him},
7911,journal,s_journal_write_actions,event,516,font_m,,{main_he} {other_him},yes,{main_he} enjoy a moment of shared intimacy with {other_him},
7912,journal,s_journal_write_actions,event,516,font_m,,{main_he} {other_him},yes,{main_he} attempts to have an intimate interaction with {other_him},
7913,journal,s_journal_write_actions,event,516,font_m,,{main_he} {other_him},yes,{main_he} attempt to have an intimate interaction with {other_him},
7914,journal,s_journal_write_actions,event,516,font_m,,{main_he} {other_him},yes,{main_he} tries to become intimately involved with {other_him},
7915,journal,s_journal_write_actions,event,516,font_m,,{main_he} {other_him},yes,{main_he} try to become intimately involved with {other_him},
7916,journal,s_journal_write_actions,event,516,font_m,,{main_he} {other_him},yes,{main_he} makes an effort to get intimate with {other_him},
7917,journal,s_journal_write_actions,event,516,font_m,,{main_he} {other_him},yes,{main_he} make an effort to get intimate with {other_him},
7918,journal,s_journal_write_actions,event,516,font_m,,{main_he} {other_him},yes,{main_he} seeks to engage in an intimate encounter with {other_him},
7919,journal,s_journal_write_actions,event,516,font_m,,{main_he} {other_him},yes,{main_he} seek to engage in an intimate encounter with {other_him},
7920,journal,s_journal_write_actions,event,516,font_m,,{main_he} {other_him},yes,{main_he} aims to shares an intimate moment with {other_him},
7921,journal,s_journal_write_actions,event,516,font_m,,{main_he} {other_him},yes,{main_he} aim to shares an intimate moment with {other_him},
7922,journal,s_journal_write_actions,event,516,font_m,,{main_he} {other_he},yes,{main_he} and {other_he} share an intimate moment,
7923,journal,s_journal_write_actions,event,516,font_m,,{main_he} {other_he},yes,{main_he} and {other_he} connect on a physical level,
7924,journal,s_journal_write_actions,event,516,font_m,,{main_he} {other_he},yes,{main_he} and {other_he} enjoying a moment of shared intimacy,
7925,journal,s_journal_write_actions,event,516,font_m,,{main_he} {other_his},yes,{main_he} declines {other_his} invitation for sharing a private moment,
7926,journal,s_journal_write_actions,event,516,font_m,,{main_he} {other_his},yes,{main_he} decline {other_his} invitation for sharing a private moment,
7927,journal,s_journal_write_actions,event,516,font_m,,{main_he} {other_his},yes,{main_he} turns down {other_his} proposal for a more intimate encounter,
7928,journal,s_journal_write_actions,event,516,font_m,,{main_he} {other_his},yes,{main_he} turn down {other_his} proposal for a more intimate encounter,
7929,journal,s_journal_write_actions,event,516,font_m,,{main_he} {other_his},yes,{main_he} rejects {other_his} attempt to have a moment of shared intimacy,
7930,journal,s_journal_write_actions,event,516,font_m,,{main_he} {other_his},yes,{main_he} reject {other_his} attempt to have a moment of shared intimacy,
7931,journal,s_journal_write_actions,event,516,font_m,,{main_he} {other_his},yes,{main_he} declines {other_his} advance for connecting on a physical level,
7932,journal,s_journal_write_actions,event,516,font_m,,{main_he} {other_his},yes,{main_he} decline {other_his} advance for connecting on a physical level,
7933,journal,s_journal_write_actions,event,516,font_m,,{main_he} {other_his},yes,{main_he} steps back from {other_his} attempt to become physically involved,
7934,journal,s_journal_write_actions,event,516,font_m,,{main_he} {other_his},yes,{main_he} step back from {other_his} attempt to become physically involved,
7935,journal,s_journal_write_actions,event,516,font_m,,{main_his} {other_him},yes,{main_his} marriage proposal to {other_him} is accepted,
7936,journal,s_journal_write_actions,event,516,font_m,,{main_he} {main_him} {other_him},yes,{main_he} successfully asks {other_him} to marry {main_him},
7937,journal,s_journal_write_actions,event,516,font_m,,{main_he} {main_him} {other_him},yes,{main_he} successfully ask {other_him} to marry {main_him},
7938,journal,s_journal_write_actions,event,516,font_m,,{main_he} {main_his} {other_him},yes,{main_he} successfully makes {main_his} marriage proposal to {other_him},
7939,journal,s_journal_write_actions,event,516,font_m,,{main_he} {main_his} {other_him},yes,{main_he} successfully make {main_his} marriage proposal to {other_him},
7940,journal,s_journal_write_actions,event,516,font_m,,{main_his} {other_his},yes,{main_his} request for {other_his} hand in marriage is accepted,
7941,journal,s_journal_write_actions,event,516,font_m,,{main_his} {other_he},yes,"{main_his} marriage proposal is received positively, and {other_he} agrees to be {main_his} partner",
7942,journal,s_journal_write_actions,event,516,font_m,,{main_he} {main_him} {other_him},yes,{main_he} asks {other_him} to marry {main_him},
7943,journal,s_journal_write_actions,event,516,font_m,,{main_he} {main_him} {other_him},yes,{main_he} ask {other_him} to marry {main_him},
7944,journal,s_journal_write_actions,event,516,font_m,,{main_he} {main_his} {other_him},yes,{main_he} expresses {main_his} desire to marry {other_him},
7945,journal,s_journal_write_actions,event,516,font_m,,{main_he} {main_his} {other_him},yes,{main_he} express {main_his} desire to marry {other_him},
7946,journal,s_journal_write_actions,event,516,font_m,,{main_he} {other_him},yes,{main_he} offers {other_him} a marriage proposal,
7947,journal,s_journal_write_actions,event,516,font_m,,{main_he} {other_him},yes,{main_he} offer {other_him} a marriage proposal,
7948,journal,s_journal_write_actions,event,516,font_m,,{main_he} {other_his},yes,{main_he} asks for {other_his} hand in marriage,
7949,journal,s_journal_write_actions,event,516,font_m,,{main_he} {other_his},yes,{main_he} ask for {other_his} hand in marriage,
7950,journal,s_journal_write_actions,event,516,font_m,,{main_he} {main_his} {other_him},yes,{main_he} shares {main_his} wish to marry {other_him},
7951,journal,s_journal_write_actions,event,516,font_m,,{main_he} {main_his} {other_him},yes,{main_he} share {main_his} wish to marry {other_him},
7953,journal,s_journal_write_actions,event,516,font_m,,{main_he} {other_his},yes,{main_he} accepts {other_his} marriage proposal,
7954,journal,s_journal_write_actions,event,516,font_m,,{main_he} {other_his},yes,{main_he} accept {other_his} marriage proposal,
7955,journal,s_journal_write_actions,event,516,font_m,,{main_he} {other_his},yes,{main_he} agrees to {other_his} offer of marriage,
7956,journal,s_journal_write_actions,event,516,font_m,,{main_he} {other_his},yes,{main_he} agree to {other_his} offer of marriage,
7957,journal,s_journal_write_actions,event,516,font_m,,{main_he} {main_his} {other_his},yes,{main_he} says yes to {other_his} offer to become {main_his} spouse,
7958,journal,s_journal_write_actions,event,516,font_m,,{main_he} {main_his} {other_his},yes,{main_he} say yes to {other_his} offer to become {main_his} spouse,
7959,journal,s_journal_write_actions,event,516,font_m,,{main_he} {other_his},yes,{main_he} says yes to {other_his} marriage proposal,
7960,journal,s_journal_write_actions,event,516,font_m,,{main_he} {other_his},yes,{main_he} say yes to {other_his} marriage proposal,
7961,journal,s_journal_write_actions,event,516,font_m,,{main_he} {other_him},yes,{main_he} agrees to marry {other_him},
7962,journal,s_journal_write_actions,event,516,font_m,,{main_he} {other_him},yes,{main_he} agree to marry {other_him},
7963,journal,s_journal_write_actions,event,516,font_m,,{main_he} {other_his},yes,{main_he} turns down {other_his} offer of marriage,
7964,journal,s_journal_write_actions,event,516,font_m,,{main_he} {other_his},yes,{main_he} turn down {other_his} offer of marriage,
7965,journal,s_journal_write_actions,event,516,font_m,,{main_he} {other_his},yes,{main_he} declines {other_his} marriage proposal,
7966,journal,s_journal_write_actions,event,516,font_m,,{main_he} {other_his},yes,{main_he} decline {other_his} marriage proposal,
7967,journal,s_journal_write_actions,event,516,font_m,,{main_he} {other_his},yes,{main_he} does not accept {other_his} proposal for marriage,
7968,journal,s_journal_write_actions,event,516,font_m,,{main_he} {other_his},yes,{main_he} do not accept {other_his} proposal for marriage,
7969,journal,s_journal_write_actions,event,516,font_m,,{main_he} {other_his},yes,{main_he} rejects {other_his} attempt to get engaged,
7970,journal,s_journal_write_actions,event,516,font_m,,{main_he} {other_his},yes,{main_he} reject {other_his} attempt to get engaged,
7971,journal,s_journal_write_actions,event,516,font_m,,{main_he} {main_his} {other_his},yes,{main_he} refuses {other_his} offer to be {main_his} spouse,
7972,journal,s_journal_write_actions,event,516,font_m,,{main_he} {main_his} {other_his},yes,{main_he} refuse {other_his} offer to be {main_his} spouse,
7973,journal,s_journal_write_actions,event,516,font_m,,{main_he} {other_him},yes,{main_he} offends {other_him},
7974,journal,s_journal_write_actions,event,516,font_m,,{main_he} {other_him},yes,{main_he} offend {other_him},
7975,journal,s_journal_write_actions,event,516,font_m,,{main_he} {other_him},yes,{main_he} insults {other_him},
7976,journal,s_journal_write_actions,event,516,font_m,,{main_he} {other_him},yes,{main_he} insult {other_him},
7977,journal,s_journal_write_actions,event,516,font_m,,{main_he} {other_his},yes,{main_he} hurts {other_his} feelings,
7978,journal,s_journal_write_actions,event,516,font_m,,{main_he} {other_his},yes,{main_he} hurt {other_his} feelings,
7979,journal,s_journal_write_actions,event,516,font_m,,{main_he} {other_him},yes,{main_he} delivers an insult to {other_him},
7980,journal,s_journal_write_actions,event,516,font_m,,{main_he} {other_him},yes,{main_he} deliver an insult to {other_him},
7981,journal,s_journal_write_actions,event,516,font_m,,{main_he} {other_him},yes,{main_he} belittles {other_him},
7982,journal,s_journal_write_actions,event,516,font_m,,{main_he} {other_him},yes,{main_he} belittle {other_him},
7983,journal,s_journal_write_actions,event,516,font_m,,{main_he} {other_him},yes,{main_he} attempts to insult {other_him},
7984,journal,s_journal_write_actions,event,516,font_m,,{main_he} {other_him},yes,{main_he} attempt to insult {other_him},
7985,journal,s_journal_write_actions,event,516,font_m,,{main_he} {other_him},yes,{main_he} tries to insult {other_him},
7986,journal,s_journal_write_actions,event,516,font_m,,{main_he} {other_him},yes,{main_he} try to insult {other_him},
7987,journal,s_journal_write_actions,event,516,font_m,,{main_he} {other_him},yes,{main_he} makes an effort to insult {other_him},
7988,journal,s_journal_write_actions,event,516,font_m,,{main_he} {other_him},yes,{main_he} make an effort to insult {other_him},
7989,journal,s_journal_write_actions,event,516,font_m,,{main_he} {other_him},yes,{main_he} seeks to insult {other_him},
7990,journal,s_journal_write_actions,event,516,font_m,,{main_he} {other_him},yes,{main_he} seek to insult {other_him},
7991,journal,s_journal_write_actions,event,516,font_m,,{main_he} {other_him},yes,{main_he} aims to insult {other_him},
7992,journal,s_journal_write_actions,event,516,font_m,,{main_he} {other_him},yes,{main_he} aim to insult {other_him},
7993,journal,s_journal_write_actions,event,516,font_m,,{main_he} {other_his},yes,{main_he} takes offense at {other_his} comments,
7994,journal,s_journal_write_actions,event,516,font_m,,{main_he} {other_his},yes,{main_he} take offense at {other_his} comments,
7995,journal,s_journal_write_actions,event,516,font_m,,{main_he} {other_his},yes,{main_he} is hurt by {other_his} remarks,
7996,journal,s_journal_write_actions,event,516,font_m,,{main_he} {other_his},yes,{main_he} are hurt by {other_his} remarks,
7997,journal,s_journal_write_actions,event,516,font_m,,{main_he} {other_his},yes,{main_he} feels demeaned by {other_his} words,
7998,journal,s_journal_write_actions,event,516,font_m,,{main_he} {other_his},yes,{main_he} feel demeaned by {other_his} words,
7999,journal,s_journal_write_actions,event,516,font_m,,{main_he} {other_his},yes,{main_he} is upset by {other_his} insult,
8000,journal,s_journal_write_actions,event,516,font_m,,{main_he} {other_his},yes,{main_he} are upset by {other_his} insult,
8001,journal,s_journal_write_actions,event,516,font_m,,{main_he} {other_he},yes,{main_he} is offended by what {other_he} said,
8002,journal,s_journal_write_actions,event,516,font_m,,{main_he} {other_he},yes,{main_he} are offended by what {other_he} said,
8003,journal,s_journal_write_actions,event,516,font_m,,{main_he} {other_his},yes,{main_he} isn't affected by {other_his} remarks,
8004,journal,s_journal_write_actions,event,516,font_m,,{main_he} {other_his},yes,{main_he} aren't affected by {other_his} remarks,
8005,journal,s_journal_write_actions,event,516,font_m,,{main_he} {other_his},yes,{main_he} remains unfazed by {other_his} comments,
8006,journal,s_journal_write_actions,event,516,font_m,,{main_he} {other_his},yes,{main_he} remain unfazed by {other_his} comments,
8007,journal,s_journal_write_actions,event,516,font_m,,{main_he} {other_his},yes,{main_he} doesn't take offense at {other_his} words,
8008,journal,s_journal_write_actions,event,516,font_m,,{main_he} {other_his},yes,{main_he} don't take offense at {other_his} words,
8009,journal,s_journal_write_actions,event,516,font_m,,{main_he} {other_his},yes,{main_he} is indifferent to {other_his} insults,
8010,journal,s_journal_write_actions,event,516,font_m,,{main_he} {other_his},yes,{main_he} are indifferent to {other_his} insults,
8011,journal,s_journal_write_actions,event,516,font_m,,{main_he} {other_his},yes,{main_he} doesn't perceive {other_his} words as an insult,
8012,journal,s_journal_write_actions,event,516,font_m,,{main_he} {other_his},yes,{main_he} don't perceive {other_his} words as an insult,
8013,journal,s_journal_write_actions,event,516,font_m,,{main_he} {other_him},yes,{main_he} threatens {other_him},
8014,journal,s_journal_write_actions,event,516,font_m,,{main_he} {other_him},yes,{main_he} threaten {other_him},
8015,journal,s_journal_write_actions,event,516,font_m,,{main_he} {other_him},yes,{main_he} scares {other_him} with threats,
8016,journal,s_journal_write_actions,event,516,font_m,,{main_he} {other_him},yes,{main_he} scare {other_him} with threats,
8017,journal,s_journal_write_actions,event,516,font_m,,{main_he} {other_him},yes,{main_he} makes a threatening statement to {other_him},
8018,journal,s_journal_write_actions,event,516,font_m,,{main_he} {other_him},yes,{main_he} make a threatening statement to {other_him},
8019,journal,s_journal_write_actions,event,516,font_m,,{main_he} {other_him},yes,{main_he} makes {other_him} feel threatened,
8020,journal,s_journal_write_actions,event,516,font_m,,{main_he} {other_him},yes,{main_he} make {other_him} feel threatened,
8021,journal,s_journal_write_actions,event,516,font_m,,{main_he} {other_him},yes,{main_he} intimidates {other_him},
8022,journal,s_journal_write_actions,event,516,font_m,,{main_he} {other_him},yes,{main_he} intimidate {other_him},
8023,journal,s_journal_write_actions,event,516,font_m,,{main_he} {other_him},yes,{main_he} attempts to threaten {other_him},
8024,journal,s_journal_write_actions,event,516,font_m,,{main_he} {other_him},yes,{main_he} attempt to threaten {other_him},
8025,journal,s_journal_write_actions,event,516,font_m,,{main_he} {other_him},yes,{main_he} tries to threaten {other_him},
8026,journal,s_journal_write_actions,event,516,font_m,,{main_he} {other_him},yes,{main_he} try to threaten {other_him},
8027,journal,s_journal_write_actions,event,516,font_m,,{main_he} {other_him},yes,{main_he} makes an effort to scare {other_him},
8028,journal,s_journal_write_actions,event,516,font_m,,{main_he} {other_him},yes,{main_he} make an effort to scare {other_him},
8029,journal,s_journal_write_actions,event,516,font_m,,{main_he} {other_him},yes,{main_he} seeks to threaten {other_him},
8030,journal,s_journal_write_actions,event,516,font_m,,{main_he} {other_him},yes,{main_he} seek to threaten {other_him},
8031,journal,s_journal_write_actions,event,516,font_m,,{main_he} {other_him},yes,{main_he} aims to intimidate {other_him},
8032,journal,s_journal_write_actions,event,516,font_m,,{main_he} {other_him},yes,{main_he} aim to intimidate {other_him},
8033,journal,s_journal_write_actions,event,516,font_m,,{main_he} {other_his},yes,{main_he} is unsettled by {other_his} threat,
8034,journal,s_journal_write_actions,event,516,font_m,,{main_he} {other_his},yes,{main_he} are unsettled by {other_his} threat,
8035,journal,s_journal_write_actions,event,516,font_m,,{main_he} {other_him},yes,{main_he} feels threatened by {other_him},
8036,journal,s_journal_write_actions,event,516,font_m,,{main_he} {other_him},yes,{main_he} feel threatened by {other_him},
8037,journal,s_journal_write_actions,event,516,font_m,,{main_he} {other_his},yes,{main_he} is scared by {other_his} intimidation,
8038,journal,s_journal_write_actions,event,516,font_m,,{main_he} {other_his},yes,{main_he} are scared by {other_his} intimidation,
8039,journal,s_journal_write_actions,event,516,font_m,,{main_he} {other_his},yes,{main_he} is affected by {other_his} threatening behavior,
8040,journal,s_journal_write_actions,event,516,font_m,,{main_he} {other_his},yes,{main_he} are affected by {other_his} threatening behavior,
8041,journal,s_journal_write_actions,event,516,font_m,,{main_he} {other_his},yes,{main_he} feels the impact of {other_his} threat,
8042,journal,s_journal_write_actions,event,516,font_m,,{main_he} {other_his},yes,{main_he} feel the impact of {other_his} threat,
8043,journal,s_journal_write_actions,event,516,font_m,,{main_he} {other_his},yes,{main_he} remains unfazed by {other_his} threat,
8044,journal,s_journal_write_actions,event,516,font_m,,{main_he} {other_his},yes,{main_he} remain unfazed by {other_his} threat,
8045,journal,s_journal_write_actions,event,516,font_m,,{main_he} {other_his},yes,{main_he} is not intimidated by {other_his} threat,
8046,journal,s_journal_write_actions,event,516,font_m,,{main_he} {other_his},yes,{main_he} are not intimidated by {other_his} threat,
8047,journal,s_journal_write_actions,event,516,font_m,,{main_he} {other_his},yes,{main_he} remains unaffected by {other_his} failed threat,
8048,journal,s_journal_write_actions,event,516,font_m,,{main_he} {other_his},yes,{main_he} remain unaffected by {other_his} failed threat,
8049,journal,s_journal_write_actions,event,516,font_m,,{main_he} {other_his},yes,{main_he} is unperturbed by {other_his} ineffective threat,
8050,journal,s_journal_write_actions,event,516,font_m,,{main_he} {other_his},yes,{main_he} are unperturbed by {other_his} ineffective threat,
8051,journal,s_journal_write_actions,event,516,font_m,,{main_he} {other_him},yes,"{main_he} is threatened by {other_him}, but the threat doesn't succeed",
8052,journal,s_journal_write_actions,event,516,font_m,,{main_he} {other_him},yes,"{main_he} are threatened by {other_him}, but the threat doesn't succeed",
8053,journal,s_journal_write_actions,event,516,font_m,,{main_he} {other_him},yes,{main_he} roughs up {other_him},
8054,journal,s_journal_write_actions,event,516,font_m,,{main_he} {other_him},yes,{main_he} rough up {other_him},
8055,journal,s_journal_write_actions,event,516,font_m,,{main_he} {other_him},yes,{main_he} attacks {other_him},
8056,journal,s_journal_write_actions,event,516,font_m,,{main_he} {other_him},yes,{main_he} attack {other_him},
8057,journal,s_journal_write_actions,event,516,font_m,,{main_he} {other_him},yes,{main_he} gives {other_him} a beating,
8058,journal,s_journal_write_actions,event,516,font_m,,{main_he} {other_him},yes,{main_he} give {other_him} a beating,
8059,journal,s_journal_write_actions,event,516,font_m,,{main_he} {other_him},yes,{main_he} batters {other_him},
8060,journal,s_journal_write_actions,event,516,font_m,,{main_he} {other_him},yes,{main_he} batter {other_him},
8061,journal,s_journal_write_actions,event,516,font_m,,{main_he} {other_him},yes,{main_he} knocks {other_him} around,
8062,journal,s_journal_write_actions,event,516,font_m,,{main_he} {other_him},yes,{main_he} knock {other_him} around,
8063,journal,s_journal_write_actions,event,516,font_m,,{main_he} {other_him},yes,{main_he} attempts to beat up {other_him},
8064,journal,s_journal_write_actions,event,516,font_m,,{main_he} {other_him},yes,{main_he} attempt to beat up {other_him},
8065,journal,s_journal_write_actions,event,516,font_m,,{main_he} {other_him},yes,{main_he} tries to beat up {other_him},
8066,journal,s_journal_write_actions,event,516,font_m,,{main_he} {other_him},yes,{main_he} try to beat up {other_him},
8067,journal,s_journal_write_actions,event,516,font_m,,{main_he} {other_him},yes,{main_he} makes an effort to fight {other_him},
8068,journal,s_journal_write_actions,event,516,font_m,,{main_he} {other_him},yes,{main_he} make an effort to fight {other_him},
8069,journal,s_journal_write_actions,event,516,font_m,,{main_he} {other_him},yes,{main_he} seeks to fight {other_him},
8070,journal,s_journal_write_actions,event,516,font_m,,{main_he} {other_him},yes,{main_he} seek to fight {other_him},
8071,journal,s_journal_write_actions,event,516,font_m,,{main_he} {other_him},yes,{main_he} aims to defeat {other_him} in a fight,
8072,journal,s_journal_write_actions,event,516,font_m,,{main_he} {other_him},yes,{main_he} aim to defeat {other_him} in a fight,
8073,journal,s_journal_write_actions,event,516,font_m,,{main_he},no,", but {main_he} is not able to",
8074,journal,s_journal_write_actions,event,516,font_m,,{main_he} {other_him},yes,{main_he} gets overpowered by {other_him},
8075,journal,s_journal_write_actions,event,516,font_m,,{main_he} {other_him},yes,{main_he} suffers a beating at the hands of {other_him},
8076,journal,s_journal_write_actions,event,516,font_m,,{main_he} {other_him},yes,{main_he} takes a beating from {other_him},
8077,journal,s_journal_write_actions,event,516,font_m,,{main_he} {other_him},yes,{main_he} ends up being roughed up by {other_him},
8078,journal,s_journal_write_actions,event,516,font_m,,{main_he} {other_him},yes,{main_he} gets beaten down by {other_him},
8079,journal,s_journal_write_actions,event,516,font_m,,{main_he} {main_him} {other_his},yes,{main_he} resists {other_his} attempt to beat {main_him} up,
8080,journal,s_journal_write_actions,event,516,font_m,,{main_he} {other_his},yes,{main_he} fends off {other_his} beating attempt,
8081,journal,s_journal_write_actions,event,516,font_m,,{main_he} {other_his},yes,{main_he} opposes {other_his} attempt at a beating,
8082,journal,s_journal_write_actions,event,516,font_m,,{main_he} {main_him} {other_his},yes,{main_he} manages to repel {other_his} effort to beat {main_him} up,
8083,journal,s_journal_write_actions,event,516,font_m,,{main_he} {main_his} {other_his},yes,{main_he} stands {main_his} ground against {other_his} beating attempt,
8084,journal,s_journal_write_actions,event,516,font_m,,{main_he} {other_him},yes,{main_he} kills {other_him},
8085,journal,s_journal_write_actions,event,516,font_m,,{main_he} {other_him},yes,{main_he} kill {other_him},
8086,journal,s_journal_write_actions,event,516,font_m,,{main_he} {other_his},yes,{main_he} takes {other_his} life,
8087,journal,s_journal_write_actions,event,516,font_m,,{main_he} {other_his},yes,{main_he} take {other_his} life,
8088,journal,s_journal_write_actions,event,516,font_m,,{main_he} {other_him},yes,{main_he} murders {other_him},
8089,journal,s_journal_write_actions,event,516,font_m,,{main_he} {other_him},yes,{main_he} murder {other_him},
8090,journal,s_journal_write_actions,event,516,font_m,,{main_he} {other_his},yes,{main_he} puts an end to {other_his} life,
8091,journal,s_journal_write_actions,event,516,font_m,,{main_he} {other_his},yes,{main_he} put an end to {other_his} life,
8092,journal,s_journal_write_actions,event,516,font_m,,{main_he} {other_him},yes,{main_he} slays {other_him},
8093,journal,s_journal_write_actions,event,516,font_m,,{main_he} {other_him},yes,{main_he} slay {other_him},
8094,journal,s_journal_write_actions,event,516,font_m,,{main_he} {other_him},yes,{main_he} attempts to kill {other_him},
8095,journal,s_journal_write_actions,event,516,font_m,,{main_he} {other_him},yes,{main_he} attempt to kill {other_him},
8096,journal,s_journal_write_actions,event,516,font_m,,{main_he} {other_him},yes,{main_he} tries to kill {other_him},
8097,journal,s_journal_write_actions,event,516,font_m,,{main_he} {other_him},yes,{main_he} try to kill {other_him},
8098,journal,s_journal_write_actions,event,516,font_m,,{main_he} {other_him},yes,{main_he} makes an effort to kill {other_him},
8099,journal,s_journal_write_actions,event,516,font_m,,{main_he} {other_him},yes,{main_he} make an effort to kill {other_him},
8100,journal,s_journal_write_actions,event,516,font_m,,{main_he} {other_him},yes,{main_he} seeks to kill {other_him},
8101,journal,s_journal_write_actions,event,516,font_m,,{main_he} {other_him},yes,{main_he} seek to kill {other_him},
8102,journal,s_journal_write_actions,event,516,font_m,,{main_he} {other_him},yes,{main_he} aims to kill {other_him},
8103,journal,s_journal_write_actions,event,516,font_m,,{main_he} {other_him},yes,{main_he} aim to kill {other_him},
8104,journal,s_journal_write_actions,event,516,font_m,,{main_he} {other_him},yes,{main_he} is killed by {other_him},
8105,journal,s_journal_write_actions,event,516,font_m,,{main_he} {other_him},yes,{main_he} is attacked fatally by {other_him},
8106,journal,s_journal_write_actions,event,516,font_m,,{main_he} {other_him},yes,{main_he} is slain by {other_him},
8107,journal,s_journal_write_actions,event,516,font_m,,{main_he} {main_his} {other_him},yes,{main_he} is losing {main_his} life to {other_him},
8108,journal,s_journal_write_actions,event,516,font_m,,{main_he} {other_him},yes,{main_he} is murdered by {other_him},
8109,journal,s_journal_write_actions,event,516,font_m,,{main_he} {other_him},yes,{main_he} avoids being killed by {other_him},
8110,journal,s_journal_write_actions,event,516,font_m,,{main_he} {other_him},yes,{main_he} succeeds in not getting killed by {other_him},
8111,journal,s_journal_write_actions,event,516,font_m,,{main_he} {other_him},yes,{main_he} avoids death at the hands of {other_him},
8112,journal,s_journal_write_actions,event,516,font_m,,{main_he} {main_his} {other_his},yes,{main_he} manages to escape {other_his} attempts on {main_his} life,
8113,journal,s_journal_write_actions,event,516,font_m,,{main_he} {other_his},yes,{main_he} manages to survive {other_his} attacks,
8114,journal,s_journal_write_actions,event,516,font_m,,{main_he} {other_him} {third_him},yes,{main_he} praises {third_him} to {other_him},
8115,journal,s_journal_write_actions,event,516,font_m,,{main_he} {other_him} {third_him},yes,{main_he} praise {third_him} to {other_him},
8116,journal,s_journal_write_actions,event,516,font_m,,{main_he} {other_him} {third_him},yes,{main_he} offers praise for {third_him} while talking to {other_him},
8117,journal,s_journal_write_actions,event,516,font_m,,{main_he} {other_him} {third_him},yes,{main_he} offer praise for {third_him} while talking to {other_him},
8118,journal,s_journal_write_actions,event,516,font_m,,{main_he} {other_him} {third_him},yes,{main_he} makes a point of praising {third_him} to {other_him},
8119,journal,s_journal_write_actions,event,516,font_m,,{main_he} {other_him} {third_him},yes,{main_he} make a point of praising {third_him} to {other_him},
8120,journal,s_journal_write_actions,event,516,font_m,,{main_he} {other_him} {third_him},yes,{main_he} openly praises {third_him} when speaking with {other_him},
8121,journal,s_journal_write_actions,event,516,font_m,,{main_he} {other_him} {third_him},yes,{main_he} openly praise {third_him} when speaking with {other_him},
8122,journal,s_journal_write_actions,event,516,font_m,,{main_he} {main_his} {other_him} {third_him},yes,{main_he} conveys {main_his} praise for {third_him} directly to {other_him},
8123,journal,s_journal_write_actions,event,516,font_m,,{main_he} {main_his} {other_him} {third_him},yes,{main_he} convey {main_his} praise for {third_him} directly to {other_him},
8124,journal,s_journal_write_actions,event,516,font_m,,{main_he} {other_him} {third_him},yes,{main_he} tries to praise {third_him} to {other_him} but fail to make an impact,
8125,journal,s_journal_write_actions,event,516,font_m,,{main_he} {other_him} {third_him},yes,{main_he} try to praise {third_him} to {other_him} but fail to make an impact,
8126,journal,s_journal_write_actions,event,516,font_m,,{main_he} {other_him} {third_him},yes,"{main_he} tries to highlight {third_him} qualities to {other_him}, but the effort fails",
8127,journal,s_journal_write_actions,event,516,font_m,,{main_he} {other_him} {third_him},yes,"{main_he} try to highlight {third_him} qualities to {other_him}, but the effort fails",
8128,journal,s_journal_write_actions,event,516,font_m,,{main_his} {other_him} {third_him},yes,{main_his} attempts to praise {third_him} in front of {other_him} doesn't succeed,
8129,journal,s_journal_write_actions,event,516,font_m,,{main_his} {other_him} {third_him},yes,{main_his} praise for {third_him} doesn't resonate with {other_him},
8130,journal,s_journal_write_actions,event,516,font_m,,{main_his} {other_him} {third_him},yes,{main_his} attempt to speak highly of {third_him} to {other_him} is met with indifference,
8131,journal,s_journal_write_actions,event,516,font_m,,{main_he} {other_his} {third_him},yes,{main_he} accepts {other_his} positive remarks about {third_him},
8132,journal,s_journal_write_actions,event,516,font_m,,{main_he} {other_his} {third_him},yes,{main_he} is convinced by {other_his} praise of {third_him},
8133,journal,s_journal_write_actions,event,516,font_m,,{main_he} {other_his} {third_him},yes,{main_he} trusts {other_his} compliments regarding {third_him},
8134,journal,s_journal_write_actions,event,516,font_m,,{main_he} {other_his} {third_him},yes,{main_he} is persuaded by {other_his} high opinion of {third_him},
8135,journal,s_journal_write_actions,event,516,font_m,,{main_he} {other_he} {third_him},yes,{main_he} believes in the praise {other_he} give to {third_him},
8136,journal,s_journal_write_actions,event,516,font_m,,{main_he} {other_his} {third_him},no,{main_he} is skeptical of {other_his} praise for {third_him},
8137,journal,s_journal_write_actions,event,516,font_m,,{main_he} {other_his} {third_him},no,{main_he} doubts the sincerity of {other_his} compliments about {third_him},
8138,journal,s_journal_write_actions,event,516,font_m,,{main_he} {other_his} {third_him},no,{main_he} doesn't buy into {other_his} positive remarks about {third_him},
8139,journal,s_journal_write_actions,event,516,font_m,,{main_he} {other_his} {third_him},no,{main_he} is unconvinced by {other_his} praise of {third_him},
8140,journal,s_journal_write_actions,event,516,font_m,,{main_he} {other_his} {third_him},no,{main_he} finds {other_his} praise of {third_him} hard to believe,
8141,journal,s_journal_write_actions,event,516,font_m,,{main_he} {other_him} {third_him},yes,{main_he} speak negatively about {third_him} to {other_him},
8142,journal,s_journal_write_actions,event,516,font_m,,{main_he} {other_him} {third_him},yes,{main_he} slander {third_him} to {other_him},
8143,journal,s_journal_write_actions,event,516,font_m,,{main_he} {other_his} {third_him},yes,{main_he} speak ill of {third_him} in {other_his} presence,
8144,journal,s_journal_write_actions,event,516,font_m,,{main_he} {other_him} {third_him},yes,{main_he} badmouth {third_him} while having a chat with {other_him},
8145,journal,s_journal_write_actions,event,516,font_m,,{main_he} {other_him} {third_him},yes,{main_he} criticize {third_him} harshly in front of {other_him},
8146,journal,s_journal_write_actions,event,516,font_m,,{main_his} {other_his} {third_him},yes,{main_his} criticism of {third_him} fails to sway {other_his} opinion,
8147,journal,s_journal_write_actions,event,516,font_m,,{main_his} {other_him} {third_him},yes,{main_his} negative comments about {third_him} don't resonate with {other_him},
8148,journal,s_journal_write_actions,event,516,font_m,,{main_his} {other_him} {third_him},yes,{main_his} effort to speak poorly of {third_him} to {other_him} falls flat,
8149,journal,s_journal_write_actions,event,516,font_m,,{main_his} {other_him} {third_him},yes,{main_his} attempt to speak ill of {third_him} to {other_him} misses the mark,
8150,journal,s_journal_write_actions,event,516,font_m,,{main_his} {other_him} {third_him},yes,{main_his} negative portrayal of {third_him} doesn't seem to affect {other_him},
8151,journal,s_journal_write_actions,event,516,font_m,,{main_he} {other_his} {third_him},yes,{main_he} takes {other_his} criticisms of {third_him} at face value,
8152,journal,s_journal_write_actions,event,516,font_m,,{main_he} {other_his} {third_him},yes,{main_he} accepts {other_his} negative remarks about {third_him} as true,
8153,journal,s_journal_write_actions,event,516,font_m,,{main_he} {other_his} {third_him},yes,{main_he} is convinced by {other_his} disparaging comments about {third_him},
8154,journal,s_journal_write_actions,event,516,font_m,,{main_he} {other_he} {third_him},yes,{main_he} believes the negative things {other_he} say about {third_him},
8155,journal,s_journal_write_actions,event,516,font_m,,{main_he} {other_his} {third_him},yes,{main_he} is persuaded by {other_his} derogatory statements about {third_him},
8156,journal,s_journal_write_actions,event,516,font_m,,{main_he} {main_his} {other_him},yes,{main_he} persuades {other_him} with {main_his} preaching,
8157,journal,s_journal_write_actions,event,516,font_m,,{main_he} {main_his} {other_him},yes,{main_he} persuade {other_him} with {main_his} preaching,
8158,journal,s_journal_write_actions,event,516,font_m,,{main_his} {other_him},yes,{main_his} preaching resonates with {other_him},
8159,journal,s_journal_write_actions,event,516,font_m,,{main_he} {main_his} {other_him},yes,{main_he} successfully influences {other_him} with {main_his} preaching,
8160,journal,s_journal_write_actions,event,516,font_m,,{main_he} {main_his} {other_him},yes,{main_he} successfully influence {other_him} with {main_his} preaching,
8161,journal,s_journal_write_actions,event,516,font_m,,{main_his} {other_him},yes,{main_his} preaching has a strong impact on {other_him},
8162,journal,s_journal_write_actions,event,516,font_m,,{main_his} {other_him},yes,{main_his} preaching makes a notable impression on {other_him},
8163,journal,s_journal_write_actions,event,516,font_m,,{main_his} {other_him},yes,{main_his} attempt to preach to {other_him} doesn't make an impact,
8164,journal,s_journal_write_actions,event,516,font_m,,{main_his} {other_him},yes,{main_his} preaching fails to persuade {other_him},
8165,journal,s_journal_write_actions,event,516,font_m,,{main_his} {other_him},yes,{main_his} sermon fails to reach {other_him},
8166,journal,s_journal_write_actions,event,516,font_m,,{main_his} {other_him},yes,{main_his} preaching doesn't seem to convince {other_him},
8167,journal,s_journal_write_actions,event,516,font_m,,{main_his} {other_him},yes,{main_his} preaching fails to resonate with {other_him},
8168,journal,s_journal_write_actions,event,516,font_m,,{main_he} {main_his},yes,{main_he} responds favourably to {main_his} preaching,
8169,journal,s_journal_write_actions,event,516,font_m,,{main_he} {main_his},yes,{main_he} has a positive reaction to {main_his} sermon,
8170,journal,s_journal_write_actions,event,516,font_m,,{main_he} {main_his},yes,{main_he} shows approval of {main_his} preaching,
8171,journal,s_journal_write_actions,event,516,font_m,,{main_he} {main_his},yes,{main_he} is encouraged by {main_his} preaching,
8172,journal,s_journal_write_actions,event,516,font_m,,{main_he} {main_his},yes,{main_he} gives a positive response to {main_his} preaching,
8173,journal,s_journal_write_actions,event,516,font_m,,{main_he} {main_his},yes,{main_he} has a negative reaction to {main_his} sermon,
8174,journal,s_journal_write_actions,event,516,font_m,,{main_he} {main_his},yes,{main_he} reacts with skepticism to {main_his} preaching,
8175,journal,s_journal_write_actions,event,516,font_m,,{main_he} {main_his},yes,{main_he} reacts poorly to {main_his} preaching,
8176,journal,s_journal_write_actions,event,516,font_m,,{main_he} {main_his},yes,{main_he} finds {main_his} preaching unconvincing,
8177,journal,s_journal_write_actions,event,516,font_m,,{main_he} {main_his},yes,{main_he} responds with negativity to {main_his} preaching,
8178,journal,s_journal_write_actions,event,516,font_m,,{main_he} {other_him},yes,{main_he} persuade {other_him} to join the cult,
8179,journal,s_journal_write_actions,event,516,font_m,,{main_he} {other_him},yes,{main_he} bring {other_him} into the cult,
8180,journal,s_journal_write_actions,event,516,font_m,,{main_he} {other_him},yes,{main_he} recruit {other_him} into the fold of the cult,
8181,journal,s_journal_write_actions,event,516,font_m,,{main_he} {other_him},yes,{main_he} convert {other_him} to the cult,
8182,journal,s_journal_write_actions,event,516,font_m,,{main_he} {other_him},yes,{main_he} gain {other_him} as a new member of the cult,
8183,journal,s_journal_write_actions,event,516,font_m,,{main_he} {other_him},yes,{main_he} fail to recruit {other_him} into the cult,
8184,journal,s_journal_write_actions,event,516,font_m,,{main_he} {other_him},yes,{main_he} are unable to persuade {other_him} to join the cult,
8185,journal,s_journal_write_actions,event,516,font_m,,{main_his} {other_him},yes,{main_his} efforts to enlist {other_him} in the cult are unsuccessful,
8186,journal,s_journal_write_actions,event,516,font_m,,{main_his} {other_him},yes,{main_his} attempt to involve {other_him} in the cult doesn't succeed,
8187,journal,s_journal_write_actions,event,516,font_m,,{main_his} {other_him},yes,{main_his} recruitment efforts with {other_him} fall flat,
8188,journal,s_journal_write_actions,event,516,font_m,,{main_he} {other_him},yes,{main_he} is convinced by {other_him} to become part of the cult,
8189,journal,s_journal_write_actions,event,516,font_m,,{main_he} {other_his},yes,{main_he} decides to join the cult under {other_his} persuasion,
8190,journal,s_journal_write_actions,event,516,font_m,,{main_he} {other_him},yes,{main_he} becomes a member of the cult after being enticed by {other_him},
8191,journal,s_journal_write_actions,event,516,font_m,,{main_he} {other_his},yes,{main_he} follows {other_his} lead and joins the cult,
8192,journal,s_journal_write_actions,event,516,font_m,,{main_he} {other_him},yes,{main_he} commits to the cult after been swayed by {other_him},
8193,journal,s_journal_write_actions,event,516,font_m,,{main_he} {other_him} {other_his},yes,{main_he} is resistant to {other_his} attempt to involve {other_him} in the cult,
8194,journal,s_journal_write_actions,event,516,font_m,,{main_he} {other_him} {other_his},yes,{main_he} responds unfavourably to {other_his} endeavor to recruit {other_him} into the cult,
8195,journal,s_journal_write_actions,event,516,font_m,,{main_he} {other_his},yes,{main_he} reacts poorly to {other_his} invitation to join the cult,
8196,journal,s_journal_write_actions,event,516,font_m,,{main_he} {other_his},yes,{main_he} rejects {other_his} recruitment efforts,
8197,journal,s_journal_write_actions,event,516,font_m,,{main_he} {other_him} {other_his},yes,{main_he} dismisses {other_his} efforts to recruit {other_him} into the cult,
8202,journal,s_journal_write_actions,event,516,font_m,,{main_he} {other_him},yes,{main_he} appoint {other_him} as the household head. ,
8203,journal,s_journal_write_actions,event,516,font_m,,{main_he} {other_him},yes,{main_he} name {other_him} the head of the household. ,
8204,journal,s_journal_write_actions,event,516,font_m,,{main_he} {other_him},yes,{main_he} designate {other_him} as the head of the household. ,
8205,journal,s_journal_write_actions,event,516,font_m,,{main_he} {other_him},yes,{main_he} announce {other_him} as the household head. ,
8206,journal,s_journal_write_actions,event,516,font_m,,{main_he} {other_him},yes,{main_he} select {other_him} to be the household head. ,
8207,journal,s_journal_write_actions,event,516,font_m,yes,{other_he} {other_his},yes,{other_he} and {other_his} family move into the new home together,
8208,journal,s_journal_write_actions,event,516,font_m,yes,{other_he} {other_his},yes,{other_he} and {other_his} immediate family transition to the new residence,
8209,journal,s_journal_write_actions,event,516,font_m,yes,{other_he} {other_his},yes,{other_he} relocates with {other_his} family to their new home,
8210,journal,s_journal_write_actions,event,516,font_m,yes,{other_he} {other_his},yes,{other_he} and {other_his} family move into the new place together,
8211,journal,s_journal_write_actions,event,516,font_m,yes,{other_he} {other_his},yes,{other_he} and {other_his} family take up residence in the new household,
8212,journal,s_journal_write_actions,event,516,font_m,,{main_he} {main_his},yes,{main_he} relocates to {main_his} new residence,
8213,journal,s_journal_write_actions,event,516,font_m,,{main_he} {main_his},yes,{main_he} settles into {main_his} new home,
8214,journal,s_journal_write_actions,event,516,font_m,,{main_he} {main_his},yes,{main_he} takes up residence in {main_his} new place,
8215,journal,s_journal_write_actions,event,516,font_m,,{main_he} {main_his},yes,{main_he} begins living in {main_his} new home,
8216,journal,s_journal_write_actions,event,516,font_m,,{main_he} {main_his},yes,{main_he} moves to {main_his} new home,
8217,journal,s_journal_write_actions,event,516,font_m,,{main_he} {other_him} {third_him},no,{main_he} persuade {other_him} to try petting {third_him},
8218,journal,s_journal_write_actions,event,516,font_m,,{main_he} {other_him} {third_him},no,{main_he} persuade {other_him} to try being nice to {third_him},
8219,journal,s_journal_write_actions,event,516,font_m,,{main_he} {other_him} {third_him},no,{main_he} persuade {other_him} to try complimenting {third_him},
8220,journal,s_journal_write_actions,event,516,font_m,,{main_he} {other_him} {third_him},yes,{main_he} persuade {other_him} to try hugging {third_him},
8221,journal,s_journal_write_actions,event,516,font_m,,{main_he} {other_him} {third_him},yes,{main_he} persuade {other_him} to try befriending {third_him},
8222,journal,s_journal_write_actions,event,516,font_m,,{main_he} {other_him} {third_him},yes,{main_he} persuade {other_him} to try flirting with {third_him},
8223,journal,s_journal_write_actions,event,516,font_m,,{main_he} {other_him} {third_him},yes,{main_he} persuade {other_him} to try getting intimate with {third_him},
8224,journal,s_journal_write_actions,event,516,font_m,,{main_he} {other_him} {third_him},yes,{main_he} persuade {other_him} to try proposing to {third_him},
8225,journal,s_journal_write_actions,event,516,font_m,,{main_he} {other_him} {third_him},yes,{main_he} persuade {other_him} to try insulting {third_him},
8226,journal,s_journal_write_actions,event,516,font_m,,{main_he} {other_him} {third_him},yes,{main_he} persuade {other_him} to try threatening {third_him},
8227,journal,s_journal_write_actions,event,516,font_m,,{main_he} {other_him} {third_him},yes,{main_he} persuade {other_him} to try beating up {third_him},
8228,journal,s_journal_write_actions,event,516,font_m,,{main_he} {other_him} {third_him},yes,{main_he} persuade {other_him} to try killing {third_him},
8229,journal,s_journal_write_actions,event,516,font_m,,{main_he} {other_him} {third_him},yes,{main_he} persuade {other_him} to praise you to {third_him},
8230,journal,s_journal_write_actions,event,516,font_m,,{main_he} {other_him} {third_him},no,{main_he} fail to persuade {other_him} to try petting {third_him},
8231,journal,s_journal_write_actions,event,516,font_m,,{main_he} {other_him} {third_him},yes,{main_he} fail to persuade {other_him} to try being nice to {third_him},
8232,journal,s_journal_write_actions,event,516,font_m,,{main_he} {other_him} {third_him},yes,{main_he} fail to persuade {other_him} to try complimenting {third_him},
8233,journal,s_journal_write_actions,event,516,font_m,,{main_he} {other_him} {third_him},yes,{main_he} fail to persuade {other_him} to try hugging {third_him},
8234,journal,s_journal_write_actions,event,516,font_m,,{main_he} {other_him} {third_him},yes,{main_he} fail to persuade {other_him} to try befriending {third_him},
8235,journal,s_journal_write_actions,event,516,font_m,,{main_he} {other_him} {third_him},yes,{main_he} fail to persuade {other_him} to try flirting with {third_him},
8236,journal,s_journal_write_actions,event,516,font_m,,{main_he} {other_him} {third_him},yes,{main_he} fail to persuade {other_him} to try getting intimate with {third_him},
8237,journal,s_journal_write_actions,event,516,font_m,,{main_he} {other_him} {third_him},yes,{main_he} fail to persuade {other_him} to try proposing to {third_him},
8238,journal,s_journal_write_actions,event,516,font_m,,{main_he} {other_him} {third_him},yes,{main_he} fail to persuade {other_him} to try insulting {third_him},
8239,journal,s_journal_write_actions,event,516,font_m,,{main_he} {other_him} {third_him},yes,{main_he} fail to persuade {other_him} to try threatening {third_him},
8240,journal,s_journal_write_actions,event,516,font_m,,{main_he} {other_him} {third_him},yes,{main_he} fail to persuade {other_him} to try beating up {third_him},
8241,journal,s_journal_write_actions,event,516,font_m,,{main_he} {other_him} {third_him},yes,{main_he} fail to persuade {other_him} to try killing {third_him},
8242,journal,s_journal_write_actions,event,516,font_m,,{main_he} {other_him} {third_him},yes,{main_he} fail to persuade {other_him} to praise you to {third_him},
8243,journal,s_journal_write_actions,event,516,font_m,,{main_he} {other_him} {third_him},yes,{main_he} is persuaded by {other_him} to try hugging {third_him},
8244,journal,s_journal_write_actions,event,516,font_m,,{main_he} {other_him} {third_him},yes,{main_he} is persuaded by {other_him} to try befriending {third_him},
8245,journal,s_journal_write_actions,event,516,font_m,,{main_he} {other_him} {third_him},yes,{main_he} is persuaded by {other_him} to try flirting with {third_him},
8246,journal,s_journal_write_actions,event,516,font_m,,{main_he} {other_him} {third_him},yes,{main_he} is persuaded by {other_him} to try getting intimate with {third_him},
8247,journal,s_journal_write_actions,event,516,font_m,,{main_he} {other_him} {third_him},yes,{main_he} is persuaded by {other_him} to try proposing to {third_him},
8248,journal,s_journal_write_actions,event,516,font_m,,{main_he} {other_him} {third_him},yes,{main_he} is persuaded by {other_him} to try insulting {third_him},
8249,journal,s_journal_write_actions,event,516,font_m,,{main_he} {other_him} {third_him},yes,{main_he} is persuaded by {other_him} to try threatening {third_him},
8250,journal,s_journal_write_actions,event,516,font_m,,{main_he} {other_him} {third_him},yes,{main_he} is persuaded by {other_him} to try beating up {third_him},
8251,journal,s_journal_write_actions,event,516,font_m,,{main_he} {other_him} {third_him},yes,{main_he} is persuaded by {other_him} to try killing {third_him},
8252,journal,s_journal_write_actions,event,516,font_m,,{main_he} {other_him} {third_him},yes,{main_he} is persuaded by {other_him} to praise you to {third_him},
8253,journal,s_journal_write_actions,event,516,font_m,,{main_he} {main_him} {other_his} {third_him},no,{main_he} remains unpersuaded by {other_his} attempts to make {main_him} pet {third_him},
8254,journal,s_journal_write_actions,event,516,font_m,,{main_he} {main_him} {other_his} {third_him},yes,{main_he} remains unpersuaded by {other_his} attempts to make {main_him} be nice to {third_him},
8255,journal,s_journal_write_actions,event,516,font_m,,{main_he} {main_him} {other_his} {third_him},yes,{main_he} remains unpersuaded by {other_his} attempts to make {main_him} compliment {third_him},
8256,journal,s_journal_write_actions,event,516,font_m,,{main_he} {main_him} {other_his} {third_him},yes,{main_he} remains unpersuaded by {other_his} attempts to make {main_him} hug {third_him},
8257,journal,s_journal_write_actions,event,516,font_m,,{main_he} {main_him} {other_his} {third_him},yes,{main_he} remains unpersuaded by {other_his} attempts to make {main_him} befriend {third_him},
8258,journal,s_journal_write_actions,event,516,font_m,,{main_he} {main_him} {other_his} {third_him},yes,{main_he} remains unpersuaded by {other_his} attempts to make {main_him} flirt with {third_him},
8259,journal,s_journal_write_actions,event,516,font_m,,{main_he} {main_him} {other_his} {third_him},yes,{main_he} remains unpersuaded by {other_his} attempts to make {main_him} get intimate with {third_him},
8260,journal,s_journal_write_actions,event,516,font_m,,{main_he} {main_him} {other_his} {third_him},yes,{main_he} remains unpersuaded by {other_his} attempts to make {main_him} propose to {third_him},
8261,journal,s_journal_write_actions,event,516,font_m,,{main_he} {main_him} {other_his} {third_him},yes,{main_he} remains unpersuaded by {other_his} attempts to make {main_him} insul {third_him},
8262,journal,s_journal_write_actions,event,516,font_m,,{main_he} {main_him} {other_his} {third_him},yes,{main_he} remains unpersuaded by {other_his} attempts to make {main_him} threaten {third_him},
8263,journal,s_journal_write_actions,event,516,font_m,,{main_he} {main_him} {other_his} {third_him},yes,{main_he} remains unpersuaded by {other_his} attempts to make {main_him} beat up {third_him},
8264,journal,s_journal_write_actions,event,516,font_m,,{main_he} {main_him} {other_his} {third_him},yes,{main_he} remains unpersuaded by {other_his} attempts to make {main_him} kill {third_him},
8265,journal,s_journal_write_actions,event,516,font_m,,{main_he} {main_him} {other_his} {third_him},yes,{main_he} remains unpersuaded by {other_his} attempts to make {main_him} praise you to {third_him},
8266,journal,s_journal_write_actions,event,516,font_m,,{main_his} {other_him},yes,{main_his} attempt to capture and sacrifice {other_him} to the Gods of the Deep Ones is unsuccessful,
8267,journal,s_journal_write_actions,event,516,font_m,,{main_he} {main_his} {other_him},yes,{main_he} fail in {main_his} effort to seize and offer {other_him} to the Gods of the Deep Ones,
8268,journal,s_journal_write_actions,event,516,font_m,,{main_his} {other_him},yes,{main_his} plan to catch and sacrifice {other_him} to the Gods of the Deep Ones does not succeed,
8269,journal,s_journal_write_actions,event,516,font_m,,{main_he} {other_him},yes,{main_he} are unable to catch {other_him} and make a sacrifice to the Gods of the Deep Ones,
8270,journal,s_journal_write_actions,event,516,font_m,,{main_his} {other_him},yes,{main_his} efforts to catch {other_him} and perform a sacrifice to the Gods of the Deep Ones are thwarted,
8271,journal,s_journal_write_actions,event,516,font_m,,{main_he} {main_him} {other_his},yes,{main_he} evades {other_his} attempt to offer {main_him} as a sacrifice to the Gods of the Deep Ones,
8272,journal,s_journal_write_actions,event,516,font_m,,{main_he} {main_him} {other_his},yes,{main_he} escapes {other_his} efforts to sacrifice {main_him} to the Gods of the Deep Ones,
8273,journal,s_journal_write_actions,event,516,font_m,,{main_he} {other_him},yes,{main_he} avoids being sacrificed to the Gods of the Deep Ones by {other_him},
8274,journal,s_journal_write_actions,event,516,font_m,,{main_he} {main_him} {other_his},yes,{main_he} slips away from {other_his} effort to sacrifice {main_him} to the Gods of the Deep Ones,
8275,journal,s_journal_write_actions,event,516,font_m,,{main_he} {main_him} {other_his},yes,{main_he} manages to flee from {other_his} attempt to make {main_him} a sacrifice to the Gods of the Deep Ones,
8276,journal,s_journal_write_actions,event,516,font_m,,{main_he} {other_him},yes,{main_he} offer {other_him} as a sacrifice to the Gods of the Deep Ones. Everyone but the cultists succumbs to despair,
8277,journal,s_journal_write_actions,event,516,font_m,,{main_he} {other_him},yes,"{main_he} make {other_him} an offering to the Gods of the Deep Ones. Everyone, with the exception of the cultists, is engulfed in despair",
8278,journal,s_journal_write_actions,event,516,font_m,,{main_he} {other_him},yes,"{main_he} dedicate {other_him} as a sacrifice to the Gods of the Deep Ones. All but the cultists spiral into despair. Everyone else, save for the cultists, falls into despair",
8279,journal,s_journal_write_actions,event,516,font_m,,{main_he} {other_him},yes,{main_he} present {other_him} to the Gods of the Deep Ones as a sacrificial offering. Everyone except the cultists is consumed by despair,
8280,journal,s_journal_write_actions,event,516,font_m,,{main_he} {other_him},yes,"{main_he} sacrifice {other_him} in tribute to the Gods of the Deep Ones. All, except the cultists, find themselves in despair",
8281,journal,s_journal_write_actions,event,516,font_m,,{main_he} {main_his},yes,{main_his} life ends as {main_he} is sacrificed to the Gods of the Deep Ones,
8282,journal,s_journal_write_actions,event,516,font_m,,{main_he},yes,{main_he} dies when {main_he} is sacrificed to the Gods of the Deep Ones,
8283,journal,s_journal_write_actions,event,516,font_m,,{main_his},yes,{main_his} life is lost in {main_his} sacrifice to the Gods of the Deep Ones,
8284,journal,s_journal_write_actions,event,516,font_m,,{main_he} {main_his},yes,{main_he} meets {main_his} demise as {main_he} is offered to the Gods of the Deep Ones,
8285,journal,s_journal_write_actions,event,516,font_m,yes,{main_he},yes,{main_he} is killed as part of a sacrifice to the Gods of the Deep Ones,
8287,journal,s_journal_write_actions,event,516,font_m,yes,{main_he} {other_him},yes,{main_he} present {other_him} with the artefact known as the ',
8289,journal,s_journal_write_actions,event,516,font_m,yes,{main_he} {other_him},yes,"As a reward, {main_he} give {other_him} the artefact named the '",
8290,journal,s_journal_write_actions,event,516,font_m,yes,{main_he} {other_him},yes,{main_he} reward {other_him} with the artefact called the ',
8291,journal,s_journal_write_actions,event,516,font_m,yes,{main_he},yes,{main_he} bestow the artefact ',
8292,journal,s_journal_write_actions,event,516,font_m,yes,{other_him},yes,' upon {other_him} as a token of reward,
8293,journal,s_journal_write_actions,event,516,font_m,yes,{main_he} {other_him},yes,{main_he} reward {other_him} with the artefact referred to as the ',
8295,journal,s_journal_write_actions,event,516,font_m,yes,{main_him} {other_him},yes,' is given to {main_him} by {other_him} as a reward.,
8297,journal,s_journal_write_actions,event,516,font_m,yes,{main_he},yes,{main_he} receives the artefact ',
8299,journal,s_journal_write_actions,event,516,font_m,yes,{main_he},yes,{main_he} is gifted the artefact ',
8301,journal,s_journal_write_actions,event,516,font_m,yes,{main_he},yes,"As a reward, {main_he} receives the artefact '",
8302,journal,s_journal_write_actions,event,516,font_m,yes,{main_him} {other_him},yes,' is bestowed upon {main_him} by {other_him}.,
8304,journal,s_journal_write_actions,event,516,font_m,yes,{main_he} {main_his},yes, {main_his} face lights up with a mix of reverence and triumph. {main_he} thanks you profusely for the sacred gift,
8306,journal,s_journal_write_actions,event,516,font_m,yes,{main_he} {main_him} {main_his},yes," Tears stream down {main_his} cheeks as {main_he} cradles the artefact, overwhelmed by the honor you have bestowed upon {main_him}",
8307,journal,s_journal_write_actions,event,516,font_m,yes,{main_he} {main_his},yes," Overcome with gratitude, {main_he} falls to {main_his} knees, pledging eternal loyalty to you and the divine mission of the cult",
8308,journal,s_journal_write_actions,event,516,font_m,yes,{main_he} {main_his},yes," {main_he} bows deeply, {main_his} hands shaking as {main_he} reverently accepts the artefact",
8309,journal,s_journal_write_actions,event,516,font_m,yes,{main_he} {main_his},yes," {main_he} gasps in disbelief, {main_his} fingers running over the artefact's surface as if trying to absorb its significance",
8312,journal,s_journal_write_actions,event,516,font_m,yes,,no,You invoke the spell ',
8315,journal,s_journal_write_actions,event,516,font_m,yes,{other_him},yes,' is cast by you on {other_him},
8316,journal,s_journal_write_actions,event,516,font_m,yes,,no,You perform the spell ',
8319,journal,s_journal_write_actions,event,516,font_m,yes,{main_him},yes,' is cast by you on {main_him},
8322,journal,s_journal_write_actions,event,516,font_m,yes,{other_him},yes,' that was cast on {other_him},
8323,journal,s_journal_write_actions,event,516,font_m,yes,,no,You dispel the spell ',
8324,journal,s_journal_write_actions,event,516,font_m,yes,{other_him},yes,' that was affecting {other_him},
8325,journal,s_journal_write_actions,event,516,font_m,yes,,no,You remove the spell ',
8326,journal,s_journal_write_actions,event,516,font_m,yes,,no,You dissolve the spell ',
8327,journal,s_journal_write_actions,event,516,font_m,yes,{other_him},yes,' that was impacting {other_him},
8329,journal,s_journal_write_actions,event,516,font_m,yes,{main_him},yes,' that was cast on {main_him},
8330,journal,s_journal_write_actions,event,516,font_m,yes,{main_him},yes,' that was affecting {main_him},
8331,journal,s_journal_write_actions,event,516,font_m,yes,{main_him},yes,' that was impacting {main_him},
6649,journal,s_journal_write_arguments,event,516,font_m,,{main_he},yes,{main_he} looks for a Deep One to marry,
6650,journal,s_journal_write_arguments,event,516,font_m,,{main_he} {main_his},yes,{main_he} hopes to find a Deep One to become {main_his} spouse,
6651,journal,s_journal_write_arguments,event,516,font_m,,{main_he},yes,{main_he} still hasn't found a Deep One to marry,
6652,journal,s_journal_write_arguments,event,516,font_m,,{main_he},yes,{main_he} has yet to find a Deep One to marry,
6653,journal,s_journal_write_arguments,event,516,font_m,,{main_he},yes,{main_he} still searches for a Deep One to marry,
6654,journal,s_journal_write_arguments,event,516,font_m,,{main_he},yes,since {main_he} is not married to a Deep One yet,
6655,journal,s_journal_write_arguments,event,516,font_m,,{main_he},yes,because {main_he} doesn't have a Deep One spouse,
6656,journal,s_journal_write_arguments,event,516,font_m,,{main_he},yes,as {main_he} hasn't got a Deep One spouse yet,
6657,journal,s_journal_write_arguments,event,516,font_m,,{main_he},yes,although {main_he} is not married to a Deep One yet,
6658,journal,s_journal_write_arguments,event,516,font_m,,{main_he},yes,even though {main_he} hasn't found a Deep One spouse yet,
6659,journal,s_journal_write_arguments,event,516,font_m,,,yes,despite not having married a Deep One yet,
6660,journal,s_journal_write_arguments,event,516,font_m,,{main_he},yes,{main_he} looks for a human to marry,
6661,journal,s_journal_write_arguments,event,516,font_m,,{main_he} {main_his},yes,{main_he} hopes to find a human to become {main_his} spouse,
6662,journal,s_journal_write_arguments,event,516,font_m,,{main_he},yes,{main_he} still hasn't found a human to marry,
6663,journal,s_journal_write_arguments,event,516,font_m,,{main_he},yes,{main_he} has yet to find a human to marry,
6664,journal,s_journal_write_arguments,event,516,font_m,,{main_he},yes,{main_he} still searches for a human to marry,
6665,journal,s_journal_write_arguments,event,516,font_m,,{main_he},yes,since {main_he} is not married to a human yet,
6666,journal,s_journal_write_arguments,event,516,font_m,,{main_he},yes,because {main_he} doesn't have a human spouse,
6667,journal,s_journal_write_arguments,event,516,font_m,,{main_he},yes,as {main_he} hasn't got a human spouse yet,
6668,journal,s_journal_write_arguments,event,516,font_m,,{main_he},yes,although {main_he} is not married to a human yet,
6669,journal,s_journal_write_arguments,event,516,font_m,,{main_he},yes,even though {main_he} hasn't found a human spouse yet,
6670,journal,s_journal_write_arguments,event,516,font_m,,,yes,despite not having married a human yet,
6671,journal,s_journal_write_arguments,event,516,font_m,,{main_he},yes,{main_he} looks for someone to marry,
6672,journal,s_journal_write_arguments,event,516,font_m,,{main_he} {main_his},yes,{main_he} hopes to find someone to become {main_his} spouse,
6673,journal,s_journal_write_arguments,event,516,font_m,,{main_he},yes,{main_he} still hasn't found someone to marry,
6674,journal,s_journal_write_arguments,event,516,font_m,,{main_he},yes,{main_he} has yet to find someone to marry,
6675,journal,s_journal_write_arguments,event,516,font_m,,{main_he},yes,{main_he} still searches for someone to marry,
6676,journal,s_journal_write_arguments,event,516,font_m,,{main_he},yes,since {main_he} is not married to someone yet,
6677,journal,s_journal_write_arguments,event,516,font_m,,{main_he},yes,because {main_he} doesn't have a spouse,
6678,journal,s_journal_write_arguments,event,516,font_m,,{main_he},yes,as {main_he} hasn't got a spouse yet,
6679,journal,s_journal_write_arguments,event,516,font_m,,{main_he},yes,although {main_he} is not married yet,
6680,journal,s_journal_write_arguments,event,516,font_m,,{main_he},yes,even though {main_he} hasn't found a spouse yet,
6681,journal,s_journal_write_arguments,event,516,font_m,,,yes,despite not having married someone yet,
6682,journal,s_journal_write_arguments,event,516,font_m,,{main_he},yes,{main_he} possesses a certain faith,
6683,journal,s_journal_write_arguments,event,516,font_m,,{main_he},yes,{main_he} has a level of faith,
6684,journal,s_journal_write_arguments,event,516,font_m,,{main_he},yes,{main_he} carries a moderate belief,
6685,journal,s_journal_write_arguments,event,516,font_m,,{main_he} {main_his},yes,{main_he} shows a fair commitment to {main_his} beliefs,
6686,journal,s_journal_write_arguments,event,516,font_m,,{main_his},yes,{main_his} possesses a modest belief,
6687,journal,s_journal_write_arguments,event,516,font_m,,{main_his},yes,due to {main_his} faith,
6688,journal,s_journal_write_arguments,event,516,font_m,,{main_his},yes,because of {main_his} faith,
6689,journal,s_journal_write_arguments,event,516,font_m,,{main_his},yes,owing to {main_his} faith,
6690,journal,s_journal_write_arguments,event,516,font_m,,{main_he},yes,though {main_he} holds a certain belief,
6691,journal,s_journal_write_arguments,event,516,font_m,,{main_his},yes,in spite of {main_his} faith,
6692,journal,s_journal_write_arguments,event,516,font_m,,{main_his},yes,despite {main_his} faith,
6693,journal,s_journal_write_arguments,event,516,font_m,,{main_he},yes,{main_he} possesses strong faith,
6694,journal,s_journal_write_arguments,event,516,font_m,,{main_he},yes,{main_he} has deep faith,
6695,journal,s_journal_write_arguments,event,516,font_m,,{main_he},yes,{main_he} maintains a strong belief,
6696,journal,s_journal_write_arguments,event,516,font_m,,{main_he} {main_his},yes,{main_he} is deeply committed to {main_his} faith,
6697,journal,s_journal_write_arguments,event,516,font_m,,{main_his},yes,{main_his} faith is deeply rooted,
6698,journal,s_journal_write_arguments,event,516,font_m,,{main_his},yes,due to {main_his} strong faith,
6699,journal,s_journal_write_arguments,event,516,font_m,,{main_his},yes,because of {main_his} deep faith,
6700,journal,s_journal_write_arguments,event,516,font_m,,{main_his},yes,owing to {main_his} strong faith,
6701,journal,s_journal_write_arguments,event,516,font_m,,{main_he},yes,though {main_he} holds a firm belief,
6702,journal,s_journal_write_arguments,event,516,font_m,,{main_his},yes,in spite of {main_his} profound faith,
6703,journal,s_journal_write_arguments,event,516,font_m,,{main_his},yes,despite {main_his} deep faith,
6704,journal,s_journal_write_arguments,event,516,font_m,,{main_he},yes,{main_he} has been convinced by you,
6705,journal,s_journal_write_arguments,event,516,font_m,,{main_him},yes,your persuasion has won {main_him} over,
6706,journal,s_journal_write_arguments,event,516,font_m,,{main_he},yes,{main_he} has given in to your persuasion,
6707,journal,s_journal_write_arguments,event,516,font_m,,{main_him},yes,you managed to persuade {main_him},
6708,journal,s_journal_write_arguments,event,516,font_m,,{main_he},yes,{main_he} has been swayed by you,
6709,journal,s_journal_write_arguments,event,516,font_m,,,yes,under your persuasion,
6710,journal,s_journal_write_arguments,event,516,font_m,,,yes,having been persuaded by you,
6711,journal,s_journal_write_arguments,event,516,font_m,,,yes,persuaded by you,
6712,journal,s_journal_write_arguments,event,516,font_m,,,yes,though a result of your persuasion,
6713,journal,s_journal_write_arguments,event,516,font_m,,,yes,regardless of your persuasion,
6714,journal,s_journal_write_arguments,event,516,font_m,,{main_he},yes,even though {main_he} has been convinced by you,
6717,journal,s_journal_write_arguments,event,516,font_m,yes,{main_he},yes,{main_he} feels compelled by the mark ',
6719,journal,s_journal_write_arguments,event,516,font_m,yes,{main_he},yes,{main_he} is driven by the mark ',
6720,journal,s_journal_write_arguments,event,516,font_m,yes,,yes,under the marks's ',
6721,journal,s_journal_write_arguments,event,516,font_m,yes,{main_he},yes,"' influence, {main_he} feels compelled",
6722,journal,s_journal_write_arguments,event,516,font_m,yes,{main_he},yes,{main_he} is irresistibly influenced by the mark ',
6723,journal,s_journal_write_arguments,event,516,font_m,yes,,yes,driven by the magic of the mark ',
6724,journal,s_journal_write_arguments,event,516,font_m,yes,,yes,compelled by the mark ',
6725,journal,s_journal_write_arguments,event,516,font_m,yes,,yes,feeling urged by the mark ',
6726,journal,s_journal_write_arguments,event,516,font_m,yes,,yes,under the influence of the mark ',
6727,journal,s_journal_write_arguments,event,516,font_m,yes,,yes,regardless of being compelled by the mark ',
6728,journal,s_journal_write_arguments,event,516,font_m,yes,,yes,despite feeling urged by the mark ',
6729,journal,s_journal_write_arguments,event,516,font_m,yes,,yes,though feeling driven by the mark ',
6730,journal,s_journal_write_arguments,event,516,font_m,,{main_he},yes,{main_he} seeks companionship with peers,
6731,journal,s_journal_write_arguments,event,516,font_m,,{main_he} {main_his},yes,{main_he} desires to be with {main_his} peers,
6732,journal,s_journal_write_arguments,event,516,font_m,,{main_he} {main_his},yes,{main_he} wants to spend time with {main_his} peers,
6733,journal,s_journal_write_arguments,event,516,font_m,,{main_he},yes,{main_he} wants to engage with peers,
6734,journal,s_journal_write_arguments,event,516,font_m,,{main_he} {main_his},yes,{main_he} looks for people {main_his} age to connect with,
6735,journal,s_journal_write_arguments,event,516,font_m,,{main_his},yes,in search of peers {main_his} own age to hang out with,
6736,journal,s_journal_write_arguments,event,516,font_m,,,yes,seeking companionship with peers,
6737,journal,s_journal_write_arguments,event,516,font_m,,{main_he} {main_his},yes,as {main_he} looks for people {main_his} age to connect with,
6738,journal,s_journal_write_arguments,event,516,font_m,,{main_he} {main_his},yes,although {main_he} wants to spend time with someone {main_his} age,
6739,journal,s_journal_write_arguments,event,516,font_m,,,yes,in spite of seeking companionship with peers,
6740,journal,s_journal_write_arguments,event,516,font_m,,{main_his},yes,despite wanting to be around someone {main_his} own age,
6741,journal,s_journal_write_arguments,event,516,font_m,,{main_he} {main_his},yes,{main_he} enjoys spending time with {main_his} family,
6742,journal,s_journal_write_arguments,event,516,font_m,,{main_he} {main_his},yes,{main_he} finds pleasure in being with {main_his} family,
6743,journal,s_journal_write_arguments,event,516,font_m,,{main_he},yes,{main_he} values family time,
6744,journal,s_journal_write_arguments,event,516,font_m,,{main_he} {main_his},yes,{main_he} loves being with {main_his} family,
6745,journal,s_journal_write_arguments,event,516,font_m,,{main_he},yes,{main_he} enjoys family gatherings,
6746,journal,s_journal_write_arguments,event,516,font_m,,,yes,wanting to engage with a family member,
6747,journal,s_journal_write_arguments,event,516,font_m,,,yes,looking to connect with a close relative,
6748,journal,s_journal_write_arguments,event,516,font_m,,{main_he},yes,as {main_he} seeks to connect with a relative,
6749,journal,s_journal_write_arguments,event,516,font_m,,{main_his},yes,despite {main_his} desire to connect with a close relative,
6750,journal,s_journal_write_arguments,event,516,font_m,,,yes,regardless of wanting to positively engage with a family member,
6751,journal,s_journal_write_arguments,event,516,font_m,,{main_he} {main_his},yes,even though {main_he} enjoys spending time with {main_his} relatives,
6752,journal,s_journal_write_arguments,event,516,font_m,,{main_he},yes,{main_he} wants to spend time with friends,
6753,journal,s_journal_write_arguments,event,516,font_m,,{main_he} {main_his},yes,{main_he} seeks to hang out with {main_his} friends,
6754,journal,s_journal_write_arguments,event,516,font_m,,{main_he} {main_his},yes,{main_he} aims to be with {main_his} friends,
6755,journal,s_journal_write_arguments,event,516,font_m,,{main_he},yes,{main_he} looks to spend time with friends,
6756,journal,s_journal_write_arguments,event,516,font_m,,{main_he},yes,{main_he} is eager to hang out with friends,
6757,journal,s_journal_write_arguments,event,516,font_m,,{main_he} {other_him},yes,as {main_he} seeks to spend time with {other_him},
6758,journal,s_journal_write_arguments,event,516,font_m,,,yes,looking to hang out with friends,
6759,journal,s_journal_write_arguments,event,516,font_m,,,yes,wanting to be around friends,
6760,journal,s_journal_write_arguments,event,516,font_m,,{main_he} {other_him},yes,even though {main_he} is seeking to spend time with {other_him},
6761,journal,s_journal_write_arguments,event,516,font_m,,,yes,regardless of wanting to be around friends,
6762,journal,s_journal_write_arguments,event,516,font_m,,,yes,in spite of looking to hang out with friends,
6763,journal,s_journal_write_arguments,event,516,font_m,,{main_he} {main_his},yes,{main_he} aims to improve {main_his} social status,
6764,journal,s_journal_write_arguments,event,516,font_m,,{main_he} {main_his},yes,{main_he} hopes to advance {main_his} social reputation,
6765,journal,s_journal_write_arguments,event,516,font_m,,{main_he} {main_his},yes,{main_he} is focused on improving {main_his} social standing,
6766,journal,s_journal_write_arguments,event,516,font_m,,{main_he} {main_his},yes,{main_he} strives to enhance {main_his} position within social circles,
6767,journal,s_journal_write_arguments,event,516,font_m,,{main_he} {main_his},yes,{main_he} seeks to elevate {main_his} social position,
6768,journal,s_journal_write_arguments,event,516,font_m,,{main_his},yes,in an effort to boost {main_his} social status,
6769,journal,s_journal_write_arguments,event,516,font_m,,{main_his},yes,looking to enhance {main_his} social standing,
6770,journal,s_journal_write_arguments,event,516,font_m,,{main_his},yes,driven by a desire to elevate {main_his} social position,
6771,journal,s_journal_write_arguments,event,516,font_m,,{main_his},yes,despite looking to enhance {main_his} social standing,
6772,journal,s_journal_write_arguments,event,516,font_m,,{main_his},yes,although in pursuit of improving {main_his} social status,
6773,journal,s_journal_write_arguments,event,516,font_m,,{main_his},no,even while aiming to boost {main_his} social status,
6774,journal,s_journal_write_arguments,event,516,font_m,,{main_he},yes,{main_he} desires to socialize with individuals of high social status,
6775,journal,s_journal_write_arguments,event,516,font_m,,{main_he},yes,{main_he} seeks to interact with those of superior social rank,
6776,journal,s_journal_write_arguments,event,516,font_m,,{main_he},yes,{main_he} wants to associate with those of significant social standing,
6777,journal,s_journal_write_arguments,event,516,font_m,,{main_he},yes,{main_he} looks to connect with those of elevated social stature,
6778,journal,s_journal_write_arguments,event,516,font_m,,{main_he},yes,{main_he} hopes to spend time with people of notable social status,
6779,journal,s_journal_write_arguments,event,516,font_m,,,yes,seeking to mingle with those of high social standing,
6780,journal,s_journal_write_arguments,event,516,font_m,,,yes,in pursuit of associating with high-status individuals,
6781,journal,s_journal_write_arguments,event,516,font_m,,,yes,motivated by a desire to associate with a person of high social standing,
6782,journal,s_journal_write_arguments,event,516,font_m,,{main_his},yes,in spite of {main_his} wish to connect with someone of high social status,
6783,journal,s_journal_write_arguments,event,516,font_m,,,yes,even though being motivated to associate with a person of high social standing,
6784,journal,s_journal_write_arguments,event,516,font_m,yes,{main_he},yes,"{main_he} seeks to connect with someone of high rank, such as a ",
6785,journal,s_journal_write_arguments,event,516,font_m,yes,{main_he},yes,"{main_he} wants to engage with those of prominent rank, like a ",
6786,journal,s_journal_write_arguments,event,516,font_m,yes,{main_he},yes,"{main_he} looks to align with people of significant rank, like a ",
6787,journal,s_journal_write_arguments,event,516,font_m,yes,{main_he},yes,"{main_he} seeks to affiliate with people of rank, like a ",
6788,journal,s_journal_write_arguments,event,516,font_m,yes,{main_he},yes,"{main_he} hopes to spend time with people of notable rank, such as a ",
6789,journal,s_journal_write_arguments,event,516,font_m,yes,{main_his},yes,"due to {main_his} desire to connect with someone of high status, such as a ",
6790,journal,s_journal_write_arguments,event,516,font_m,yes,,yes,"seeking association with someone of prominent rank, like a ",
6791,journal,s_journal_write_arguments,event,516,font_m,yes,,yes,"wanting to associate with individuals of significant rank, like a ",
6792,journal,s_journal_write_arguments,event,516,font_m,yes,{main_his},yes,"regardless of {main_his} desire to interact with individuals of high status, such as a ",
6793,journal,s_journal_write_arguments,event,516,font_m,yes,{main_his},yes,"in spite of {main_his} wish to interact with individuals of elevated status, like a ",
6794,journal,s_journal_write_arguments,event,516,font_m,yes,{main_his},yes,"despite {main_his} desire to connect with someone of high social status, such as a ",
6795,journal,s_journal_write_arguments,event,516,font_m,,{main_he} {main_his},yes,{main_he} desires to prove {main_his} social importance by engaging with outsiders,
6796,journal,s_journal_write_arguments,event,516,font_m,,{main_he} {main_his},yes,{main_he} wants to affirm {main_his} social value by connecting with outsiders,
6797,journal,s_journal_write_arguments,event,516,font_m,,{main_he},yes,{main_he} aims to highlight his social status by connecting with outsiders,
6798,journal,s_journal_write_arguments,event,516,font_m,,{main_he},yes,{main_he} wishes to display significance by engaging with outsiders,
6799,journal,s_journal_write_arguments,event,516,font_m,,{main_he} {main_his},yes,{main_he} wants to prove {main_his} social value by connecting with,
6800,journal,s_journal_write_arguments,event,516,font_m,,{main_his},yes,to showcase {main_his} social importance by connecting with outsiders,
6801,journal,s_journal_write_arguments,event,516,font_m,,{main_his},yes,to assert {main_his} importance by making connections with outsiders,
6802,journal,s_journal_write_arguments,event,516,font_m,,{main_his},yes,to affirm {main_his} social standing by associating with outsiders,
6803,journal,s_journal_write_arguments,event,516,font_m,,{main_his},yes,in spite of {main_his} goal to display {main_his} standing through engagement with outsiders,
6804,journal,s_journal_write_arguments,event,516,font_m,,{main_his},yes,even though he aims to highlight {main_his} social significance through engaging with outsiders,
6805,journal,s_journal_write_arguments,event,516,font_m,,{main_his},yes,despite {main_his} desire to demonstrate social importance by reaching out to outsiders,
6806,journal,s_journal_write_arguments,event,516,font_m,,{main_he},yes,{main_he} seeks out individuals to share drinks with,
6807,journal,s_journal_write_arguments,event,516,font_m,,{main_he},yes,{main_he} looks for company to enjoy a drink with,
6808,journal,s_journal_write_arguments,event,516,font_m,,{main_he} {main_him},yes,{main_he} searches for others to join {main_him} for drinks,
6809,journal,s_journal_write_arguments,event,516,font_m,,{main_he},yes,{main_he} searches for friends to share a drink with,
6810,journal,s_journal_write_arguments,event,516,font_m,,{main_he},yes,{main_he} seeks companions for a drinking session,
6811,journal,s_journal_write_arguments,event,516,font_m,,{main_he},yes,because {main_he} wants to connect with someone who appreciates alcohol as much as {main_he} does,
6812,journal,s_journal_write_arguments,event,516,font_m,,{main_his},yes,in hopes of bonding with someone who shares {main_his} interest in drinking,
6813,journal,s_journal_write_arguments,event,516,font_m,,,yes,looking for someone who also likes to drink,
6814,journal,s_journal_write_arguments,event,516,font_m,,,yes,in spite of wanting to find a drinking buddy,
6815,journal,s_journal_write_arguments,event,516,font_m,,{main_he},yes,even though {main_he} wants to find people to socialize with over drinks,
6816,journal,s_journal_write_arguments,event,516,font_m,,,yes,despite on the lookout for drinking buddies,
6817,journal,s_journal_write_arguments,event,516,font_m,,{main_he},yes,{main_he} seeks to establish good relationships with the pub's regular patrons,
6818,journal,s_journal_write_arguments,event,516,font_m,,{main_he},yes,{main_he} hopes to fit in with the other frequent visitors at the pub,
6819,journal,s_journal_write_arguments,event,516,font_m,,{main_he},yes,{main_he} desires to get on well with the regulars at the pub,
6820,journal,s_journal_write_arguments,event,516,font_m,,{main_he},yes,{main_he} wants to be friendly with the other regulars at the pub,
6821,journal,s_journal_write_arguments,event,516,font_m,,{main_he},yes,{main_he} wants to integrate smoothly with the pub's regular crowd,
6822,journal,s_journal_write_arguments,event,516,font_m,,,yes,since you are both at the pub,
6823,journal,s_journal_write_arguments,event,516,font_m,,,yes,given that you are both at the pub together,
6824,journal,s_journal_write_arguments,event,516,font_m,,{main_he},no,because {main_he} enjoys getting to know the people at the pub better,
6825,journal,s_journal_write_arguments,event,516,font_m,,,yes,since they are both at the pub,
6826,journal,s_journal_write_arguments,event,516,font_m,,,yes,given that they are both at the pub together,
6827,journal,s_journal_write_arguments,event,516,font_m,,,no,in spite of wanting to connect more with the people at the pub,
6828,journal,s_journal_write_arguments,event,516,font_m,,,yes,even though you are both regulars at the pub,
6829,journal,s_journal_write_arguments,event,516,font_m,,,no,despite being eager to bond with the regulars at the pub,
6830,journal,s_journal_write_arguments,event,516,font_m,,,yes,even though they are both regulars at the pub,
6831,journal,s_journal_write_arguments,event,516,font_m,,{main_he},no,{main_he} has had too much to drink,
6832,journal,s_journal_write_arguments,event,516,font_m,,{main_he},yes,{main_he} has had more drinks than {main_he} can handle,
6833,journal,s_journal_write_arguments,event,516,font_m,,{main_he},yes,{main_he} has had a bit too much to drink,
6834,journal,s_journal_write_arguments,event,516,font_m,,{main_he},yes,{main_he} is quite drunk,
6835,journal,s_journal_write_arguments,event,516,font_m,,{main_he} {main_his},yes,{main_he} has drunk beyond {main_his} limit,
6836,journal,s_journal_write_arguments,event,516,font_m,,,yes,feeling uninhibited by alcohol consumption,
6837,journal,s_journal_write_arguments,event,516,font_m,,{main_his},yes,ignoring social barriers due to {main_his} drunken state,
6838,journal,s_journal_write_arguments,event,516,font_m,,,yes,influenced by alcohol,
6839,journal,s_journal_write_arguments,event,516,font_m,,,yes,although drunk and indifferent to social conventions,
6840,journal,s_journal_write_arguments,event,516,font_m,,{main_his},yes,even in {main_his} drunken state,
6841,journal,s_journal_write_arguments,event,516,font_m,,,yes,despite being very drunk,
6842,journal,s_journal_write_arguments,event,516,font_m,,{main_he} {main_his},yes,{main_he} is strongly attached to {main_his} family,
6843,journal,s_journal_write_arguments,event,516,font_m,,{main_he} {main_his},yes,{main_he} is devoted to {main_his} family,
6844,journal,s_journal_write_arguments,event,516,font_m,,{main_he} {main_his},yes,{main_he} is earnest in {main_his} dedication to {main_his} family,
6845,journal,s_journal_write_arguments,event,516,font_m,,{main_he},yes,{main_he} values family above everything,
6846,journal,s_journal_write_arguments,event,516,font_m,,{main_he},yes,{main_he} is a family-oriented person,
6847,journal,s_journal_write_arguments,event,516,font_m,,,yes,dedicated to upholding family values,
6848,journal,s_journal_write_arguments,event,516,font_m,,{main_him} {main_his},yes,because {main_his} family holds great importance to {main_him},
6849,journal,s_journal_write_arguments,event,516,font_m,,{main_his},yes,motivated by {main_his} desire to uphold family values,
6850,journal,s_journal_write_arguments,event,516,font_m,,{main_his},yes,despite prioritizing {main_his} family above all else,
6851,journal,s_journal_write_arguments,event,516,font_m,,{main_he},yes,even though {main_he} is committed to support family values,
6852,journal,s_journal_write_arguments,event,516,font_m,,{main_him} {main_his},yes,despite {main_his} family holds great importance to {main_him},
6853,journal,s_journal_write_arguments,event,516,font_m,,{main_he},yes,{main_he} wants to keep your relationship in good standing,
6854,journal,s_journal_write_arguments,event,516,font_m,,{main_he},yes,{main_he} is dedicated to your marital bond,
6855,journal,s_journal_write_arguments,event,516,font_m,,{main_he} {main_his},yes,{main_he} devotes {main_his} attention to your marriage,
6856,journal,s_journal_write_arguments,event,516,font_m,,{main_he},yes,{main_he} values your marriage,
6857,journal,s_journal_write_arguments,event,516,font_m,,{main_he},yes,{main_he} is attentive to your marriage,
6858,journal,s_journal_write_arguments,event,516,font_m,,{main_he},yes,{main_he} wants to keep their relationship in good standing,
6859,journal,s_journal_write_arguments,event,516,font_m,,{main_he},yes,{main_he} is dedicated to their marital bond,
6860,journal,s_journal_write_arguments,event,516,font_m,,{main_he} {main_his},yes,{main_he} devotes {main_his} attention to their marriage,
6861,journal,s_journal_write_arguments,event,516,font_m,,{main_he},yes,{main_he} values their marriage,
6862,journal,s_journal_write_arguments,event,516,font_m,,{main_he},yes,{main_he} is attentive to their marriage,
6863,journal,s_journal_write_arguments,event,516,font_m,,,no,to maintain a positive relationship,
6864,journal,s_journal_write_arguments,event,516,font_m,,,no,in order to sustain a healthy marriage,
6865,journal,s_journal_write_arguments,event,516,font_m,,{main_his},yes,driven by {main_his} desire to keep your relationship strong,
6866,journal,s_journal_write_arguments,event,516,font_m,,{main_his},yes,driven by {main_his} desire to keep their relationship strong,
6867,journal,s_journal_write_arguments,event,516,font_m,,,no,despite seeking to sustain a healthy relationship,
6868,journal,s_journal_write_arguments,event,516,font_m,,{main_he},yes,even though {main_he} is committed to your marriage,
6869,journal,s_journal_write_arguments,event,516,font_m,,{main_his},yes,despite {main_his} dedication to your marriage,
6870,journal,s_journal_write_arguments,event,516,font_m,,{main_he},yes,even though {main_he} is committed to their marriage,
6871,journal,s_journal_write_arguments,event,516,font_m,,{main_his},yes,despite {main_his} dedication to their marriage,
6872,journal,s_journal_write_arguments,event,516,font_m,,{main_he} {main_his} {other_he},yes,{main_he} sees a possibility that {other_he} might become {main_his} spouse,
6873,journal,s_journal_write_arguments,event,516,font_m,,{main_he} {other_him},yes,{main_he} views {other_him} as a potential spouse,
6874,journal,s_journal_write_arguments,event,516,font_m,,{main_he} {other_him},yes,{main_he} sees {other_him} as a candidate for marriage,
6875,journal,s_journal_write_arguments,event,516,font_m,,{main_he} {other_him},yes,{main_he} envisions {other_him} as a potential life partner,
6876,journal,s_journal_write_arguments,event,516,font_m,,{main_he} {other_him},yes,{main_he} perceives {other_him} as a suitable match for marriage,
6877,journal,s_journal_write_arguments,event,516,font_m,,{main_he} {other_he},yes,because {main_he} believes {other_he} could be a good spouse,
6878,journal,s_journal_write_arguments,event,516,font_m,,{main_his} {other_he},yes,given {main_his} impression that {other_he} could be a suitable partner for marriage,
6879,journal,s_journal_write_arguments,event,516,font_m,,{main_he} {other_him},yes,as {main_he} considers {other_him} a possible future spouse,
6880,journal,s_journal_write_arguments,event,516,font_m,,{main_he} {other_him},yes,although {main_he} perceives {other_him} as a candidate for marriage,
6881,journal,s_journal_write_arguments,event,516,font_m,,{main_his} {other_him},yes,despite {main_his} belief that {other_him} could be a potential spouse,
6882,journal,s_journal_write_arguments,event,516,font_m,,{main_he} {other_him},yes,although {main_he} sees {other_him} as a marriage prospect,
6883,journal,s_journal_write_arguments,event,516,font_m,,{main_he} {other_he},yes,{main_he} and {other_he} share a strong appreciation for friendship,
6884,journal,s_journal_write_arguments,event,516,font_m,,{main_he} {other_he},yes,both {main_he} and {other_he} cherish the concept of friendship,
6885,journal,s_journal_write_arguments,event,516,font_m,,{main_him} {other_him},yes,Friendship is a core value for both {main_him} and {other_him},
6886,journal,s_journal_write_arguments,event,516,font_m,,{main_him} {other_him},yes,The notion of friendship is significant to both {main_him} and {other_him},
6887,journal,s_journal_write_arguments,event,516,font_m,,{main_he} {other_he},yes,{main_he} and {other_he} both esteem the value of friendship,
6888,journal,s_journal_write_arguments,event,516,font_m,,,yes,because you both highly value the importance of friendship,
6889,journal,s_journal_write_arguments,event,516,font_m,,,yes,due to your mutual respect for the value of friendship,
6890,journal,s_journal_write_arguments,event,516,font_m,,,yes,since you share the belief in the significance of friendship,
6891,journal,s_journal_write_arguments,event,516,font_m,,,yes,because they both highly value the importance of friendship,
6892,journal,s_journal_write_arguments,event,516,font_m,,,yes,due to their mutual respect for the value of friendship,
6893,journal,s_journal_write_arguments,event,516,font_m,,,yes,since they share the belief in the significance of friendship,
6894,journal,s_journal_write_arguments,event,516,font_m,,{main_him} {other_him},yes,although friendship is a shared priority for {main_him} and {other_him},
6895,journal,s_journal_write_arguments,event,516,font_m,,{main_he} {other_he},yes,despite {main_he} and {other_he} equally appreciate the value of friendship,
6896,journal,s_journal_write_arguments,event,516,font_m,,{main_he} {other_he},yes,though {main_he} and {other_he} see great worth in the idea of friendship,
6897,journal,s_journal_write_arguments,event,516,font_m,,{main_he} {other_him},yes,{main_he} sees {other_him} as someone who could be a valuable friend,
6898,journal,s_journal_write_arguments,event,516,font_m,,{main_he} {other_he},yes,{main_he} believes that {other_he} might turn out to be a good friend,
6899,journal,s_journal_write_arguments,event,516,font_m,,{main_he} {other_he},yes,{main_he} is optimistic that {main_he} and {other_he} could become friends,
6900,journal,s_journal_write_arguments,event,516,font_m,,{main_he} {other_he},yes,{main_he} suspects {main_he} and {other_he} could develop a friendship,
6901,journal,s_journal_write_arguments,event,516,font_m,,{main_he} {other_him},yes,{main_he} thinks there's a chance for friendship with {other_him},
6902,journal,s_journal_write_arguments,event,516,font_m,,{main_he} {other_he},yes,because {main_he} thinks {other_he} could become a friend,
6903,journal,s_journal_write_arguments,event,516,font_m,,{main_he} {other_he},yes,as {main_he} thinks {other_he} might make a solid friend,
6904,journal,s_journal_write_arguments,event,516,font_m,,{main_his} {other_he},yes,because it is {main_his} belief that {other_he} might be a good friend,
6905,journal,s_journal_write_arguments,event,516,font_m,,{main_his} {other_he},yes,despite {main_his} belief that {other_he} might be a good friend,
6906,journal,s_journal_write_arguments,event,516,font_m,,,yes,regardless of believing there's a possibility for friendship with Sam,
6907,journal,s_journal_write_arguments,event,516,font_m,,{main_he} {other_he},yes,even though {main_he} thinks {other_he} might make a solid friend,
6908,journal,s_journal_write_arguments,event,516,font_m,,{main_he} {other_him},yes,{main_he} wants to get intimate with {other_him},
6909,journal,s_journal_write_arguments,event,516,font_m,,{main_he} {other_him},yes,{main_he} desires to connect physically with {other_him},
6910,journal,s_journal_write_arguments,event,516,font_m,,{main_he} {other_him},yes,{main_he} hopes to share a romantic moment with {other_him},
6911,journal,s_journal_write_arguments,event,516,font_m,,{main_he} {other_he},yes,{main_he} feels {main_he} and {other_he} could have an intimate encounter,
6912,journal,s_journal_write_arguments,event,516,font_m,,{main_he} {other_him},yes,{main_he} sees the chance for an intimate interaction with {other_him},
6913,journal,s_journal_write_arguments,event,516,font_m,,,yes,thinking it might lead to intimacy,
6914,journal,s_journal_write_arguments,event,516,font_m,,,yes,hoping it could result in a physical encounter,
6915,journal,s_journal_write_arguments,event,516,font_m,,,yes,with the expectation that it could lead to intimacy,
6916,journal,s_journal_write_arguments,event,516,font_m,,{main_he} {other_him},yes,although {main_he} is eager to have a sensual experience with {other_him},
6917,journal,s_journal_write_arguments,event,516,font_m,,{other_him},yes,in spite of feeling a strong desire to be physically close to {other_him},
6918,journal,s_journal_write_arguments,event,516,font_m,,{other_him},yes,despite wishing to engage in a private moment with {other_him},
6919,journal,s_journal_write_arguments,event,516,font_m,,,yes,you share a strong appreciation for faith,
6920,journal,s_journal_write_arguments,event,516,font_m,,{main_he} {other_his},no,{main_he} holds {other_his} belief in faith in high regard,
6921,journal,s_journal_write_arguments,event,516,font_m,,{main_he} {other_his},no,{main_he} values {other_his} faith-based convictions,
6922,journal,s_journal_write_arguments,event,516,font_m,,{main_he} {other_his},no,{main_he} admires {other_his} commitment to faith,
6923,journal,s_journal_write_arguments,event,516,font_m,,{main_he} {other_his},no,{main_he} acknowledges {other_his} belief in faith,
6924,journal,s_journal_write_arguments,event,516,font_m,,,yes,they share a strong appreciation for faith,
6925,journal,s_journal_write_arguments,event,516,font_m,,,yes,because you both highly value the importance of faith,
6926,journal,s_journal_write_arguments,event,516,font_m,,,yes,due to your mutual respect for the value of faith,
6927,journal,s_journal_write_arguments,event,516,font_m,,,yes,due to your shared belief in the significance of holding up faith,
6928,journal,s_journal_write_arguments,event,516,font_m,,,yes,because they both highly value the importance of faith,
6929,journal,s_journal_write_arguments,event,516,font_m,,,yes,due to their mutual respect for the value of faith,
6930,journal,s_journal_write_arguments,event,516,font_m,,,yes,due to their shared belief in the significance of holding up faith,
6931,journal,s_journal_write_arguments,event,516,font_m,,{main_his} {other_his},yes,in spite of {main_his} respect for {other_his} belief in faith,
6932,journal,s_journal_write_arguments,event,516,font_m,,{main_he} {other_his},yes,although {main_he} acknowledges {other_his} commitment to faith,
6933,journal,s_journal_write_arguments,event,516,font_m,,{main_his} {other_his},yes,even with {main_his} respect for {other_his} spiritual beliefs,
6934,journal,s_journal_write_arguments,event,516,font_m,,{main_he} {other_he},yes,{main_he} and {other_he} both follow the teachings of the cult,
6935,journal,s_journal_write_arguments,event,516,font_m,,{main_he} {other_he},yes,{main_he} and {other_he} are cult members,
6936,journal,s_journal_write_arguments,event,516,font_m,,{main_he} {other_he},yes,both {main_he} and {other_he} are part of the cult,
6937,journal,s_journal_write_arguments,event,516,font_m,,{main_he} {other_he},yes,{main_he} and {other_he} are members of the cult,
6938,journal,s_journal_write_arguments,event,516,font_m,,{main_he} {other_he},yes,{main_he} and {other_he} are both in the cult,
6939,journal,s_journal_write_arguments,event,516,font_m,,,yes,because you are both members of the cult,
6940,journal,s_journal_write_arguments,event,516,font_m,,,yes,due to your mutual involvement in the cult,
6941,journal,s_journal_write_arguments,event,516,font_m,,,yes,driven by your common cult membership,
6942,journal,s_journal_write_arguments,event,516,font_m,,,yes,because they are both members of the cult,
6943,journal,s_journal_write_arguments,event,516,font_m,,,yes,due to their mutual involvement in the cult,
6944,journal,s_journal_write_arguments,event,516,font_m,,,yes,driven by their common cult membership,
6945,journal,s_journal_write_arguments,event,516,font_m,,{main_he} {other_he},yes,even though both {main_he} and {other_he} are associated with the cult,
6946,journal,s_journal_write_arguments,event,516,font_m,,{main_he} {other_he},yes,although {main_he} and {other_he} both belong to the cult,
6947,journal,s_journal_write_arguments,event,516,font_m,,{main_his} {other_his},yes,regardless of {main_his} and {other_his} affiliation with the cult,
6948,journal,s_journal_write_arguments,event,516,font_m,,{main_he} {other_he},yes,{main_he} is a cultist and {other_he} is a heretic,
6949,journal,s_journal_write_arguments,event,516,font_m,,{main_he} {other_him},yes,"{main_he}, a cult member, is at odds with {other_him}, a heretic",
6950,journal,s_journal_write_arguments,event,516,font_m,,{main_he} {other_his},yes,{main_he} being a cultist creates tension with {other_his} position as a heretic,
6951,journal,s_journal_write_arguments,event,516,font_m,,{main_his} {other_his},yes,{main_his} status as a cultist is in direct conflict with {other_his} heretical nature,
6952,journal,s_journal_write_arguments,event,516,font_m,,{main_his} {other_his},yes,{main_his} cultist role is at odds with {other_his} identity as a heretic,
6953,journal,s_journal_write_arguments,event,516,font_m,,,no,due to your opposing beliefs,
6954,journal,s_journal_write_arguments,event,516,font_m,,{main_he} {other_he},no,because {main_he} is a cultist and {other_he} is a heretic,
6955,journal,s_journal_write_arguments,event,516,font_m,,,no,as a result of the tension between your opposing beliefs,
6956,journal,s_journal_write_arguments,event,516,font_m,,,no,due to their opposing beliefs,
6957,journal,s_journal_write_arguments,event,516,font_m,,,no,as a result of the tension between their opposing beliefs,
6958,journal,s_journal_write_arguments,event,516,font_m,,{main_him} {other_him},no,despite the conflict between {main_him} being a cultist and {other_him} being a heretic,
6959,journal,s_journal_write_arguments,event,516,font_m,,{main_his} {other_his},no,even though {main_his} role as a cultist clashes with {other_his} heretical beliefs,
6960,journal,s_journal_write_arguments,event,516,font_m,,,no,despite the clash between your beliefs,
6961,journal,s_journal_write_arguments,event,516,font_m,,,no,despite the clash between their beliefs,
6962,journal,s_journal_write_arguments,event,516,font_m,,{main_he} {other_he},yes,{main_he} is a heretic and {other_he} is a cultist,
6963,journal,s_journal_write_arguments,event,516,font_m,,{main_he} {other_him},yes,"{main_he}, a heretic, is at odds with {other_him}, a cult member",
6964,journal,s_journal_write_arguments,event,516,font_m,,{main_he} {other_his},yes,{main_he} being a heretic creates tension with {other_his} position as a cultist,
6965,journal,s_journal_write_arguments,event,516,font_m,,{main_his} {other_his},yes,{main_his} status as a cultist is in direct conflict with {other_his} cult involvement,
6966,journal,s_journal_write_arguments,event,516,font_m,,{main_his} {other_his},yes,{main_his} heretic role is at odds with {other_his} identity as a cultist,
6967,journal,s_journal_write_arguments,event,516,font_m,,{main_he} {other_he},no,because {main_he} is a heretic and {other_he} is a cultist,
6968,journal,s_journal_write_arguments,event,516,font_m,,{main_him} {other_him},no,despite the conflict between {main_him} being a heretic and {other_him} being a cultist,
6969,journal,s_journal_write_arguments,event,516,font_m,,{main_his} {other_his},no,even though {main_his} role as a cultist clashes with {other_his} cult beliefs,
6970,journal,s_journal_write_arguments,event,516,font_m,,{main_he} {other_he},yes,{main_he} and {other_he} are both deemed heretics,
6971,journal,s_journal_write_arguments,event,516,font_m,,{main_he} {other_he},yes,{main_he} and {other_he} are labeled as heretics,
6972,journal,s_journal_write_arguments,event,516,font_m,,{main_he} {other_he},yes,both {main_he} and {other_he} are belittled as heretics,
6973,journal,s_journal_write_arguments,event,516,font_m,,{main_he} {other_he},yes,{main_he} and {other_he} are each judged as heretics,
6974,journal,s_journal_write_arguments,event,516,font_m,,{main_he} {other_he},yes,{main_he} and {other_he} both bear the unwelcome status of heretics,
6975,journal,s_journal_write_arguments,event,516,font_m,,{main_he} {other_he},no,given that {main_he} and {other_he} are both considered heretics,
6976,journal,s_journal_write_arguments,event,516,font_m,,,yes,due to your shared status as heretics,
6977,journal,s_journal_write_arguments,event,516,font_m,,{main_he} {other_he},no,in light of {main_he} and {other_he} both being heretics,
6978,journal,s_journal_write_arguments,event,516,font_m,,,yes,due to their shared status as heretics,
6979,journal,s_journal_write_arguments,event,516,font_m,,{main_he} {other_he},yes,despite both {main_he} and {other_he} being heretics,
6980,journal,s_journal_write_arguments,event,516,font_m,,{main_he} {other_he},yes,although {main_he} and {other_he} are both deemed as heretics,
6981,journal,s_journal_write_arguments,event,516,font_m,,{main_his} {other_his},yes,regardless of {main_his} and {other_his} mutual heretical status,
6988,journal,s_journal_write_arguments,event,516,font_m,,{main_he} {other_him},no,{main_he} cares about {other_him},
6989,journal,s_journal_write_arguments,event,516,font_m,,{main_he} {other_him},yes,{main_he} has a liking for {other_him},
6990,journal,s_journal_write_arguments,event,516,font_m,,{main_he} {other_him},no,{main_he} is fond of {other_him},
6991,journal,s_journal_write_arguments,event,516,font_m,,{main_he} {other_him},yes,{main_he} likes {other_him},
6992,journal,s_journal_write_arguments,event,516,font_m,,{main_he} {other_him},yes,because {main_he} likes {other_him},
6993,journal,s_journal_write_arguments,event,516,font_m,,{main_his} {other_him},yes,due to {main_his} fondness for {other_him},
6994,journal,s_journal_write_arguments,event,516,font_m,,,yes,driven by affection,
6995,journal,s_journal_write_arguments,event,516,font_m,,{main_he} {other_him},yes,even though {main_he} likes {other_him},
6996,journal,s_journal_write_arguments,event,516,font_m,,{main_his} {other_him},yes,despite {main_his} affection for {other_him},
6997,journal,s_journal_write_arguments,event,516,font_m,,{main_he} {other_him},yes,though {main_he} cares for {other_him},
6998,journal,s_journal_write_arguments,event,516,font_m,,{main_he} {other_him},no,{main_he} values {other_him},
6999,journal,s_journal_write_arguments,event,516,font_m,,{main_he} {other_him},yes,{main_he} places importance on {other_him},
7000,journal,s_journal_write_arguments,event,516,font_m,,{main_he} {other_him},no,{main_he} appreciates {other_him},
7001,journal,s_journal_write_arguments,event,516,font_m,,{main_he} {other_him},yes,{main_he} holds {other_him} in regard,
7002,journal,s_journal_write_arguments,event,516,font_m,,{main_he} {other_him},yes,because {main_he} holds {other_him} in esteem,
7003,journal,s_journal_write_arguments,event,516,font_m,,{main_his} {other_him},yes,motivated by {main_his} esteem for {other_him},
7004,journal,s_journal_write_arguments,event,516,font_m,,{main_his} {other_him},no,driven by {main_his} esteem for {other_him},
7005,journal,s_journal_write_arguments,event,516,font_m,,{main_he} {other_him},yes,although {main_he} values {other_him},
7006,journal,s_journal_write_arguments,event,516,font_m,,{main_his} {other_him},no,despite {main_his} esteem for {other_him},
7007,journal,s_journal_write_arguments,event,516,font_m,,{main_he} {other_him},yes,though {main_he} places importance on {other_him},
7008,journal,s_journal_write_arguments,event,516,font_m,,,no,<bug s_journal_write_arguments e_cond.rel_love>,
7009,journal,s_journal_write_arguments,event,516,font_m,,{main_he} {other_him},no,{main_he} cares deeply for {other_him},
7010,journal,s_journal_write_arguments,event,516,font_m,,{main_he} {other_him},yes,{main_he} cherishes {other_him},
7011,journal,s_journal_write_arguments,event,516,font_m,,{main_he} {other_him},yes,{main_he} is very fond of {other_him},
7012,journal,s_journal_write_arguments,event,516,font_m,,{main_he} {other_him},yes,{main_he} holds {other_him} dear,
7013,journal,s_journal_write_arguments,event,516,font_m,,{main_he} {other_him},yes,because {main_he} loves {other_him},
7014,journal,s_journal_write_arguments,event,516,font_m,,{main_his} {other_him},yes,due to {main_his} love for {other_him},
7015,journal,s_journal_write_arguments,event,516,font_m,,,yes,driven by love,
7016,journal,s_journal_write_arguments,event,516,font_m,,{main_he} {other_him},yes,even though {main_he} loves {other_him},
7017,journal,s_journal_write_arguments,event,516,font_m,,{main_his} {other_him},yes,despite {main_his} love for {other_him},
7018,journal,s_journal_write_arguments,event,516,font_m,,{main_he} {other_him},yes,though {main_he} cares deeply for {other_him},
7019,journal,s_journal_write_arguments,event,516,font_m,,{main_he} {other_him},yes,{main_he} admires {other_him},
7020,journal,s_journal_write_arguments,event,516,font_m,,{main_he} {other_him},yes,{main_he} places great importance on {other_him},
7021,journal,s_journal_write_arguments,event,516,font_m,,{main_he} {other_him},yes,{main_he} holds {other_him} in high regard,
7022,journal,s_journal_write_arguments,event,516,font_m,,{main_he} {other_him},yes,because {main_he} holds {other_him} in high esteem,
7023,journal,s_journal_write_arguments,event,516,font_m,,{main_his} {other_him},yes,motivated by {main_his} high esteem for {other_him},
7024,journal,s_journal_write_arguments,event,516,font_m,,{main_he} {other_him},yes,although {main_he} values {other_him} highly,
7025,journal,s_journal_write_arguments,event,516,font_m,,{main_he} {other_him},yes,though {main_he} places great importance on {other_him},
7026,journal,s_journal_write_arguments,event,516,font_m,,{main_he} {other_him},yes,{main_he} is charmed by {other_him},
7027,journal,s_journal_write_arguments,event,516,font_m,,{main_he} {other_him},yes,{main_he} is attracted to {other_him},
7028,journal,s_journal_write_arguments,event,516,font_m,,{main_he} {other_him},yes,{main_he} is intrigued  by {other_him},
7029,journal,s_journal_write_arguments,event,516,font_m,,{main_he} {other_him},yes,{main_he} finds {other_him} appealing,
7030,journal,s_journal_write_arguments,event,516,font_m,,{main_he} {other_him},yes,{main_he} is drawn to {other_him},
7031,journal,s_journal_write_arguments,event,516,font_m,,{main_his} {other_him},yes,due to {main_his} interest in {other_him},
7032,journal,s_journal_write_arguments,event,516,font_m,,{main_his} {other_him},yes,driven by {main_his} attraction to {other_him},
7033,journal,s_journal_write_arguments,event,516,font_m,,{main_his},yes,fueled by {main_his} affectionate feelings,
7034,journal,s_journal_write_arguments,event,516,font_m,,{main_he} {other_him},yes,even though {main_he} interested in {other_him},
7035,journal,s_journal_write_arguments,event,516,font_m,,{main_his} {other_him},no,despite {main_his} attraction to {other_him},
7036,journal,s_journal_write_arguments,event,516,font_m,,{main_he} {other_him},yes,though {main_he} is drawn to {other_him},
7037,journal,s_journal_write_arguments,event,516,font_m,,{main_he} {other_him},yes,{main_he} is infatuated with {other_him},
7038,journal,s_journal_write_arguments,event,516,font_m,,{main_he} {other_him},yes,{main_he} is deeply attracted to {other_him},
7039,journal,s_journal_write_arguments,event,516,font_m,,{main_he} {other_him},yes,{main_he} is captivated by {other_him},
7040,journal,s_journal_write_arguments,event,516,font_m,,{main_he} {other_him},yes,{main_he} is consumed by desire for {other_him},
7041,journal,s_journal_write_arguments,event,516,font_m,,{main_he} {other_him},yes,{main_he} lusts for {other_him},
7042,journal,s_journal_write_arguments,event,516,font_m,,{main_his} {other_him},yes,due to {main_his} desire for {other_him},
7043,journal,s_journal_write_arguments,event,516,font_m,,{main_his} {other_him},yes,driven by {main_his} physical attraction to {other_him},
7044,journal,s_journal_write_arguments,event,516,font_m,,{main_his},yes,fueled by {main_his} lustful feelings,
7045,journal,s_journal_write_arguments,event,516,font_m,,{main_he} {other_him},yes,even though {main_he} desires {other_him},
7046,journal,s_journal_write_arguments,event,516,font_m,,{main_he} {other_him},yes,though {main_he} is attracted to {other_him},
7047,journal,s_journal_write_arguments,event,516,font_m,,{main_he} {other_him},yes,{main_he} has a basic trust in {other_him},
7048,journal,s_journal_write_arguments,event,516,font_m,,{main_he} {other_him},yes,{main_he} feels a bit assured about {other_him},
7049,journal,s_journal_write_arguments,event,516,font_m,,{main_he} {other_him},yes,{main_he} has some confidence in {other_him},
7050,journal,s_journal_write_arguments,event,516,font_m,,{main_he} {other_his},yes,{main_he} somewhat believes in {other_his} reliability,
7051,journal,s_journal_write_arguments,event,516,font_m,,{main_he} {other_him},yes,{main_he} depends on {other_him} occasionally,
7052,journal,s_journal_write_arguments,event,516,font_m,,{main_he} {other_him},yes,because {main_he} has basic trust in {other_him},
7053,journal,s_journal_write_arguments,event,516,font_m,,{main_his} {other_him},yes,due to {main_his} modest level of confidence in {other_him},
7054,journal,s_journal_write_arguments,event,516,font_m,,{main_his} {other_him},yes,influenced by {main_his} initial trust in {other_him},
7055,journal,s_journal_write_arguments,event,516,font_m,,{main_he} {other_him},yes,though {main_he} somewhat relies on {other_him},
7056,journal,s_journal_write_arguments,event,516,font_m,,{main_his} {other_him},yes,in spite of {main_his} moderate confidence in {other_him},
7057,journal,s_journal_write_arguments,event,516,font_m,,{main_his} {other_him},yes,despite {main_his} basic trust in {other_him},
7058,journal,s_journal_write_arguments,event,516,font_m,,{main_he} {other_him},yes,{main_he} trusts {other_him},
7059,journal,s_journal_write_arguments,event,516,font_m,,{main_he} {other_him},yes,{main_he} feels assured about {other_him},
7060,journal,s_journal_write_arguments,event,516,font_m,,{main_he} {other_him},yes,{main_he} has faith in {other_him},
7061,journal,s_journal_write_arguments,event,516,font_m,,{main_he} {other_his},yes,{main_he} believes in {other_his} reliability,
7062,journal,s_journal_write_arguments,event,516,font_m,,{main_he} {other_him},yes,{main_he} regards {other_him} as trustworthy,
7063,journal,s_journal_write_arguments,event,516,font_m,,{main_he} {other_him},yes,because {main_he} has trust in {other_him},
7064,journal,s_journal_write_arguments,event,516,font_m,,{main_his} {other_him},yes,due to {main_his} confidence in {other_him},
7065,journal,s_journal_write_arguments,event,516,font_m,,{main_his} {other_him},yes,influenced by {main_his} trust in {other_him},
7066,journal,s_journal_write_arguments,event,516,font_m,,{main_he} {other_him},yes,though {main_he} relies on {other_him},
7067,journal,s_journal_write_arguments,event,516,font_m,,{main_his} {other_him},yes,in spite of {main_his} confidence in {other_him},
7068,journal,s_journal_write_arguments,event,516,font_m,,{main_his} {other_him},yes,despite {main_his} trust in {other_him},
7069,journal,s_journal_write_arguments,event,516,font_m,,{main_he} {other_him},yes,{main_he} is a bit afraid of {other_him},
7070,journal,s_journal_write_arguments,event,516,font_m,,{main_he} {other_him},yes,{main_he} is somewhat wary of {other_him},
7071,journal,s_journal_write_arguments,event,516,font_m,,{main_he} {other_him},yes,{main_he} feels a bit nervous around {other_him},
7072,journal,s_journal_write_arguments,event,516,font_m,,{main_he} {other_him},yes,{main_he} feels uneasy around {other_him},
7073,journal,s_journal_write_arguments,event,516,font_m,,{main_he} {other_him},yes,{main_he} is apprehensive of {other_him},
7074,journal,s_journal_write_arguments,event,516,font_m,,{main_his} {other_him},yes,due to {main_his} apprehension about {other_him},
7075,journal,s_journal_write_arguments,event,516,font_m,,{main_his} {other_him},yes,motivated by {main_his} wariness  of {other_him},
7076,journal,s_journal_write_arguments,event,516,font_m,,{main_he} {other_him},yes,as {main_he} feels unsettled by {other_him},
7077,journal,s_journal_write_arguments,event,516,font_m,,{other_him},yes,in spite of being nervousness about {other_him},
7078,journal,s_journal_write_arguments,event,516,font_m,,{main_he} {other_him},yes,even though {main_he} feels uneasy around {other_him},
7079,journal,s_journal_write_arguments,event,516,font_m,,{other_him},yes,despite being hesistant around {other_him},
7080,journal,s_journal_write_arguments,event,516,font_m,,{main_he} {other_him},yes,{main_he} is afraid of {other_him},
7081,journal,s_journal_write_arguments,event,516,font_m,,{main_he} {other_him},yes,{main_he} is intimidated by {other_him},
7082,journal,s_journal_write_arguments,event,516,font_m,,{main_he} {other_him},yes,{main_he} is anxious about {other_him},
7083,journal,s_journal_write_arguments,event,516,font_m,,{main_he} {other_him},yes,{main_he} dreads {other_him},
7084,journal,s_journal_write_arguments,event,516,font_m,,{main_he} {other_him},yes,{main_he} is fearful of {other_him},
7085,journal,s_journal_write_arguments,event,516,font_m,,{main_his} {other_him},yes,due to {main_his} fear of {other_him},
7086,journal,s_journal_write_arguments,event,516,font_m,,{main_his} {other_him},yes,motivated by {main_his} fear of {other_him},
7087,journal,s_journal_write_arguments,event,516,font_m,,{main_he} {other_him},yes,as {main_he} feels threatened by {other_him},
7088,journal,s_journal_write_arguments,event,516,font_m,,{other_him},yes,in spite of being afraid of {other_him},
7089,journal,s_journal_write_arguments,event,516,font_m,,{main_he} {other_him},yes,even though {main_he} feels apprehensive around {other_him},
7090,journal,s_journal_write_arguments,event,516,font_m,,{other_him},yes,despite being unsettled by {other_him},
7091,journal,s_journal_write_arguments,event,516,font_m,,{main_he} {other_him},yes,{main_he} feels a bit envious of {other_him},
7092,journal,s_journal_write_arguments,event,516,font_m,,{main_he} {other_him},yes,{main_he} is slightly envious of {other_him},
7093,journal,s_journal_write_arguments,event,516,font_m,,{main_he} {other_him},yes,{main_he} harbors some minor envy towards {other_him},
7094,journal,s_journal_write_arguments,event,516,font_m,,{main_he} {other_him},yes,{main_he} has some feelings of envy towards {other_him},
7095,journal,s_journal_write_arguments,event,516,font_m,,{main_he} {other_him},yes,{main_he} feels a minor sense of envy towards {other_him},
7096,journal,s_journal_write_arguments,event,516,font_m,,{main_his} {other_him},yes,driven by {main_his} slight envy of {other_him},
7097,journal,s_journal_write_arguments,event,516,font_m,,{main_he} {other_him},yes,because {main_he} envies {other_him} a bit,
7098,journal,s_journal_write_arguments,event,516,font_m,,{main_him} {other_him},yes,Due to {main_him} being somewhat envious of {other_him},
7099,journal,s_journal_write_arguments,event,516,font_m,,{main_his} {other_him},yes,despite {main_his} slight envy of {other_him},
7100,journal,s_journal_write_arguments,event,516,font_m,,{main_his} {other_him},yes,in spite of {main_his} minor sense of envy towards {other_him},
7101,journal,s_journal_write_arguments,event,516,font_m,,{main_he} {other_him},yes,though {main_he} harbors some minor envy towards {other_him},
7102,journal,s_journal_write_arguments,event,516,font_m,,{main_he} {other_him},yes,{main_he} feels envious of {other_him},
7103,journal,s_journal_write_arguments,event,516,font_m,,{main_he} {other_him},yes,{main_he} is envious of {other_him},
7104,journal,s_journal_write_arguments,event,516,font_m,,{main_he} {other_him},yes,{main_he} is filled with envy towards {other_him},
7105,journal,s_journal_write_arguments,event,516,font_m,,{main_he} {other_him},yes,{main_he} harbors feelings of envy towards {other_him},
7106,journal,s_journal_write_arguments,event,516,font_m,,{main_he} {other_him},yes,{main_he} feels a considerable degree of envy towards {other_him},
7107,journal,s_journal_write_arguments,event,516,font_m,,{main_his} {other_him},yes,driven by {main_his} envy of {other_him},
7108,journal,s_journal_write_arguments,event,516,font_m,,{main_he} {other_him},yes,because {main_he} envies {other_him},
7109,journal,s_journal_write_arguments,event,516,font_m,,{main_his} {other_him},yes,fueled by {main_his} envy of {other_him},
7110,journal,s_journal_write_arguments,event,516,font_m,,{main_his} {other_him},yes,despite {main_his} envy of {other_him},
7111,journal,s_journal_write_arguments,event,516,font_m,,{main_his} {other_him},yes,in spite of {main_his} envy of {other_him},
7112,journal,s_journal_write_arguments,event,516,font_m,,{main_he} {other_him},yes,though {main_he} harbors envy towards {other_him},
7113,journal,s_journal_write_arguments,event,516,font_m,,{main_he} {other_him},yes,{main_he} is displeased  with {other_him},
7114,journal,s_journal_write_arguments,event,516,font_m,,{main_he} {other_him},yes,{main_he} is a bit cross with {other_him},
7115,journal,s_journal_write_arguments,event,516,font_m,,{main_he} {other_him},yes,{main_he} feels mildly aggravated by {other_him},
7116,journal,s_journal_write_arguments,event,516,font_m,,{main_he} {other_him},yes,{main_he} is annoyed  with {other_him},
7117,journal,s_journal_write_arguments,event,516,font_m,,{main_he} {other_him},yes,{main_he} is irritated by {other_him},
7118,journal,s_journal_write_arguments,event,516,font_m,,{main_he} {other_him},yes,because {main_he} is somewhat upset with {other_him},
7119,journal,s_journal_write_arguments,event,516,font_m,,{main_his} {other_him},yes,due to {main_his} frustration with {other_him},
7120,journal,s_journal_write_arguments,event,516,font_m,,{main_his} {other_him},yes,as a result of {main_his} displeasure towards {other_him},
7121,journal,s_journal_write_arguments,event,516,font_m,,{main_he} {other_him},yes,even though {main_he} is slightly irritated by {other_him},
7122,journal,s_journal_write_arguments,event,516,font_m,,{main_he} {other_him},yes,although {main_he} is mildly annoyed with {other_him},
7123,journal,s_journal_write_arguments,event,516,font_m,,{main_him} {other_him},yes,in spite of {main_him} being displeased with {other_him},
7124,journal,s_journal_write_arguments,event,516,font_m,,{main_he} {other_him},yes,{main_he} is upset with {other_him},
7125,journal,s_journal_write_arguments,event,516,font_m,,{main_he} {other_him},yes,{main_he} is furious with {other_him},
7126,journal,s_journal_write_arguments,event,516,font_m,,{main_he} {other_him},yes,{main_he} feels enraged at {other_him},
7127,journal,s_journal_write_arguments,event,516,font_m,,{main_he} {other_him},yes,{main_he} is mad with {other_him},
7128,journal,s_journal_write_arguments,event,516,font_m,,{main_he} {other_him},yes,{main_he} is cross with {other_him},
7129,journal,s_journal_write_arguments,event,516,font_m,,{main_he} {other_him},yes,because {main_he} is upset with {other_him},
7130,journal,s_journal_write_arguments,event,516,font_m,,{main_his} {other_him},yes,due to {main_his} anger towards {other_him},
7131,journal,s_journal_write_arguments,event,516,font_m,,{main_his} {other_him},yes,as a result of {main_his} anger towards {other_him},
7132,journal,s_journal_write_arguments,event,516,font_m,,{main_he} {other_him},yes,even though {main_he} is angry at {other_him},
7133,journal,s_journal_write_arguments,event,516,font_m,,{main_he} {other_him},yes,although {main_he} is irate with {other_him},
7134,journal,s_journal_write_arguments,event,516,font_m,,{main_him} {other_him},yes,in spite of {main_him} being angry at {other_him},
7136,journal,s_journal_write_arguments,event,516,font_m,,{main_he} {other_he},no,{main_he} and {other_he} are friends,
7137,journal,s_journal_write_arguments,event,516,font_m,,,yes,you share a friendship,
7138,journal,s_journal_write_arguments,event,516,font_m,,{main_he} {other_him},no,{main_he} is a friend of {other_him},
7139,journal,s_journal_write_arguments,event,516,font_m,,,yes,you are friends,
7140,journal,s_journal_write_arguments,event,516,font_m,,{main_he} {other_he},no,{main_he} and {other_he} maintain a friendship,
7141,journal,s_journal_write_arguments,event,516,font_m,,,yes,they share a friendship,
7142,journal,s_journal_write_arguments,event,516,font_m,,,yes,they are friends,
7143,journal,s_journal_write_arguments,event,516,font_m,,{main_he} {other_him},no,considering that {main_he} is a friend to {other_him},
7144,journal,s_journal_write_arguments,event,516,font_m,,{main_he} {other_his},no,since {main_he} is {other_his} friend,
7145,journal,s_journal_write_arguments,event,516,font_m,,,yes,due to your friendship,
7146,journal,s_journal_write_arguments,event,516,font_m,,,yes,due to their friendship,
7147,journal,s_journal_write_arguments,event,516,font_m,,,yes,despite your friendship,
7148,journal,s_journal_write_arguments,event,516,font_m,,,yes,even though you are friends,
7149,journal,s_journal_write_arguments,event,516,font_m,,,yes,even with your friendship,
7150,journal,s_journal_write_arguments,event,516,font_m,,,yes,despite their friendship,
7151,journal,s_journal_write_arguments,event,516,font_m,,,yes,even though they are friends,
7152,journal,s_journal_write_arguments,event,516,font_m,,,yes,even with their friendship,
7153,journal,s_journal_write_arguments,event,516,font_m,,,yes,they are married to each other,
7154,journal,s_journal_write_arguments,event,516,font_m,,,yes,they are husband and wife,
7155,journal,s_journal_write_arguments,event,516,font_m,,,yes,they are spouses,
7156,journal,s_journal_write_arguments,event,516,font_m,,{main_he} {other_his},no,{main_he} is {other_his} spouse,
7157,journal,s_journal_write_arguments,event,516,font_m,,{main_he} {other_he},no,{main_he} and {other_he} are married,
7158,journal,s_journal_write_arguments,event,516,font_m,,,yes,you are married to each other,
7159,journal,s_journal_write_arguments,event,516,font_m,,,yes,you are husband and wife,
7160,journal,s_journal_write_arguments,event,516,font_m,,,yes,you are spouses,
7161,journal,s_journal_write_arguments,event,516,font_m,,{main_he} {other_his},no,as {main_he} is {other_his} spouse,
7162,journal,s_journal_write_arguments,event,516,font_m,,{main_he} {other_him},no,given that {main_he} is married to {other_him},
7163,journal,s_journal_write_arguments,event,516,font_m,,,yes,since you are a married couple,
7164,journal,s_journal_write_arguments,event,516,font_m,,,yes,since they are a married couple,
7165,journal,s_journal_write_arguments,event,516,font_m,,{main_he} {other_him},no,although {main_he} is married to {other_him},
7166,journal,s_journal_write_arguments,event,516,font_m,,{other_him} {other_his},no,in spite of {other_him} being {other_his} spouse,
7167,journal,s_journal_write_arguments,event,516,font_m,,,yes,even though you are a married couple,
7168,journal,s_journal_write_arguments,event,516,font_m,,,yes,even though they are a married couple,
7169,journal,s_journal_write_arguments,event,516,font_m,,{main_he} {other_he},no,{main_he} and {other_he} are immediate family,
7170,journal,s_journal_write_arguments,event,516,font_m,,,yes,you are close family,
7171,journal,s_journal_write_arguments,event,516,font_m,,{main_he} {other_he},no,{main_he} and {other_he} are related by close ties,
7172,journal,s_journal_write_arguments,event,516,font_m,,{main_he} {other_he},no,{main_he} and {other_he} have a close familial relationship,
7173,journal,s_journal_write_arguments,event,516,font_m,,,yes,you are close family members,
7174,journal,s_journal_write_arguments,event,516,font_m,,,yes,they are close family,
7175,journal,s_journal_write_arguments,event,516,font_m,,,yes,they are close family members,
7176,journal,s_journal_write_arguments,event,516,font_m,,{main_he} {other_he},no,because {main_he} and {other_he} are close relatives,
7177,journal,s_journal_write_arguments,event,516,font_m,,{main_he} {other_he},no,as {main_he} and {other_he} are close family members,
7178,journal,s_journal_write_arguments,event,516,font_m,,,yes,due to your close familial relationship,
7179,journal,s_journal_write_arguments,event,516,font_m,,,yes,due to their close familial relationship,
7180,journal,s_journal_write_arguments,event,516,font_m,,{main_his} {other_his},no,in spite of {main_his} and {other_his} close familial bond,
7181,journal,s_journal_write_arguments,event,516,font_m,,,yes,despite your close relationship,
7182,journal,s_journal_write_arguments,event,516,font_m,,{main_he} {other_he},no,although {main_he} and {other_he} share a close family connection,
7183,journal,s_journal_write_arguments,event,516,font_m,,,yes,despite their close relationship,
7184,journal,s_journal_write_arguments,event,516,font_m,,{main_he} {other_he},no,{main_he} and {other_he} share a child,
7185,journal,s_journal_write_arguments,event,516,font_m,,,yes,You are parents to a child,
7186,journal,s_journal_write_arguments,event,516,font_m,,{main_he} {other_he},no,{main_he} and {other_he} have a child together,
7187,journal,s_journal_write_arguments,event,516,font_m,,,yes,Your child is a product of your relationship,
7188,journal,s_journal_write_arguments,event,516,font_m,,{main_he} {other_he},no,{main_he} and {other_he} have a child in common,
7189,journal,s_journal_write_arguments,event,516,font_m,,,yes,They are parents to a child,
7190,journal,s_journal_write_arguments,event,516,font_m,,,yes,Their child is a product of their relationship,
7191,journal,s_journal_write_arguments,event,516,font_m,,,yes,because you are parents to a child,
7192,journal,s_journal_write_arguments,event,516,font_m,,{main_he} {other_he},no,as {main_he} and {other_he} have a child together,
7193,journal,s_journal_write_arguments,event,516,font_m,,,yes,due to you having a child in common,
7194,journal,s_journal_write_arguments,event,516,font_m,,,yes,because they are parents to a child,
7195,journal,s_journal_write_arguments,event,516,font_m,,,yes,due to them having a child in common,
7196,journal,s_journal_write_arguments,event,516,font_m,,{main_he} {other_he},no,even though {main_he} and {other_he} share a child,
7197,journal,s_journal_write_arguments,event,516,font_m,,{main_he} {other_he},no,despite {main_he} and {other_he} having a mutual child,
7198,journal,s_journal_write_arguments,event,516,font_m,,,yes,in spite of you having a child together,
7199,journal,s_journal_write_arguments,event,516,font_m,,,yes,in spite of them having a child together,
7200,journal,s_journal_write_arguments,event,516,font_m,,{main_he},yes,{main_he} wants to make new friends,
7201,journal,s_journal_write_arguments,event,516,font_m,,{main_he},yes,{main_he} has the desire to befriend others,
7202,journal,s_journal_write_arguments,event,516,font_m,,{main_he},yes,{main_he} wishes to build new friendships,
7203,journal,s_journal_write_arguments,event,516,font_m,,{main_he},yes,{main_he} is interested in making friends,
7204,journal,s_journal_write_arguments,event,516,font_m,,{main_he},yes,{main_he} seeks to establish new friendships,
7205,journal,s_journal_write_arguments,event,516,font_m,,{main_his},yes,because of {main_his} desire to make friends,
7206,journal,s_journal_write_arguments,event,516,font_m,,{main_his},yes,due to {main_his} desire to form friendships,
7207,journal,s_journal_write_arguments,event,516,font_m,,{main_his},yes,owing to {main_his} eagerness to befriend others,
7208,journal,s_journal_write_arguments,event,516,font_m,,{main_he},yes,even though {main_he} wants to make friends,
7209,journal,s_journal_write_arguments,event,516,font_m,,{main_he},yes,although {main_he} has a desire to befriend others,
7210,journal,s_journal_write_arguments,event,516,font_m,,{main_he},yes,though {main_he} is interested in making friends,
7211,journal,s_journal_write_arguments,event,516,font_m,,{main_he},yes,{main_he} has a desire for social prestige,
7212,journal,s_journal_write_arguments,event,516,font_m,,{main_he},yes,{main_he} seeks social status,
7213,journal,s_journal_write_arguments,event,516,font_m,,{main_he} {main_his},yes,{main_he} desires to elevate {main_his} social position,
7214,journal,s_journal_write_arguments,event,516,font_m,,{main_he},yes,{main_he} yearns for higher social status,
7215,journal,s_journal_write_arguments,event,516,font_m,,{main_he} {main_his},yes,{main_he} seeks to enhance {main_his} social standing,
7216,journal,s_journal_write_arguments,event,516,font_m,,{main_he},yes,because {main_he} desires social status,
7217,journal,s_journal_write_arguments,event,516,font_m,,{main_his},yes,due to {main_his} craving for social standing,
7218,journal,s_journal_write_arguments,event,516,font_m,,{main_his},yes,considering {main_his} focus on achieving social status,
7219,journal,s_journal_write_arguments,event,516,font_m,,{main_his},yes,despite {main_his} desires for social status,
7220,journal,s_journal_write_arguments,event,516,font_m,,{main_his},yes,in spite of {main_his} focus on social recognition,
7221,journal,s_journal_write_arguments,event,516,font_m,,{main_he},yes,even though {main_he} seeks social status,
7222,journal,s_journal_write_arguments,event,516,font_m,,{main_he},yes,{main_he} seeks physical intimacy,
7223,journal,s_journal_write_arguments,event,516,font_m,,{main_he},yes,{main_he} yearns for physical contact,
7224,journal,s_journal_write_arguments,event,516,font_m,,{main_he},yes,{main_he} longs for intimate engagement,
7225,journal,s_journal_write_arguments,event,516,font_m,,{main_he},yes,{main_he} seeks a deep physical relationship,
7226,journal,s_journal_write_arguments,event,516,font_m,,{main_he},yes,{main_he} craves intimate contact,
7227,journal,s_journal_write_arguments,event,516,font_m,,{main_his},yes,because of {main_his} desire for intimacy,
7228,journal,s_journal_write_arguments,event,516,font_m,,{main_his},yes,due to {main_his} longing for intimate engagement,
7229,journal,s_journal_write_arguments,event,516,font_m,,{main_his},yes,as a result of {main_his} need for intimate connection,
7230,journal,s_journal_write_arguments,event,516,font_m,,{main_he},yes,even though {main_he} seeks intimacy,
7231,journal,s_journal_write_arguments,event,516,font_m,,{main_he},yes,although {main_he} craves intimacy,
7232,journal,s_journal_write_arguments,event,516,font_m,,{main_his},yes,despite {main_his} yearning for an intimate engagement,
7233,journal,s_journal_write_arguments,event,516,font_m,,{main_he},yes,{main_he} respects family,
7234,journal,s_journal_write_arguments,event,516,font_m,,{main_he},yes,{main_he} aspires to a family-centred existence,
7235,journal,s_journal_write_arguments,event,516,font_m,,{main_he},yes,{main_he} craves a life centred around family,
7236,journal,s_journal_write_arguments,event,516,font_m,,{main_he},yes,{main_he} holds family life in high regard,
7237,journal,s_journal_write_arguments,event,516,font_m,,{main_he},yes,{main_he} prioritizes family,
7238,journal,s_journal_write_arguments,event,516,font_m,,{main_he},yes,because {main_he} values family,
7239,journal,s_journal_write_arguments,event,516,font_m,,{main_his},yes,due to {main_his} commitment to family life,
7240,journal,s_journal_write_arguments,event,516,font_m,,{main_his},yes,given {main_his} desire for a family-focused existence,
7241,journal,s_journal_write_arguments,event,516,font_m,,{main_his},yes,even with {main_his} strong emphasis on family,
7242,journal,s_journal_write_arguments,event,516,font_m,,{main_his},yes,despite {main_his} interest in a family-centred life,
7243,journal,s_journal_write_arguments,event,516,font_m,,{main_he},yes,although {main_he} values family,
7244,journal,s_journal_write_arguments,event,516,font_m,,{main_he},yes,{main_he} regards faith as essential,
7245,journal,s_journal_write_arguments,event,516,font_m,,{main_he} {main_his},yes,{main_he} values {main_his} faith deeply,
7246,journal,s_journal_write_arguments,event,516,font_m,,{main_him},yes,Faith holds significant importance for {main_him},
7247,journal,s_journal_write_arguments,event,516,font_m,,{main_he},yes,{main_he} considers faith to be very important,
7248,journal,s_journal_write_arguments,event,516,font_m,,{main_his},yes,Faith plays a major role in {main_his} life,
7249,journal,s_journal_write_arguments,event,516,font_m,,{main_his},yes,given {main_his} emphasis on faith,
7250,journal,s_journal_write_arguments,event,516,font_m,,{main_his},yes,because of {main_his} commitment to faith,
7251,journal,s_journal_write_arguments,event,516,font_m,,{main_his},yes,owing to {main_his} regard for faith,
7252,journal,s_journal_write_arguments,event,516,font_m,,{main_he},yes,although {main_he} values faith,
7253,journal,s_journal_write_arguments,event,516,font_m,,{main_he},yes,even though {main_he} places great importance on faith,
7254,journal,s_journal_write_arguments,event,516,font_m,,{main_his},yes,even with {main_his} deep commitment to faith,
7255,journal,s_journal_write_arguments,event,516,font_m,,{main_he},yes,{main_he} has a tendency toward infidelity,
7256,journal,s_journal_write_arguments,event,516,font_m,,{main_he} {main_his},yes,{main_he} is considering cheating on {main_his} partner,
7257,journal,s_journal_write_arguments,event,516,font_m,,{main_he} {main_his},yes,{main_he} aims to stray from {main_his} marital vows,
7258,journal,s_journal_write_arguments,event,516,font_m,,{main_he},yes,{main_he} reveals an adulterous nature,
7259,journal,s_journal_write_arguments,event,516,font_m,,{main_he} {main_his},yes,{main_he} seeks to cheat on {main_his} spouse,
7260,journal,s_journal_write_arguments,event,516,font_m,,{main_his},yes,owing to {main_his} desire to pursue an affair,
7261,journal,s_journal_write_arguments,event,516,font_m,,{main_his},yes,due to {main_his} adulterous inclinations,
7262,journal,s_journal_write_arguments,event,516,font_m,,{main_his},yes,as a result of {main_his} propensity for infidelity,
7263,journal,s_journal_write_arguments,event,516,font_m,,{main_his},yes,in spite of {main_his} intention to cheat on {main_his} spouse,
7264,journal,s_journal_write_arguments,event,516,font_m,,{main_he},yes,although {main_he} is inclined to have an affair,
7265,journal,s_journal_write_arguments,event,516,font_m,,{main_he},yes,though {main_he} seeks to engage in infidelity,
7266,journal,s_journal_write_arguments,event,516,font_m,,{main_he},yes,{main_he} has an antagonistic nature,
7267,journal,s_journal_write_arguments,event,516,font_m,,{main_he},yes,{main_he} exhibits a hostile personality,
7268,journal,s_journal_write_arguments,event,516,font_m,,{main_he},yes,{main_he} has a belligerent disposition,
7269,journal,s_journal_write_arguments,event,516,font_m,,{main_he},yes,{main_he} demonstrates a hostile approach toward others,
7270,journal,s_journal_write_arguments,event,516,font_m,,{main_he},yes,{main_he} displays a confrontational personality,
7271,journal,s_journal_write_arguments,event,516,font_m,,{main_his},yes,because of {main_his} hostile demeanor,
7272,journal,s_journal_write_arguments,event,516,font_m,,{main_his},yes,given {main_his} confrontational behavior,
7273,journal,s_journal_write_arguments,event,516,font_m,,{main_his},yes,as a result of {main_his} belligerent personality,
7274,journal,s_journal_write_arguments,event,516,font_m,,{main_his},yes,in spite of {main_his} antagonistic nature,
7275,journal,s_journal_write_arguments,event,516,font_m,,{main_he},yes,although {main_he} has a belligerent personality,
7276,journal,s_journal_write_arguments,event,516,font_m,,{main_his},yes,despite {main_his} aggressive and antagonistic manner,
7277,journal,s_journal_write_arguments,event,516,font_m,,{main_he},yes,{main_he} has a spiteful personality,
7278,journal,s_journal_write_arguments,event,516,font_m,,{main_he},yes,{main_he} exhibits a bitter demeanor,
7279,journal,s_journal_write_arguments,event,516,font_m,,{main_he},yes,{main_he} displays a malicious attitude,
7280,journal,s_journal_write_arguments,event,516,font_m,,{main_he},yes,{main_he} is a hostile character,
7281,journal,s_journal_write_arguments,event,516,font_m,,{main_he},yes,{main_he} is a resentful individual,
7282,journal,s_journal_write_arguments,event,516,font_m,,{main_his},yes,due to {main_his} hateful nature,
7283,journal,s_journal_write_arguments,event,516,font_m,,{main_his},yes,considering {main_his} spiteful character,
7284,journal,s_journal_write_arguments,event,516,font_m,,{main_he},yes,because {main_he} harbors animosity,
7285,journal,s_journal_write_arguments,event,516,font_m,,{main_him},yes,despite {main_him} being a hateful person,
7286,journal,s_journal_write_arguments,event,516,font_m,,{main_he},yes,even though {main_he} has a hateful nature,
7287,journal,s_journal_write_arguments,event,516,font_m,,{main_his},yes,despite {main_his} malice,
7288,journal,s_journal_write_arguments,event,516,font_m,,{main_he},yes,{main_he} has a jealous nature,
7289,journal,s_journal_write_arguments,event,516,font_m,,{main_he} {main_his},yes,{main_he} is characterized by {main_his} jealousy,
7290,journal,s_journal_write_arguments,event,516,font_m,,{main_he},yes,{main_he} is an jealous individual,
7291,journal,s_journal_write_arguments,event,516,font_m,,{main_he},yes,{main_he} possesses a jealous personality,
7292,journal,s_journal_write_arguments,event,516,font_m,,{main_he},yes,{main_he} shows a propensity for jealousy,
7293,journal,s_journal_write_arguments,event,516,font_m,,{main_his},yes,due to {main_his} characteristic jealousy,
7294,journal,s_journal_write_arguments,event,516,font_m,,{main_his},yes,because of {main_his} jealous attitude,
7295,journal,s_journal_write_arguments,event,516,font_m,,{main_his},yes,as a result of {main_his} jealousy,
7296,journal,s_journal_write_arguments,event,516,font_m,,{main_he},yes,although {main_he} is jealous,
7297,journal,s_journal_write_arguments,event,516,font_m,,{main_his},yes,in spite of {main_his} jealous tendencies,
7298,journal,s_journal_write_arguments,event,516,font_m,,{main_his},yes,despite {main_his} jealousy,
7299,journal,s_journal_write_arguments,event,516,font_m,,{main_he},yes,{main_he} displays a dogmatic demeanor,
7300,journal,s_journal_write_arguments,event,516,font_m,,{main_he} {main_his},yes,{main_he} is marked by {main_his} rigid convictions,
7301,journal,s_journal_write_arguments,event,516,font_m,,{main_he} {main_his},yes,{main_he} is rigid in {main_his} beliefs,
7302,journal,s_journal_write_arguments,event,516,font_m,,{main_he} {main_his},yes,{main_he} is entrenched in {main_his} beliefs,
7303,journal,s_journal_write_arguments,event,516,font_m,,{main_he} {main_his},yes,{main_he} is uncompromising in {main_his} principles,
7304,journal,s_journal_write_arguments,event,516,font_m,,{main_his},yes,due to {main_his} rigid demeanor,
7305,journal,s_journal_write_arguments,event,516,font_m,,{main_his},yes,owing to {main_his} inflexible attitude,
7306,journal,s_journal_write_arguments,event,516,font_m,,{main_his},yes,because of {main_his} rigid beliefs,
7307,journal,s_journal_write_arguments,event,516,font_m,,{main_he},yes,although {main_he} has a dogmatic personality,
7308,journal,s_journal_write_arguments,event,516,font_m,,{main_his},yes,in spite of {main_his} adamant views,
7309,journal,s_journal_write_arguments,event,516,font_m,,{main_his},yes,even with {main_his} entrenched beliefs,
7310,journal,s_journal_write_arguments,event,516,font_m,,{main_he},yes,{main_he} exhibits a xenophobic attitude,
7311,journal,s_journal_write_arguments,event,516,font_m,,{main_he},yes,{main_he} has a xenophobic disposition,
7312,journal,s_journal_write_arguments,event,516,font_m,,{main_he},yes,{main_he} displays a hostile stance towards outsiders,
7313,journal,s_journal_write_arguments,event,516,font_m,,{main_he},yes,{main_he} is characterized by xenophobic views,
7314,journal,s_journal_write_arguments,event,516,font_m,,{main_he},yes,{main_he} possesses a xenophobic mindset,
7315,journal,s_journal_write_arguments,event,516,font_m,,{main_he},yes,because {main_he} has a xenophobic personality,
7316,journal,s_journal_write_arguments,event,516,font_m,,{main_his},yes,as a result of {main_his} xenophobic views,
7317,journal,s_journal_write_arguments,event,516,font_m,,{main_his},yes,due to {main_his} hostile stance towards outsiders,
7318,journal,s_journal_write_arguments,event,516,font_m,,{main_his},yes,in spite of {main_his} xenophobic beliefs,
7319,journal,s_journal_write_arguments,event,516,font_m,,{main_his},yes,despite {main_his} attitudes toward outsiders,
7320,journal,s_journal_write_arguments,event,516,font_m,,{main_he},yes,although {main_he} exhibits xenophobia,
7321,journal,s_journal_write_arguments,event,516,font_m,,{main_he},yes,{main_he} has a timid personality,
7322,journal,s_journal_write_arguments,event,516,font_m,,{main_he},yes,{main_he} has a nervous disposition,
7323,journal,s_journal_write_arguments,event,516,font_m,,{main_he},yes,{main_he} is a timid person,
7324,journal,s_journal_write_arguments,event,516,font_m,,{main_he},yes,{main_he} is characterized by fearfulness,
7325,journal,s_journal_write_arguments,event,516,font_m,,{main_he},yes,{main_he} is a person who is easily frightened,
7326,journal,s_journal_write_arguments,event,516,font_m,,{main_his},yes,due to {main_his} fearful nature,
7327,journal,s_journal_write_arguments,event,516,font_m,,{main_his},yes,as a result of {main_his} scared demeanor,
7328,journal,s_journal_write_arguments,event,516,font_m,,{main_his},yes,because of {main_his} anxiety,
7329,journal,s_journal_write_arguments,event,516,font_m,,{main_his},yes,in spite of {main_his} scared demeanor,
7330,journal,s_journal_write_arguments,event,516,font_m,,{main_he},yes,although {main_he} exhibits anxiety,
7331,journal,s_journal_write_arguments,event,516,font_m,,{main_he},yes,even though {main_he} is apprehensive,
7332,journal,s_journal_write_arguments,event,516,font_m,,{main_he},yes,{main_he} has an obnoxious personality,
7333,journal,s_journal_write_arguments,event,516,font_m,,{main_he},yes,{main_he} displays an irritating demeanor,
7334,journal,s_journal_write_arguments,event,516,font_m,,{main_he},yes,{main_he} has a disagreeable nature,
7335,journal,s_journal_write_arguments,event,516,font_m,,{main_he} {main_his},yes,{main_he} is marked by {main_his} unpleasant manner,
7336,journal,s_journal_write_arguments,event,516,font_m,,{main_he} {main_his},yes,{main_he} is known for {main_his} bothersome behavior,
7337,journal,s_journal_write_arguments,event,516,font_m,,{main_his},yes,due to {main_his} abrasive manner,
7338,journal,s_journal_write_arguments,event,516,font_m,,{main_his},yes,owing to {main_his} offensive behavior,
7339,journal,s_journal_write_arguments,event,516,font_m,,{main_he},yes,because {main_he} has an obnoxious attitude,
7340,journal,s_journal_write_arguments,event,516,font_m,,{main_his},yes,in spite of {main_his} obnoxious behavior,
7341,journal,s_journal_write_arguments,event,516,font_m,,{main_his},yes,even with {main_his} unpleasant manner,
7342,journal,s_journal_write_arguments,event,516,font_m,,{main_his},yes,despite {main_his} abrasive attitude,
7343,journal,s_journal_write_arguments,event,516,font_m,,{main_he},yes,{main_he} has a reserved demeanor,
7344,journal,s_journal_write_arguments,event,516,font_m,,{main_he},yes,{main_he} possesses a withdrawn disposition,
7345,journal,s_journal_write_arguments,event,516,font_m,,{main_he} {main_his},yes,{main_he} is characterized by {main_his} closed-off nature,
7346,journal,s_journal_write_arguments,event,516,font_m,,{main_he},yes,{main_he} has a tendency to be unsocial,
7347,journal,s_journal_write_arguments,event,516,font_m,,{main_he},yes,{main_he} has a distant personality,
7348,journal,s_journal_write_arguments,event,516,font_m,,{main_his},yes,due to {main_his} reserved nature,
7349,journal,s_journal_write_arguments,event,516,font_m,,{main_his},yes,as a result of {main_his} reticent personality,
7350,journal,s_journal_write_arguments,event,516,font_m,,{main_his},yes,because of {main_his} distant attitude,
7351,journal,s_journal_write_arguments,event,516,font_m,,{main_his},yes,despite {main_his} withdrawn personality,
7352,journal,s_journal_write_arguments,event,516,font_m,,{main_he},yes,although {main_he} is introverted,
7353,journal,s_journal_write_arguments,event,516,font_m,,{main_his},yes,in spite of {main_his} tendency to withdraw,
7354,journal,s_journal_write_arguments,event,516,font_m,,{main_he},yes,{main_he} shows little desire in intimacy,
7355,journal,s_journal_write_arguments,event,516,font_m,,{main_he},yes,{main_he} exhibits a lack of interest in intimacy,
7356,journal,s_journal_write_arguments,event,516,font_m,,{main_he},yes,{main_he} is romantically indifferent,
7357,journal,s_journal_write_arguments,event,516,font_m,,{main_he},yes,{main_he} is sensually detached,
7358,journal,s_journal_write_arguments,event,516,font_m,,{main_he},yes,{main_he} shows little sensual desire,
7359,journal,s_journal_write_arguments,event,516,font_m,,{main_he},yes,because {main_he} is indifferent to intimate encounters,
7360,journal,s_journal_write_arguments,event,516,font_m,,{main_his},yes,because of {main_his} disinterest in intimate interaction,
7361,journal,s_journal_write_arguments,event,516,font_m,,{main_he},yes,since {main_he} is apathetic about sharing romantic moments,
7362,journal,s_journal_write_arguments,event,516,font_m,,{main_he},yes,although {main_he} does not prioritize personal intimacy,
7363,journal,s_journal_write_arguments,event,516,font_m,,{main_his},yes,in spite of {main_his} lack of enthusiasm for intimate interactions,
7364,journal,s_journal_write_arguments,event,516,font_m,,{main_he},yes,though {main_he} avoids intimate moments,
7365,journal,s_journal_write_arguments,event,516,font_m,,{main_he},yes,{main_he} has a mistrustful nature,
7366,journal,s_journal_write_arguments,event,516,font_m,,{main_he},yes,{main_he} shows signs of paranoia,
7367,journal,s_journal_write_arguments,event,516,font_m,,{main_he},yes,{main_he} possesses a distrustful personality,
7368,journal,s_journal_write_arguments,event,516,font_m,,{main_he} {main_his},yes,{main_he} is characterized by {main_his} paranoid behavior,
7369,journal,s_journal_write_arguments,event,516,font_m,,{main_he},yes,{main_he} is excessively suspicious,
7370,journal,s_journal_write_arguments,event,516,font_m,,{main_his},yes,due to {main_his} paranoia,
7371,journal,s_journal_write_arguments,event,516,font_m,,{main_his},yes,because of {main_his} irrational distrust,
7372,journal,s_journal_write_arguments,event,516,font_m,,{main_he},yes,because {main_he} is paranoid,
7373,journal,s_journal_write_arguments,event,516,font_m,,{main_he},yes,even though {main_he} exhibits paranoia,
7374,journal,s_journal_write_arguments,event,516,font_m,,{main_his},yes,in spite of {main_his} paranoid tendencies,
7375,journal,s_journal_write_arguments,event,516,font_m,,{main_he},yes,though {main_he} has a paranoid mindset,
7376,journal,s_journal_write_arguments,event,516,font_m,,{main_he},yes,{main_he} is resistant to authority,
7377,journal,s_journal_write_arguments,event,516,font_m,,{main_he},yes,{main_he} shows a defiant demeanor,
7378,journal,s_journal_write_arguments,event,516,font_m,,{main_he},yes,{main_he} has a challenging nature,
7379,journal,s_journal_write_arguments,event,516,font_m,,{main_he},yes,{main_he} is noncompliant,
7380,journal,s_journal_write_arguments,event,516,font_m,,{main_he} {main_his},yes,{main_he} is characterized by {main_his} defiant nature,
7381,journal,s_journal_write_arguments,event,516,font_m,,{main_his},yes,due to {main_his} challenging demeanor,
7382,journal,s_journal_write_arguments,event,516,font_m,,{main_his},yes,as a result of {main_his} rebellious attitude,
7383,journal,s_journal_write_arguments,event,516,font_m,,{main_his},yes,because of {main_his} stubborn outlook,
7384,journal,s_journal_write_arguments,event,516,font_m,,{main_his},yes,in spite of {main_his} rebellious nature,
7385,journal,s_journal_write_arguments,event,516,font_m,,{main_his},yes,even with {main_his} resistant disposition,
7386,journal,s_journal_write_arguments,event,516,font_m,,{main_he},yes,although {main_he} shows an obstinate personality,
7387,journal,s_journal_write_arguments,event,516,font_m,,{main_he},yes,{main_he} has a negative outlook,
7388,journal,s_journal_write_arguments,event,516,font_m,,{main_he},yes,{main_he} displays a pessimistic nature,
7389,journal,s_journal_write_arguments,event,516,font_m,,{main_he},yes,{main_he} shows a downbeat attitude,
7390,journal,s_journal_write_arguments,event,516,font_m,,{main_he},yes,{main_he} reveals a bleak outlook on life,
7391,journal,s_journal_write_arguments,event,516,font_m,,{main_he},yes,{main_he} is inclined towards pessimism,
7392,journal,s_journal_write_arguments,event,516,font_m,,{main_his},yes,considering {main_his} bleak perspective,
7393,journal,s_journal_write_arguments,event,516,font_m,,{main_his},yes,due to {main_his} expectation of the worst,
7394,journal,s_journal_write_arguments,event,516,font_m,,{main_his},yes,as a result of {main_his} negative attitude,
7395,journal,s_journal_write_arguments,event,516,font_m,,{main_him},yes,despite {main_him} being pessimistic,
7396,journal,s_journal_write_arguments,event,516,font_m,,{main_his},yes,in spite of {main_his} pessimistic outlook,
7397,journal,s_journal_write_arguments,event,516,font_m,,{main_his},yes,in spite of {main_his} bleak perspective,
7400,journal,s_journal_write_arguments,event,516,font_m,,{main_he} {other_his},yes,{main_he} is impressed by {other_his} attractiveness,
7401,journal,s_journal_write_arguments,event,516,font_m,,{main_he} {other_him},yes,{main_he} finds {other_him} incredibly appealing,
7402,journal,s_journal_write_arguments,event,516,font_m,,{main_he} {other_his},yes,{main_he} is drawn to {other_his} charm,
7403,journal,s_journal_write_arguments,event,516,font_m,,{main_he} {other_him},yes,{main_he} considers {other_him} to have a captivating charm,
7404,journal,s_journal_write_arguments,event,516,font_m,,{main_he} {other_his},yes,{main_he} is impressed by {other_his} enchanting demeanor,
7405,journal,s_journal_write_arguments,event,516,font_m,,{main_he} {other_him},yes,because {main_he} is enamored with {other_him},
7406,journal,s_journal_write_arguments,event,516,font_m,,{main_he} {other_him},yes,for the reason that {main_he} is enchanted by {other_him},
7407,journal,s_journal_write_arguments,event,516,font_m,,{main_he} {other_him},yes,since {main_he} is drawn to {other_him},
7408,journal,s_journal_write_arguments,event,516,font_m,,{main_him} {other_him},yes,in spite of {main_him} finding {other_him} appealing,
7409,journal,s_journal_write_arguments,event,516,font_m,,{main_he} {other_him},yes,even though {main_he} is drawn to {other_him},
7410,journal,s_journal_write_arguments,event,516,font_m,,{main_he} {other_him},yes,{main_he} considers {other_him} to be easy to get along with,
7411,journal,s_journal_write_arguments,event,516,font_m,,{main_he} {other_him},yes,{main_he} finds {other_him} to be quite agreeable,
7412,journal,s_journal_write_arguments,event,516,font_m,,{main_he} {other_him},yes,{main_he} sees {other_him} as endearing,
7413,journal,s_journal_write_arguments,event,516,font_m,,{main_he} {other_he},yes,{main_he} thinks {other_he} is enjoyable to be around,
7414,journal,s_journal_write_arguments,event,516,font_m,,{main_he} {other_he},yes,{main_he} believes {other_he} is a likable person,
7415,journal,s_journal_write_arguments,event,516,font_m,,{main_he} {other_him},yes,because {main_he} has a liking for {other_him},
7416,journal,s_journal_write_arguments,event,516,font_m,,{main_he} {other_him},yes,since {main_he} finds {other_him} very approachable,
7417,journal,s_journal_write_arguments,event,516,font_m,,{main_he} {other_him},yes,because {main_he} finds {other_him} pleasant to interact with,
7418,journal,s_journal_write_arguments,event,516,font_m,,{main_he} {other_him},yes,although {main_he} feels interest in {other_him},
7419,journal,s_journal_write_arguments,event,516,font_m,,{main_he} {other_him},yes,even though {main_he} views {other_him} as easy to get along with,
7420,journal,s_journal_write_arguments,event,516,font_m,,{main_he} {other_him},yes,though {main_he} finds {other_him} to be accommodating,
7421,journal,s_journal_write_arguments,event,516,font_m,,,no,<bug s_journal_write_arguments e_cond.attraction>,
7422,journal,s_journal_write_arguments,event,516,font_m,,{main_he} {other_him},yes,{main_he} does not find {other_him} noteworthy,
7423,journal,s_journal_write_arguments,event,516,font_m,,{main_he} {other_him},yes,{main_he} does not find {other_him} attractive,
7424,journal,s_journal_write_arguments,event,516,font_m,,{main_he} {other_his},yes,{main_he} is not drawn to {other_his} unremarkable qualities,
7425,journal,s_journal_write_arguments,event,516,font_m,,{main_he} {other_him},yes,{main_he} considers {other_him} to lack any charm,
7426,journal,s_journal_write_arguments,event,516,font_m,,{main_he} {other_his},yes,{main_he} is indifferent to {other_his} unremarkable presence,
7427,journal,s_journal_write_arguments,event,516,font_m,,{main_he} {other_him},yes,because {main_he} feels no attraction to {other_him},
7428,journal,s_journal_write_arguments,event,516,font_m,,{main_he} {other_him},yes,for the reason that {main_he} is not drawn to {other_him},
7429,journal,s_journal_write_arguments,event,516,font_m,,{main_he} {other_him},yes,since {main_he} finds {other_him} unappealing,
7430,journal,s_journal_write_arguments,event,516,font_m,,{main_his} {other_him},yes,despite {main_his} disinterest in {other_him},
7431,journal,s_journal_write_arguments,event,516,font_m,,{main_his} {other_him},yes,in spite of {main_his} view of {other_him} as unattractive,
7432,journal,s_journal_write_arguments,event,516,font_m,,{main_he} {other_him},yes,even though {main_he} finds {other_him} unappealing,
7433,journal,s_journal_write_arguments,event,516,font_m,,{main_he} {other_him},yes,{main_he} considers {other_him} to be difficult to get along with,
7434,journal,s_journal_write_arguments,event,516,font_m,,{main_he} {other_him},yes,{main_he} views {other_him} to be hard to get along with,
7435,journal,s_journal_write_arguments,event,516,font_m,,{main_he} {other_him},yes,{main_he} finds {other_him} to be uninteresting,
7436,journal,s_journal_write_arguments,event,516,font_m,,{main_he} {other_he},yes,{main_he} thinks {other_he} is unpleasant to be around,
7437,journal,s_journal_write_arguments,event,516,font_m,,{main_he} {other_he},yes,{main_he} believes {other_he} is an disagreeable person,
7438,journal,s_journal_write_arguments,event,516,font_m,,{main_he} {other_him},yes,because {main_he} finds {other_him} unappealing,
7439,journal,s_journal_write_arguments,event,516,font_m,,{main_he} {other_him},yes,since {main_he} finds {other_him} unapproachable,
7440,journal,s_journal_write_arguments,event,516,font_m,,{main_he} {other_him},yes,because {main_he} finds {other_him} difficult to get along with,
7441,journal,s_journal_write_arguments,event,516,font_m,,{main_he} {other_him},yes,although {main_he} feels disinterested towards {other_him},
7442,journal,s_journal_write_arguments,event,516,font_m,,{main_he} {other_him},yes,even though {main_he} views {other_him} as difficult to get along with,
7443,journal,s_journal_write_arguments,event,516,font_m,,{main_he} {other_him},yes,though {main_he} finds {other_him} to be uncooperative,
7444,journal,s_journal_write_arguments,event,516,font_m,,{main_he} {other_him},yes,{main_he} considers {other_him} to be stunning,
7445,journal,s_journal_write_arguments,event,516,font_m,,{main_he} {other_he},yes,{main_he} thinks {other_he} is gorgeous,
7446,journal,s_journal_write_arguments,event,516,font_m,,{main_he} {other_him},yes,{main_he} views {other_him} as beautiful,
7447,journal,s_journal_write_arguments,event,516,font_m,,{main_he} {other_him},yes,{main_he} finds {other_him} to be good-looking,
7448,journal,s_journal_write_arguments,event,516,font_m,,{main_he} {other_him},yes,{main_he} regards {other_him} as striking in appearance,
7449,journal,s_journal_write_arguments,event,516,font_m,,{main_he} {other_him},yes,given that {main_he} finds {other_him} visually appealing,
7450,journal,s_journal_write_arguments,event,516,font_m,,{main_he} {other_him},yes,since {main_he} regards {other_him} as beautiful,
7451,journal,s_journal_write_arguments,event,516,font_m,,{main_he} {other_he},yes,because {main_he} thinks {other_he} is good-looking,
7452,journal,s_journal_write_arguments,event,516,font_m,,{main_his} {other_him},yes,despite {main_his} view of {other_him} as good looking,
7453,journal,s_journal_write_arguments,event,516,font_m,,{main_he} {other_him},yes,although {main_he} finds {other_him} beautiful,
7454,journal,s_journal_write_arguments,event,516,font_m,,{main_he} {other_him},yes,though {main_he} views {other_him} as eye-catching,
7455,journal,s_journal_write_arguments,event,516,font_m,,{main_he},yes,{main_he} feels down,
7456,journal,s_journal_write_arguments,event,516,font_m,,{main_he},yes,{main_he} feels discouraged,
7457,journal,s_journal_write_arguments,event,516,font_m,,{main_he},yes,{main_he} feels a bit overwhelmed,
7458,journal,s_journal_write_arguments,event,516,font_m,,{main_he},yes,{main_he} feels disheartened,
7459,journal,s_journal_write_arguments,event,516,font_m,,{main_he},yes,{main_he} feels weighed down,
7460,journal,s_journal_write_arguments,event,516,font_m,,{main_he},yes,since {main_he} feels downhearted,
7461,journal,s_journal_write_arguments,event,516,font_m,,{main_his},yes,due to {main_his} emotional state of melancholy,
7462,journal,s_journal_write_arguments,event,516,font_m,,{main_he},yes,because {main_he} feels a bit overwhelmed,
7463,journal,s_journal_write_arguments,event,516,font_m,,{main_he},yes,although {main_he} feels a bit down,
7464,journal,s_journal_write_arguments,event,516,font_m,,{main_he},yes,even though {main_he} feels dismayed,
7465,journal,s_journal_write_arguments,event,516,font_m,,{main_he},yes,even if {main_he} is impacted by a sense of unease,
7466,journal,s_journal_write_arguments,event,516,font_m,,{main_he},yes,{main_he} is filled with despair,
7467,journal,s_journal_write_arguments,event,516,font_m,,{main_he},yes,{main_he} feels hopeless,
7468,journal,s_journal_write_arguments,event,516,font_m,,{main_he},yes,{main_he} is in a state of despair,
7469,journal,s_journal_write_arguments,event,516,font_m,,{main_he},yes,{main_he} is utterly disheartened,
7470,journal,s_journal_write_arguments,event,516,font_m,,{main_he},yes,{main_he} is burdened by a sense of hopelessness,
7471,journal,s_journal_write_arguments,event,516,font_m,,{main_he},yes,since {main_he} is in a state of gloom,
7472,journal,s_journal_write_arguments,event,516,font_m,,{main_his},yes,due to {main_his} emotional state of despair,
7473,journal,s_journal_write_arguments,event,516,font_m,,{main_he},yes,because {main_he} is overwhelmed with despair,
7474,journal,s_journal_write_arguments,event,516,font_m,,{main_he},yes,although {main_he} is filled with despair,
7475,journal,s_journal_write_arguments,event,516,font_m,,{main_he},yes,even though {main_he} feels hopeless,
7476,journal,s_journal_write_arguments,event,516,font_m,,{main_he},yes,even if {main_he} is burdened by hopelessness,
7477,journal,s_journal_write_arguments,event,516,font_m,,{main_he} {other_he},yes,{main_he} and {other_he} have differing beliefs,
7478,journal,s_journal_write_arguments,event,516,font_m,,{main_his} {other_his},yes,There is a divergence between {main_his} and {other_his} beliefs,
7479,journal,s_journal_write_arguments,event,516,font_m,,{main_he} {other_he},yes,{main_he} and {other_he} maintain separate beliefs,
7480,journal,s_journal_write_arguments,event,516,font_m,,{main_his} {other_his},yes,{main_his} and {other_his} beliefs do not align,
7481,journal,s_journal_write_arguments,event,516,font_m,,{main_him} {other_him},yes,The beliefs held by {main_him} and {other_him} are different,
7482,journal,s_journal_write_arguments,event,516,font_m,,{main_his} {other_his},yes,as a result of {main_his} and {other_his} opposing viewpoints,
7483,journal,s_journal_write_arguments,event,516,font_m,,{main_his} {other_his},yes,for the reason that {main_his} and {other_his} opinions differ,
7484,journal,s_journal_write_arguments,event,516,font_m,,{main_he} {other_he},yes,because {main_he} and {other_he} have differing views,
7485,journal,s_journal_write_arguments,event,516,font_m,,{main_his} {other_his},yes,despite {main_his} and {other_his} contrasting beliefs,
7486,journal,s_journal_write_arguments,event,516,font_m,,{main_he} {other_he},yes,though {main_he} and {other_he} hold opposing views,
7487,journal,s_journal_write_arguments,event,516,font_m,,{main_he} {other_he},yes,although {main_he} and {other_he} have contrasting beliefs,
7488,journal,s_journal_write_arguments,event,516,font_m,,{main_he} {main_his},yes,"{main_his} home is so cramped, {main_he} feels uncomfortable",
7489,journal,s_journal_write_arguments,event,516,font_m,,{main_his},yes,{main_his} household feels cramped,
7490,journal,s_journal_write_arguments,event,516,font_m,,{main_he} {main_his},yes,{main_he} feels {main_his} house is overcrowded,
7491,journal,s_journal_write_arguments,event,516,font_m,,{main_his},yes,{main_his} home is so packed it feels stifling,
7492,journal,s_journal_write_arguments,event,516,font_m,,{main_he} {main_his},yes,"{main_his} household is so cluttered, {main_he} is uncomfortable",
7493,journal,s_journal_write_arguments,event,516,font_m,,{main_he} {main_his},yes,"because {main_his} home is so cramped, {main_he} feels very uncomfortable",
7494,journal,s_journal_write_arguments,event,516,font_m,,{main_his},yes,because of the discomfort caused by {main_his} packed home,
7495,journal,s_journal_write_arguments,event,516,font_m,,{main_him} {main_his},yes,"owing to the excessive crowding in {main_his} living space, which makes {main_him} uneasy",
7496,journal,s_journal_write_arguments,event,516,font_m,,{main_he} {main_his},yes,although {main_he} is quite dismayed by the overwhelming crowd in {main_his} house,
7497,journal,s_journal_write_arguments,event,516,font_m,,{main_his},yes,despite of the discomfort caused by {main_his} packed home,
7498,journal,s_journal_write_arguments,event,516,font_m,,{main_he} {main_his},yes,despite the fact that {main_he} finds {main_his} household distressingly cramped,
7499,journal,s_journal_write_arguments,event,516,font_m,,{main_he},yes,{main_he} is in a marital relationship,
7500,journal,s_journal_write_arguments,event,516,font_m,,{main_he},yes,{main_he} has a spouse,
7501,journal,s_journal_write_arguments,event,516,font_m,,{main_he},yes,{main_he} is legally married,
7502,journal,s_journal_write_arguments,event,516,font_m,,{main_he},yes,{main_he} is in a marriage,
7503,journal,s_journal_write_arguments,event,516,font_m,,{main_he},yes,{main_he} is wedded,
7504,journal,s_journal_write_arguments,event,516,font_m,,{main_he},yes,because {main_he} is legally married,
7505,journal,s_journal_write_arguments,event,516,font_m,,{main_he} {main_his},yes,because {main_he} is committed to {main_his} spouse,
7506,journal,s_journal_write_arguments,event,516,font_m,,{main_he},yes,since {main_he} has a spouse,
7507,journal,s_journal_write_arguments,event,516,font_m,,{main_he} {main_his},yes,though {main_he} is committed to {main_his} spouse,
7508,journal,s_journal_write_arguments,event,516,font_m,,{main_his},yes,in spite of {main_his} marriage,
7509,journal,s_journal_write_arguments,event,516,font_m,,{main_he},yes,even though {main_he} has a spouse,
7510,journal,s_journal_write_arguments,event,516,font_m,,{main_he} {other_he},yes,{main_he} is aware that {other_he} is a murderer,
7511,journal,s_journal_write_arguments,event,516,font_m,,{main_he} {other_he},yes,{main_he} understands that {other_he} has committed murder,
7512,journal,s_journal_write_arguments,event,516,font_m,,{main_he} {other_him},yes,{main_he} has knowledge of {other_him} being a killer,
7513,journal,s_journal_write_arguments,event,516,font_m,,{main_he} {other_he},yes,{main_he} is conscious that {other_he} has committed a murder,
7514,journal,s_journal_write_arguments,event,516,font_m,,{main_he} {other_he},yes,{main_he} knows that {other_he} is a killer,
7515,journal,s_journal_write_arguments,event,516,font_m,,{main_he} {other_he},yes,since {main_he} understands that {other_he} has committed murder,
7516,journal,s_journal_write_arguments,event,516,font_m,,{main_he} {other_he},yes,because {main_he} acknowledges that {other_he} is a killer,
7517,journal,s_journal_write_arguments,event,516,font_m,,{main_he} {other_his},yes,as {main_he} is aware of {other_his} murderous actions,
7518,journal,s_journal_write_arguments,event,516,font_m,,{main_he} {other_he},yes,although {main_he} is aware that {other_he} is a murderer,
7519,journal,s_journal_write_arguments,event,516,font_m,,{main_he} {other_he},yes,even though {main_he} understands that {other_he} has committed murder,
7520,journal,s_journal_write_arguments,event,516,font_m,,{main_him} {other_he},yes,despite {main_him} knowing that {other_he} is a killer,
7521,journal,s_journal_write_arguments,event,516,font_m,,,yes,a barrier exists between villagers and outsiders,
7522,journal,s_journal_write_arguments,event,516,font_m,,,yes,a boundary separates villagers from those outside their community,
7523,journal,s_journal_write_arguments,event,516,font_m,,,yes,villagers and outsiders face a cultural wall between them,
7524,journal,s_journal_write_arguments,event,516,font_m,,,yes,the pact with the Deep Ones restricts relations with outsiders,
7525,journal,s_journal_write_arguments,event,516,font_m,,,yes,customs create barriers to engaging with outsiders,
7526,journal,s_journal_write_arguments,event,516,font_m,,,yes,as the pact with the Deep Ones creates obstacles in dealing with outsiders,
7527,journal,s_journal_write_arguments,event,516,font_m,,,yes,since a rift exists between the villagers and outsiders,
7528,journal,s_journal_write_arguments,event,516,font_m,,,yes,because the pact with the Deep Ones restricts connections with outsiders,
7529,journal,s_journal_write_arguments,event,516,font_m,,,yes,although there is a separation between the local residents and outsiders,
7530,journal,s_journal_write_arguments,event,516,font_m,,,yes,despite the unspoken rules obstructing interactions with outsiders,
7531,journal,s_journal_write_arguments,event,516,font_m,,,yes,even though restrictions prevent meaningful interactions with outsiders,
7532,journal,s_journal_write_arguments,event,516,font_m,,,yes,a sense of unease arises in the presence of Deep Ones,
7533,journal,s_journal_write_arguments,event,516,font_m,,,yes,the Deep Ones' smell induces feelings of nausea,
7534,journal,s_journal_write_arguments,event,516,font_m,,,yes,the odor of the Deep Ones' makes the villagers feel nauseous,
7535,journal,s_journal_write_arguments,event,516,font_m,,,yes,a Deep Ones' presence tends to make others feel uneasy,
7536,journal,s_journal_write_arguments,event,516,font_m,,,yes,villagers suffer from discomfort due to the Deep Ones' disturbing look,
7537,journal,s_journal_write_arguments,event,516,font_m,,,yes,because Deep Ones possess a menacing appearance,
7538,journal,s_journal_write_arguments,event,516,font_m,,,yes,since an aura of fear surrounds the menacing Deep Ones,
7539,journal,s_journal_write_arguments,event,516,font_m,,,yes,as the sight of a Deep Ones' expressions induces sickness,
7540,journal,s_journal_write_arguments,event,516,font_m,,,yes,in spite of palpable discomfort when around Deep Ones,
7541,journal,s_journal_write_arguments,event,516,font_m,,,yes,although the appearance of a Deep One is distinctly alarming,
7542,journal,s_journal_write_arguments,event,516,font_m,,,yes,regardless of the sense of dread in the presence of the Deep Ones,
7543,journal,s_journal_write_arguments,event,516,font_m,,,yes,you are about the same age,
7544,journal,s_journal_write_arguments,event,516,font_m,,,yes,you are close in age,
7545,journal,s_journal_write_arguments,event,516,font_m,,,yes,you are in the same age range,
7546,journal,s_journal_write_arguments,event,516,font_m,,,yes,your ages are in a similar range,
7547,journal,s_journal_write_arguments,event,516,font_m,,,yes,you are in the same age category,
7548,journal,s_journal_write_arguments,event,516,font_m,,,yes,they are about the same age,
7549,journal,s_journal_write_arguments,event,516,font_m,,,yes,they are close in age,
7550,journal,s_journal_write_arguments,event,516,font_m,,,yes,they are in the same age range,
7551,journal,s_journal_write_arguments,event,516,font_m,,,yes,their ages are in a similar range,
7552,journal,s_journal_write_arguments,event,516,font_m,,,yes,they are in the same age category,
7553,journal,s_journal_write_arguments,event,516,font_m,,,yes,given that you are around the same age,
7554,journal,s_journal_write_arguments,event,516,font_m,,,yes,due to you being close in age,
7555,journal,s_journal_write_arguments,event,516,font_m,,,yes,as you fall within the same age range,
7556,journal,s_journal_write_arguments,event,516,font_m,,,yes,given that they are around the same age,
7557,journal,s_journal_write_arguments,event,516,font_m,,,yes,due to them being close in age,
7558,journal,s_journal_write_arguments,event,516,font_m,,,yes,as they fall within the same age range,
7559,journal,s_journal_write_arguments,event,516,font_m,,,yes,even though you are close in age,
7560,journal,s_journal_write_arguments,event,516,font_m,,,yes,despite your similar age range,
7561,journal,s_journal_write_arguments,event,516,font_m,,,yes,although your are near in age,
7562,journal,s_journal_write_arguments,event,516,font_m,,,yes,even though they are close in age,
7563,journal,s_journal_write_arguments,event,516,font_m,,,yes,despite their similar age range,
7564,journal,s_journal_write_arguments,event,516,font_m,,,yes,although they are near in age,
7565,journal,s_journal_write_arguments,event,516,font_m,,,yes,you belong to different age groups,
7566,journal,s_journal_write_arguments,event,516,font_m,,,yes,your age gap is considerable,
7567,journal,s_journal_write_arguments,event,516,font_m,,,yes,"in terms of age, you belong to different groups",
7568,journal,s_journal_write_arguments,event,516,font_m,,,yes,you are far apart in terms of age,
7569,journal,s_journal_write_arguments,event,516,font_m,,,yes,your age difference is significant,
7570,journal,s_journal_write_arguments,event,516,font_m,,,yes,they belong to different age groups,
7571,journal,s_journal_write_arguments,event,516,font_m,,,yes,their age gap is considerable,
7572,journal,s_journal_write_arguments,event,516,font_m,,,yes,"in terms of age, they belong to different groups",
7573,journal,s_journal_write_arguments,event,516,font_m,,,yes,they are far apart in terms of age,
7574,journal,s_journal_write_arguments,event,516,font_m,,,yes,their age difference is significant,
7575,journal,s_journal_write_arguments,event,516,font_m,,,yes,due to your significant age difference,
7576,journal,s_journal_write_arguments,event,516,font_m,,,yes,as you are far apart in age,
7577,journal,s_journal_write_arguments,event,516,font_m,,,yes,given that your age difference is substantial,
7578,journal,s_journal_write_arguments,event,516,font_m,,,yes,due to their significant age difference,
7579,journal,s_journal_write_arguments,event,516,font_m,,,yes,as they are far apart in age,
7580,journal,s_journal_write_arguments,event,516,font_m,,,yes,given that their age difference is substantial,
7581,journal,s_journal_write_arguments,event,516,font_m,,,yes,even though you are far apart in age,
7582,journal,s_journal_write_arguments,event,516,font_m,,,yes,despite your significant age difference,
7583,journal,s_journal_write_arguments,event,516,font_m,,,yes,in spite of your considerable age gap,
7584,journal,s_journal_write_arguments,event,516,font_m,,,yes,even though they are far apart in age,
7585,journal,s_journal_write_arguments,event,516,font_m,,,yes,despite their significant age difference,
7586,journal,s_journal_write_arguments,event,516,font_m,,,yes,in spite of their considerable age gap,
7587,journal,s_journal_write_arguments,event,516,font_m,,{main_he} {other_him},yes,{main_he} is less strong than {other_him},
7588,journal,s_journal_write_arguments,event,516,font_m,,{main_his} {other_him},yes,{main_his} strength is inferior compared to {other_him},
7589,journal,s_journal_write_arguments,event,516,font_m,,{main_he} {other_him},yes,{main_he} has less power than {other_him},
7590,journal,s_journal_write_arguments,event,516,font_m,,{main_he} {other_him},yes,{main_he} is not as strong as {other_him},
7591,journal,s_journal_write_arguments,event,516,font_m,,{main_his},yes,{main_his} physical strength is weaker,
7592,journal,s_journal_write_arguments,event,516,font_m,,{main_he} {other_him},yes,considering {main_he} is weaker in strength than {other_him},
7593,journal,s_journal_write_arguments,event,516,font_m,,{main_he} {other_him},yes,as {main_he} is not as strong as {other_him},
7594,journal,s_journal_write_arguments,event,516,font_m,,{main_his} {other_him},yes,in light of {main_his} weaker physical condition compared to {other_him},
7595,journal,s_journal_write_arguments,event,516,font_m,,{main_he} {other_him},yes,even though {main_he} is not as strong as {other_him},
7596,journal,s_journal_write_arguments,event,516,font_m,,{main_him} {other_him},yes,despite {main_him} being weaker than {other_him},
7597,journal,s_journal_write_arguments,event,516,font_m,,{main_his} {other_his},yes,even with {main_his} weakness compared to {other_his} strength,
7598,journal,s_journal_write_arguments,event,516,font_m,,{main_he} {other_his},yes,{main_he} exceeds {other_his} strength,
7599,journal,s_journal_write_arguments,event,516,font_m,,{main_he} {other_him},yes,{main_he} is more robust than {other_him},
7600,journal,s_journal_write_arguments,event,516,font_m,,{main_he} {other_him},yes,{main_he} possesses greater strength than {other_him},
7601,journal,s_journal_write_arguments,event,516,font_m,,{main_he} {other_him},yes,{main_he} is more powerful than {other_him},
7602,journal,s_journal_write_arguments,event,516,font_m,,{main_he} {other_him},yes,{main_he} is stronger than {other_him},
7603,journal,s_journal_write_arguments,event,516,font_m,,{main_him} {other_him},yes,due to {main_him} being more powerful than {other_him},
7604,journal,s_journal_write_arguments,event,516,font_m,,{main_he} {other_him},yes,as {main_he} surpasses {other_him} in strength,
7605,journal,s_journal_write_arguments,event,516,font_m,,{main_his} {other_his},yes,given that {main_his} strength exceeds {other_his} power,
7606,journal,s_journal_write_arguments,event,516,font_m,,{main_he} {other_him},yes,even though {main_he} is more powerful than {other_him},
7607,journal,s_journal_write_arguments,event,516,font_m,,{main_his} {other_him},yes,despite {main_his} greater strength compared to {other_him},
7608,journal,s_journal_write_arguments,event,516,font_m,,{main_his} {other_his},yes,although {main_his} physical power exceeds {other_his} strength,
7609,journal,s_journal_write_arguments,event,516,font_m,,{main_he} {other_him},yes,{main_he} holds a lower social status compared to {other_him},
7610,journal,s_journal_write_arguments,event,516,font_m,,{main_he},yes,{main_he} is of lower social rank,
7611,journal,s_journal_write_arguments,event,516,font_m,,{main_he} {other_him},yes,{main_he} has less social prestige relative to {other_him},
7612,journal,s_journal_write_arguments,event,516,font_m,,{main_him} {other_his},yes,"compared to {main_him}, {other_his} social standing is superior",
7613,journal,s_journal_write_arguments,event,516,font_m,,{main_his},yes,{main_his} social rank falls short,
7614,journal,s_journal_write_arguments,event,516,font_m,,{main_his},yes,given {main_his} social status is lower,
7615,journal,s_journal_write_arguments,event,516,font_m,,{main_he} {other_him},yes,because {main_he} holds a lower social status compared to {other_him},
7616,journal,s_journal_write_arguments,event,516,font_m,,{main_his} {other_him},yes,since {main_his} social influence is weaker relative to {other_him},
7617,journal,s_journal_write_arguments,event,516,font_m,,{main_his} {other_him},yes,even though {main_his} social status is inferior to that of {other_him},
7618,journal,s_journal_write_arguments,event,516,font_m,,{main_him} {other_him},yes,despite {main_him} having a lower social standing compared to {other_him},
7619,journal,s_journal_write_arguments,event,516,font_m,,{main_his} {other_him},yes,notwithstanding {main_his} social standing lagging behind that of {other_him},
7620,journal,s_journal_write_arguments,event,516,font_m,,{main_he},yes,{main_he} has a deep commitment to the cult,
7621,journal,s_journal_write_arguments,event,516,font_m,,{main_he},yes,{main_he} follows your commands as the cult leader,
7622,journal,s_journal_write_arguments,event,516,font_m,,{main_he},yes,{main_he} obeys your directives as the cult head,
7623,journal,s_journal_write_arguments,event,516,font_m,,{main_he},yes,{main_he} looks to you for leadership in the cult,
7624,journal,s_journal_write_arguments,event,516,font_m,,{main_he},yes,{main_he} follows your guidance within the cult,
7625,journal,s_journal_write_arguments,event,516,font_m,,{main_he},yes,because {main_he} is a devoted member of the cult,
7626,journal,s_journal_write_arguments,event,516,font_m,,{main_his},yes,owing to {main_his} compliance with your leadership,
7627,journal,s_journal_write_arguments,event,516,font_m,,{main_he},yes,as {main_he} obeys your lead in your role as cult master,
7628,journal,s_journal_write_arguments,event,516,font_m,,{main_he},yes,although {main_he} adheres to your leadership in the cult,
7629,journal,s_journal_write_arguments,event,516,font_m,,{main_he},yes,although {main_he} respects your authority,
7630,journal,s_journal_write_arguments,event,516,font_m,,{main_he},yes,though {main_he} is guided by your cult leadership,
7631,journal,s_journal_write_arguments,event,516,font_m,,{main_he},yes,{main_he} is a heretic,
7632,journal,s_journal_write_arguments,event,516,font_m,,{main_he},yes,{main_he} holds heretical beliefs,
7633,journal,s_journal_write_arguments,event,516,font_m,,{main_his},yes,{main_his} heretical stance opposes your cultic leadership,
7634,journal,s_journal_write_arguments,event,516,font_m,,{main_he} {main_his},yes,{main_he} is labeled a heretic due to {main_his} beliefs,
7635,journal,s_journal_write_arguments,event,516,font_m,,{main_he},yes,{main_he} is recognized as a heretic,
7636,journal,s_journal_write_arguments,event,516,font_m,,{main_his},yes,because of {main_his} heretical beliefs ,
7637,journal,s_journal_write_arguments,event,516,font_m,,{main_he},yes,since {main_he} is a heretic,
7638,journal,s_journal_write_arguments,event,516,font_m,,{main_his},yes,because {main_his} heretical beliefs challenge your leadership,
7639,journal,s_journal_write_arguments,event,516,font_m,,{main_his},yes,in spite of {main_his} heretical stance,
7640,journal,s_journal_write_arguments,event,516,font_m,,{main_he},yes,even though {main_he} is a heretic,
7641,journal,s_journal_write_arguments,event,516,font_m,,{main_his},yes,even with {main_his} heretical position conflicting with your authority,
7642,journal,s_journal_write_arguments,event,516,font_m,,{main_he},yes,{main_he} lacks sufficient faith,
7643,journal,s_journal_write_arguments,event,516,font_m,,{main_his},yes,{main_his} faith in the pact with the Deep Ones is insufficient,
7644,journal,s_journal_write_arguments,event,516,font_m,,{main_he},yes,{main_he} isn't entirely convinced of the pact with the Deep Ones,
7645,journal,s_journal_write_arguments,event,516,font_m,,{main_he},yes,{main_he} has doubts regarding the gods of the Deep Ones,
7646,journal,s_journal_write_arguments,event,516,font_m,,{main_he},yes,{main_he} lacks conviction in the pact with the Deep Ones,
7647,journal,s_journal_write_arguments,event,516,font_m,,{main_he},yes,because {main_he} has doubts about the pact with the Deep Ones,
7648,journal,s_journal_write_arguments,event,516,font_m,,{main_his},yes,since {main_his} faith in the pact is not entirely secure,
7649,journal,s_journal_write_arguments,event,516,font_m,,{main_him},yes,as a result of {main_him} not fully embracing the gods of the Deep Ones,
7650,journal,s_journal_write_arguments,event,516,font_m,,{main_he},yes,even though {main_he} isn't entirely convinced of the pact with the Deep Ones,
7651,journal,s_journal_write_arguments,event,516,font_m,,{main_he},yes,While {main_he} remains unsure about the gods of the Deep Ones,
7652,journal,s_journal_write_arguments,event,516,font_m,,{main_he},yes,Even if {main_he} is still hesitant about the gods of the Deep Ones,
7653,journal,s_journal_write_arguments,event,516,font_m,,{main_he} {other_his},yes,{main_he} aims to strengthen {other_his} faith,
7654,journal,s_journal_write_arguments,event,516,font_m,,{main_he} {other_him},yes,{main_he} strives to inspire greater faith in {other_him},
7655,journal,s_journal_write_arguments,event,516,font_m,,{main_he} {other_his},yes,{main_he} seeks to rekindle {other_his} faith,
7656,journal,s_journal_write_arguments,event,516,font_m,,{main_he} {other_his},yes,{main_he} wants to revive {other_his} belief,
7657,journal,s_journal_write_arguments,event,516,font_m,,{main_he} {other_his},yes,{main_he} hopes to elevate {other_his} faith,
7658,journal,s_journal_write_arguments,event,516,font_m,,{other_his},yes,aiming to inspire {other_his} belief,
7659,journal,s_journal_write_arguments,event,516,font_m,,{other_his},yes,hoping to rekindle {other_his} faith,
7660,journal,s_journal_write_arguments,event,516,font_m,,{other_his},yes,in an effort to strengthen {other_his} faith,
7661,journal,s_journal_write_arguments,event,516,font_m,,{main_he} {other_his},yes,although {main_he} is determined to elevate {other_his} faith,
7662,journal,s_journal_write_arguments,event,516,font_m,,{main_he} {other_his},yes,even though {main_he} wishes to inspire {other_his} belief,
7663,journal,s_journal_write_arguments,event,516,font_m,,{main_his} {other_his},yes,despite {main_his} desire to raise {other_his} faith,
7664,journal,s_journal_write_arguments,event,516,font_m,,{main_he},yes,{main_he} is not attracted to the same sex,
7665,journal,s_journal_write_arguments,event,516,font_m,,{main_he},yes,{main_he} does not have an interest in the same sex,
7666,journal,s_journal_write_arguments,event,516,font_m,,{main_he},yes,{main_he} has no desire for relationships with the same sex,
7667,journal,s_journal_write_arguments,event,516,font_m,,{main_he},yes,{main_he} lacks attraction to the same sex,
7668,journal,s_journal_write_arguments,event,516,font_m,,{main_he},yes,{main_he} has no romantic inclination towards the same sex,
7669,journal,s_journal_write_arguments,event,516,font_m,,{main_his},yes,on account of {main_his} lack of desire for relationships with the same sex,
7670,journal,s_journal_write_arguments,event,516,font_m,,{main_he},yes,since {main_he} has no interest in the same sex,
7671,journal,s_journal_write_arguments,event,516,font_m,,{main_his},yes,as a result of {main_his} lack of interest in the same sex,
7672,journal,s_journal_write_arguments,event,516,font_m,,{main_he},yes,even though {main_he} isn't interested in the same sex,
7673,journal,s_journal_write_arguments,event,516,font_m,,{main_he},yes,while {main_he} is not attracted to the same sex,
7674,journal,s_journal_write_arguments,event,516,font_m,,{main_he},yes,although {main_he} lacks attraction to the same sex,
11534,misc,s_0_start,label,,font_s,,,no,MaDO_initiate.ini,
11617,misc,s_22_start_menu,label,,font_l,,,yes,Obed,
11618,misc,s_22_start_menu,label,,font_l,,,yes,Marsh,
11643,misc,s_333_start_day_meters,event,516,font_m,,,yes,-1: The outsiders' dread has faded with the passage of time.,
11656,misc,s_333_start_day_meters,event,516,font_m,yes,,yes,"-10: You incited the wrath of the Deep Ones. However, they chose to spare everyone's lives.",
11657,misc,s_333_start_day_meters,event,516,font_m,yes,,yes,"You incited the wrath of the Deep Ones. However, they chose to spare everyone's lives. [Deep Ones' Wrath -10]",
11660,misc,s_333_start_day_meters,event,516,font_m,yes,,yes,-10: You incited the wrath of the Deep Ones. During the night they took the live of: ,
11661,misc,s_333_start_day_meters,event,516,font_m,yes,,yes,You incited the wrath of the Deep Ones. During the night they took the live of: ,
11662,misc,s_333_start_day_meters,event,516,font_m,yes,,no, [Deep Ones' Wrath -10],
11663,misc,s_333_start_day_meters,event,516,font_m,yes,,no,-10: You incited the wrath of the Deep Ones. During the night they took the lives of: ,
11664,misc,s_333_start_day_meters,event,516,font_m,yes,,no,You incited the wrath of the Deep Ones. During the night they took the lives of: ,
11666,misc,s_333_start_day_meters,event,516,font_m,,,yes,+5: Start of day: The Deep Ones expect a lot from you.,
3286,misc,s_GENERATE_artefact,event,516,font_m,,,yes,The owner of this artefact ,
3287,misc,s_GENERATE_artefact,event,516,font_m,,,yes,The possessor of this artefact ,
3288,misc,s_GENERATE_artefact,event,516,font_m,,,yes,The wielder of this artefact ,
3289,misc,s_GENERATE_artefact,event,516,font_m,,,yes,The master of this artefact ,
3290,misc,s_GENERATE_artefact,event,516,font_m,,,yes,The keeper of this artefact ,
3293,misc,s_GENERATE_artefact,event,516,font_m,,,yes,in being nice to anyone.,
3294,misc,s_GENERATE_artefact,event,516,font_m,,,yes,in complimenting anyone.,
3296,misc,s_GENERATE_artefact,event,516,font_m,,,yes,at befriending anyone.,
3297,misc,s_GENERATE_artefact,event,516,font_m,,,yes,at flirting with anyone.,
3298,misc,s_GENERATE_artefact,event,516,font_m,yes,,yes,at getting intimate with anyone.,
3299,misc,s_GENERATE_artefact,event,516,font_m,yes,,yes,at proposing marriage to anyone.,
3301,misc,s_GENERATE_artefact,event,516,font_m,yes,,yes,at threatening anyone.,
3302,misc,s_GENERATE_artefact,event,516,font_m,yes,,yes,at beating up anyone.,
3663,misc,s_GENERATE_head,event,516,font_m,yes,{main_he} {other_him},yes,{main_he} succeds {other_him} as the chief of the ',
3664,misc,s_GENERATE_head,event,516,font_m,yes,,no,' family.,
3666,misc,s_GENERATE_head,event,516,font_m,yes,{main_he} {other_him},yes,{main_he} succeds {other_him} as the head of the ',
3673,misc,s_GENERATE_heir,event,516,font_m,yes,{main_he} {other_him},yes,The family chief {main_he} declares {other_him} as the heir of the ',
3674,misc,s_GENERATE_heir,event,516,font_m,yes,{main_he},no,{main_he} is declared heir of the ',
3675,misc,s_GENERATE_heir,event,516,font_m,yes,{main_his} {other_him},yes,' family by {main_his} family chief {other_him}.,
3676,misc,s_GENERATE_heir,event,516,font_m,yes,{main_he} {other_him},yes,The household head {main_he} declares {other_him} as the heir of the ',
3677,misc,s_GENERATE_heir,event,516,font_m,yes,{main_his} {other_him},yes,' household by {main_his} household head {other_him}.,
4884,misc,s_GENERATE_old_one,event,516,font_m,,,yes, from the Hidden Realm,
4911,misc,s_GENERATE_old_one,event,516,font_m,,,yes, in the Crimson Light,
3079,misc,s_GENERATE_start_MAIN,event,516,font_m,,,yes,+1: The outsiders caught wind of odd rumors about the village.,
2965,misc,s_GENERATE_start_artefacts,event,516,font_m,,,yes,"Your grimoire, a powerful artefact bestowed upon you by the Deep Ones.",
11862,misc,s_complete_text,label,,font_s,,,yes,the outsider ,
11916,misc,s_complete_text_get_relation,event,516,font_m,,,yes,<bug: missing relation or sex>,
11922,misc,s_complete_text_get_relation,event,516,font_m,,,yes,daughter (not by blood),
11924,misc,s_complete_text_get_relation,event,516,font_m,,,yes,daughter (only by blood),
11931,misc,s_complete_text_get_relation,event,516,font_m,,,yes,uncle (only by blood),
11935,misc,s_complete_text_get_relation,event,516,font_m,,,yes,nephew (not by blood),
11937,misc,s_complete_text_get_relation,event,516,font_m,,,yes,nephew (only by blood),
11938,misc,s_complete_text_get_relation,event,516,font_m,,,yes,niece (only by blood),
11941,misc,s_complete_text_get_relation,event,516,font_m,,,yes,brother (not by blood),
11942,misc,s_complete_text_get_relation,event,516,font_m,,,yes,sister (not by blood),
11943,misc,s_complete_text_get_relation,event,516,font_m,,,yes,brother (only by blood),
11944,misc,s_complete_text_get_relation,event,516,font_m,,,yes,sister (only by blood),
11949,misc,s_complete_text_get_relation,event,516,font_m,,,yes,mother (not by blood),
11951,misc,s_complete_text_get_relation,event,516,font_m,,,yes,father (not by blood),
11952,misc,s_complete_text_get_relation,event,516,font_m,,,yes,father (only by blood),
11956,misc,s_complete_text_get_relation,event,516,font_m,,,yes,grandfather (not by blood),
11957,misc,s_complete_text_get_relation,event,516,font_m,,,yes,grandmother (not by blood),
11958,misc,s_complete_text_get_relation,event,516,font_m,,,yes,grandfather (only by blood),
11959,misc,s_complete_text_get_relation,event,516,font_m,,,yes,grandmother (only by blood),
11962,misc,s_complete_text_get_relation,event,516,font_m,,,yes,grandson (not by blood),
11963,misc,s_complete_text_get_relation,event,516,font_m,,,yes,granddaughter (not by blood),
11964,misc,s_complete_text_get_relation,event,516,font_m,,,yes,grandson (only by blood),
11965,misc,s_complete_text_get_relation,event,516,font_m,,,yes,granddaughter (only by blood),
11968,misc,s_complete_text_get_relation,event,516,font_m,,,yes,great-grandfather (not by blood),
11969,misc,s_complete_text_get_relation,event,516,font_m,,,yes,great-grandmother (not by blood),
11970,misc,s_complete_text_get_relation,event,516,font_m,,,yes,great-grandfather (only by blood),
11971,misc,s_complete_text_get_relation,event,516,font_m,,,yes,great-grandmother (only by blood),
11974,misc,s_complete_text_get_relation,event,516,font_m,,,yes,great-grandson (not by blood),
11975,misc,s_complete_text_get_relation,event,516,font_m,,,yes,great-granddaughter (not by blood),
11976,misc,s_complete_text_get_relation,event,516,font_m,,,yes,great-grandson (only by blood),
11977,misc,s_complete_text_get_relation,event,516,font_m,,,yes,great-granddaughter (only by blood),
1917,misc,s_death_update,event,516,font_m,,,yes,'You humans never realize how small your time truly is until it slips through your fingers.',
1919,misc,s_death_update,event,516,font_m,,,yes,"'You wish you could try again, don't you? Try to outlast the years, fight back the creeping shadow of time, make it all count for something more...'",
1920,misc,s_death_update,event,516,font_m,,,yes,"'Then again, perhaps to make another attempt is to gaze even further into madness.'",
1996,misc,s_debug_draw,label,,font_l,yes,,yes,player timer: ,
1997,misc,s_debug_draw,label,,font_l,yes,,yes,"dsgrid_people[ _p, 58]: ",
1998,misc,s_debug_draw,label,,font_l,yes,,yes,"dsgrid_people[ _p, 64]: ",
1999,misc,s_debug_draw,label,,font_l,yes,,yes,"dsgrid_people[ _p, 62]: ",
2000,misc,s_debug_draw,label,,font_l,yes,,yes,"dsgrid_people[ 0, 58]: ",
2070,misc,s_event_0_next,event,516,font_m,,{main_he} {other_him} {third_he},no,"{main_he} give birth to {other_him}, a hybrid. The father is {third_he}.",
2071,misc,s_event_0_next,event,516,font_m,,{main_he} {other_him} {third_he},no,{main_he} give birth to {other_him}. The father is {third_he}.,
2072,misc,s_event_0_next,event,516,font_m,,{main_he} {other_him} {third_he},no,"{main_he} become the father of {other_him}, a hybrid. The mother is {third_he}.",
2073,misc,s_event_0_next,event,516,font_m,,{main_he} {other_him} {third_he},no,{main_he} become the father of {other_him}. The mother is {third_he}.,
2074,misc,s_event_0_next,event,516,font_m,,{main_he} {other_him} {third_he},yes,"{main_he} become the mother (not by blood) of {other_him}, a hybrid. The father is {third_he}",
2075,misc,s_event_0_next,event,516,font_m,,{main_he} {other_him} {third_he},no,{main_he} become the mother (not by blood) of {other_him}. The father is {third_he}.,
2076,misc,s_event_0_next,event,516,font_m,,{main_he} {other_him} {third_he},yes,"{main_he} become the mother (not by blood) of {other_him}, a hybrid. The father is {third_he}.",
2077,misc,s_event_0_next,event,516,font_m,,{main_he} {other_him} {third_he},no,"{main_he} become the father (not by blood) of {other_him}, a hybrid. The mother is {third_he}.",
2078,misc,s_event_0_next,event,516,font_m,,{main_he} {other_him} {third_he},no,{main_he} become the father (not by blood) of {other_him}. The _mother is {third_he}.,
2267,misc,s_event_draw,label,,font_l,yes,,no,The End,
2268,misc,s_event_draw,label,,font_l,yes,,yes,oppose friendliness,
2269,misc,s_event_draw,label,,font_l,yes,,no,return friendliness,
2270,misc,s_event_draw,label,,font_l,yes,,no,reject compliment,
2271,misc,s_event_draw,label,,font_l,yes,,yes,accept compliment ,
2272,misc,s_event_draw,label,,font_l,yes,,no,reject hug,
2273,misc,s_event_draw,label,,font_l,yes,,no,return hug,
2274,misc,s_event_draw,label,,font_l,yes,,no,reject friendship,
2275,misc,s_event_draw,label,,font_l,yes,,yes,embrace friendship,
2276,misc,s_event_draw,label,,font_l,yes,,no,reject flirting,
2277,misc,s_event_draw,label,,font_l,yes,,no,flirt back,
2278,misc,s_event_draw,label,,font_l,yes,,no,reject intimacy,
2279,misc,s_event_draw,label,,font_l,yes,,no,consent to intimacy,
2280,misc,s_event_draw,label,,font_l,yes,,no,reject marriage proposal,
2281,misc,s_event_draw,label,,font_l,yes,,no,accept marriage proposal,
2282,misc,s_event_draw,label,,font_l,yes,,no,tolerate insult,
2283,misc,s_event_draw,label,,font_l,yes,,no,oppose insult,
2284,misc,s_event_draw,label,,font_l,yes,,no,submit to threat,
2285,misc,s_event_draw,label,,font_l,yes,,no,oppose threat,
2291,misc,s_event_draw,label,,font_l,yes,,yes,reject friendliness,
2292,misc,s_event_draw,label,,font_l,yes,,yes,accept compliment,
2293,misc,s_event_draw,label,,font_l,yes,,yes,accept friendship,
2422,misc,s_event_write_decision,event,516,font_m,,{main_he},yes,{main_he} wants to make a friendly gesture,
2423,misc,s_event_write_decision,event,516,font_m,,{main_he} {other_him},yes,{main_he} wants to be nice to {other_him},
2424,misc,s_event_write_decision,event,516,font_m,,{main_he} {other_him},yes,{main_he} intends to be nice to {other_him},
2425,misc,s_event_write_decision,event,516,font_m,,{main_he},yes,{main_he} wants to show goodwill through a friendly action,
2426,misc,s_event_write_decision,event,516,font_m,,{main_he},yes,{main_he} intends to make a positive gesture,
2427,misc,s_event_write_decision,event,516,font_m,,{main_he} {other_him},yes,{main_he} is eager to give {other_him} a compliment,
2428,misc,s_event_write_decision,event,516,font_m,,{main_he} {other_him},yes,{main_he} intends to compliment {other_him},
2429,misc,s_event_write_decision,event,516,font_m,,{main_he} {other_him},yes,{main_he} is thinking of ways to compliment {other_him},
2430,misc,s_event_write_decision,event,516,font_m,,{main_he} {other_him},yes,{main_he} wants to share a compliment with {other_him},
2431,misc,s_event_write_decision,event,516,font_m,,{main_he} {other_him},yes,{main_he} wants to compliment {other_him},
2432,misc,s_event_write_decision,event,516,font_m,,{main_he} {other_him},yes,{main_he} intends to hug {other_him},
2433,misc,s_event_write_decision,event,516,font_m,,{main_he} {other_him},yes,{main_he} is offering {other_him} a hug,
2434,misc,s_event_write_decision,event,516,font_m,,{main_he} {other_him},yes,{main_he} wants to hug {other_him},
2435,misc,s_event_write_decision,event,516,font_m,,{main_he} {main_his},yes,{main_he} wants to express {main_his} feelings with a hug,
2436,misc,s_event_write_decision,event,516,font_m,,{main_he} {other_him},yes,{main_he} is ready to give {other_him} a hug,
2437,misc,s_event_write_decision,event,516,font_m,,{main_he} {other_him},yes,{main_he} is hoping to make friends with {other_him},
2438,misc,s_event_write_decision,event,516,font_m,,{main_he} {other_him},yes,{main_he} intends to become friends with {other_him},
2439,misc,s_event_write_decision,event,516,font_m,,{main_he} {other_him},yes,{main_he} wants to establish a friendship with {other_him},
2440,misc,s_event_write_decision,event,516,font_m,,{main_he} {other_him},yes,{main_he} wants to form a friendship with {other_him},
2441,misc,s_event_write_decision,event,516,font_m,,{main_he},yes,{main_he} is aiming to strike up a friendship,
2442,misc,s_event_write_decision,event,516,font_m,,{main_he} {other_him},yes,{main_he} intends to flirt with {other_him},
2443,misc,s_event_write_decision,event,516,font_m,,{main_he},yes,{main_he} is hoping to engage in some flirting,
2444,misc,s_event_write_decision,event,516,font_m,,{main_he} {other_him},yes,{main_he} wants to charm {other_him},
2445,misc,s_event_write_decision,event,516,font_m,,{main_he} {other_him},yes,{main_he} is planning to flirt with {other_him},
2446,misc,s_event_write_decision,event,516,font_m,,{main_he} {other_him},yes,{main_he} wants to flirt with {other_him},
2447,misc,s_event_write_decision,event,516,font_m,,{main_he} {other_him},yes,{main_he} is eager to become intimate with {other_him},
2448,misc,s_event_write_decision,event,516,font_m,,{main_he},yes,{main_he} wants to engage in an intimate encounter,
2449,misc,s_event_write_decision,event,516,font_m,,{main_he} {other_him},yes,{main_he} wants to have an intimate experience with {other_him},
2450,misc,s_event_write_decision,event,516,font_m,,{main_he} {other_him},yes,{main_he} is looking to become intimately involved with {other_him},
2451,misc,s_event_write_decision,event,516,font_m,,{main_he} {other_him},yes,{main_he} intends to share an intimate encounter with {other_him},
2452,misc,s_event_write_decision,event,516,font_m,,{main_he} {main_him} {other_him},yes,{main_he} wants to ask {other_him} to marry {main_him},
2453,misc,s_event_write_decision,event,516,font_m,,{main_he} {other_him},yes,{main_he} intends to propose marriage to {other_him},
2454,misc,s_event_write_decision,event,516,font_m,,{main_he} {other_him},yes,{main_he} is preparing a marriage proposal to {other_him},
2455,misc,s_event_write_decision,event,516,font_m,,{main_he} {other_him} {other_his},yes,{main_he} wants to ask {other_him} for {other_his} hand in marriage,
2456,misc,s_event_write_decision,event,516,font_m,,{main_he} {main_his} {other_him},yes,{main_he} is ready to ask {other_him} to be {main_his} spouse,
2457,misc,s_event_write_decision,event,516,font_m,,{main_he} {other_him},yes,{main_he} wants to offend {other_him},
2458,misc,s_event_write_decision,event,516,font_m,,{main_he} {other_him},yes,{main_he} intends to insult {other_him},
2459,misc,s_event_write_decision,event,516,font_m,,{main_he} {other_his},yes,{main_he} intends to hurt {other_his} feelings,
2460,misc,s_event_write_decision,event,516,font_m,,{main_he} {other_him},yes,{main_he} is set on insulting {other_him},
2461,misc,s_event_write_decision,event,516,font_m,,{main_he} {other_him},yes,{main_he} wants to belittle {other_him},
2462,misc,s_event_write_decision,event,516,font_m,,{main_he} {other_him},yes,{main_he} intends to threaten {other_him},
2463,misc,s_event_write_decision,event,516,font_m,,{main_he} {other_him},yes,{main_he} is trying to scare {other_him},
2464,misc,s_event_write_decision,event,516,font_m,,{main_he} {other_him},yes,{main_he} wants to threaten {other_him},
2465,misc,s_event_write_decision,event,516,font_m,,{main_he} {other_him},yes,{main_he} intends to intimidate {other_him},
2466,misc,s_event_write_decision,event,516,font_m,,{main_he} {other_him},yes,{main_he} wants to make {other_him} feel threatened,
2733,misc,s_gate_draw_seven_eyes,label,,font_s,,,yes,Lower Love!,
2734,misc,s_gate_draw_seven_eyes,label,,font_s,,,yes,Lower Lust!,
2735,misc,s_gate_draw_seven_eyes,label,,font_s,,,yes,Lower Trust!,
2736,misc,s_gate_draw_seven_eyes,label,,font_s,,,yes,Lower Fear!,
2737,misc,s_gate_draw_seven_eyes,label,,font_s,,,yes,Lower Envy!,
2738,misc,s_gate_draw_seven_eyes,label,,font_s,,,yes,Lower Anger!,
2739,misc,s_gate_draw_seven_eyes,label,,font_s,,,yes,Raise Love!,
2740,misc,s_gate_draw_seven_eyes,label,,font_s,,,yes,Raise Lust!,
2741,misc,s_gate_draw_seven_eyes,label,,font_s,,,yes,Raise Trust!,
2742,misc,s_gate_draw_seven_eyes,label,,font_s,,,yes,Raise Fear!,
2743,misc,s_gate_draw_seven_eyes,label,,font_s,,,yes,Raise Envy!,
2744,misc,s_gate_draw_seven_eyes,label,,font_s,yes,,yes,Raise Anger!,
2791,misc,s_gate_initiate,event,516,font_m,yes,,yes,"To open one of the seven eyes, you need to ",
2793,misc,s_gate_initiate,event,516,font_m,yes,,yes, of all villagers towards you to ,
2796,misc,s_gate_initiate,event,516,font_m,yes,,yes," lurks in the void, enticing with the promise of eternal youth.",
12045,misc,s_get_key,label,,font_s,,,yes,Tab,
12046,misc,s_get_key,label,,font_s,,,yes,Esc,
12047,misc,s_get_key,label,,font_s,,,yes,Space,
12048,misc,s_get_key,label,,font_s,,,yes,PgUp,
12049,misc,s_get_key,label,,font_s,,,yes,PgDn,
12050,misc,s_get_key,label,,font_s,,,yes,End,
12051,misc,s_get_key,label,,font_s,,,yes,Home,
12052,misc,s_get_key,label,,font_s,,,yes,Left,
12053,misc,s_get_key,label,,font_s,,,yes,Up,
12054,misc,s_get_key,label,,font_s,,,yes,Right,
12055,misc,s_get_key,label,,font_s,,,yes,Down,
12056,misc,s_get_key,label,,font_s,,,yes,Insert,
12057,misc,s_get_key,label,,font_s,,,no,Delete,
12067,misc,s_get_key,label,,font_s,,,yes,Num 0,
12068,misc,s_get_key,label,,font_s,,,yes,Num 1,
12069,misc,s_get_key,label,,font_s,,,yes,Num 2,
12070,misc,s_get_key,label,,font_s,,,yes,Num 3,
12071,misc,s_get_key,label,,font_s,,,yes,Num 4,
12072,misc,s_get_key,label,,font_s,,,yes,Num 5,
12073,misc,s_get_key,label,,font_s,,,yes,Num 6,
12074,misc,s_get_key,label,,font_s,,,yes,Num 7,
12075,misc,s_get_key,label,,font_s,,,yes,Num 8,
12076,misc,s_get_key,label,,font_s,,,yes,Num 9,
12077,misc,s_get_key,label,,font_s,,,yes,Num *,
12078,misc,s_get_key,label,,font_s,,,yes,Num +,
12079,misc,s_get_key,label,,font_s,,,yes,Num -,
12080,misc,s_get_key,label,,font_s,,,yes,Num .,
12081,misc,s_get_key,label,,font_s,,,yes,Num /,
11442,misc,s_get_relation_pla_draw_getinfo,draw_ext,160,font_s,,,no,no relation,
12098,misc,s_get_spell_description,label,,font_s,,,yes,[ OCCASION: being nice ],
12099,misc,s_get_spell_description,label,,font_s,,,yes,[ OCCASION: complimenting ],
12100,misc,s_get_spell_description,label,,font_s,,,yes,[ OCCASION: hugging ],
12101,misc,s_get_spell_description,label,,font_s,,,yes,[ OCCASION: befriending ],
12102,misc,s_get_spell_description,label,,font_s,,,yes,[ OCCASION: flirting ],
12103,misc,s_get_spell_description,label,,font_s,,,yes,[ OCCASION: getting intimate ],
12104,misc,s_get_spell_description,label,,font_s,,,yes,[ OCCASION: proposing ],
12105,misc,s_get_spell_description,label,,font_s,,,yes,[ OCCASION: insulting ],
12106,misc,s_get_spell_description,label,,font_s,,,yes,[ OCCASION: threatening ],
12107,misc,s_get_spell_description,label,,font_s,,,yes,[ OCCASION: beating ],
12108,misc,s_get_spell_description,label,,font_s,,,yes,[ OCCASION: killing ],
12109,misc,s_get_spell_description,label,,font_s,,,yes,[ CONNECTION: friends ],
12110,misc,s_get_spell_description,label,,font_s,,,yes,[ CONNECTION: spouses ],
12111,misc,s_get_spell_description,label,,font_s,,,yes,[ CONNECTION: parents ],
12112,misc,s_get_spell_description,label,,font_s,,,yes,[ CONNECTION: siblings ],
12113,misc,s_get_spell_description,label,,font_s,,,yes,[ CONNECTION: children ],
12114,misc,s_get_spell_description,label,,font_s,,,yes,[ CONNECTION: family ],
12115,misc,s_get_spell_description,label,,font_s,,,yes,[ CONNECTION: household ],
12116,misc,s_get_spell_description,label,,font_s,,,yes,[ INTENTION: love ],
12117,misc,s_get_spell_description,label,,font_s,,,yes,[ INTENTION: lust ],
12118,misc,s_get_spell_description,label,,font_s,,,yes,[ INTENTION: trust ],
12119,misc,s_get_spell_description,label,,font_s,,,yes,[ INTENTION: fear ],
12120,misc,s_get_spell_description,label,,font_s,,,yes,[ INTENTION: envy ],
12121,misc,s_get_spell_description,label,,font_s,,,yes,[ INTENTION: anger ],
12122,misc,s_get_spell_description,label,,font_s,,,yes,[ ALTERATION: plus 1 ],
12123,misc,s_get_spell_description,label,,font_s,,,yes,[ ALTERATION: plus 2 ],
12124,misc,s_get_spell_description,label,,font_s,,,yes,[ ALTERATION: plus 3 ],
12125,misc,s_get_spell_description,label,,font_s,,,yes,[ ALTERATION: plus 4 ],
12126,misc,s_get_spell_description,label,,font_s,,,yes,[ ALTERATION: plus 5 ],
12127,misc,s_get_spell_description,label,,font_s,,,yes,[ ALTERATION: minus 1 ],
12128,misc,s_get_spell_description,label,,font_s,,,yes,[ ALTERATION: minus 2 ],
12129,misc,s_get_spell_description,label,,font_s,,,yes,[ ALTERATION: minus 3 ],
12130,misc,s_get_spell_description,label,,font_s,,,yes,[ ALTERATION: minus 4 ],
12131,misc,s_get_spell_description,label,,font_s,,,yes,[ ALTERATION: minus 5 ],
12135,misc,s_get_spell_description,label,,font_s,,,yes,When spellbound A,
12136,misc,s_get_spell_description,label,,font_s,,,yes,"succeeds at being nice to B,",
12137,misc,s_get_spell_description,label,,font_s,,,yes,"succeeds at complimenting B,",
12138,misc,s_get_spell_description,label,,font_s,,,yes,"succeeds at hugging B,",
12139,misc,s_get_spell_description,label,,font_s,,,yes,"succeeds at befriending B,",
12140,misc,s_get_spell_description,label,,font_s,,,yes,succeeds at flirting with B,
12141,misc,s_get_spell_description,label,,font_s,,,yes,"succeeds at getting intimate with B,",
12142,misc,s_get_spell_description,label,,font_s,,,yes,"succeeds at proposing to B,",
12143,misc,s_get_spell_description,label,,font_s,,,yes,"succeeds at insulting B,",
12144,misc,s_get_spell_description,label,,font_s,,,yes,"succeeds at threatening B,",
12145,misc,s_get_spell_description,label,,font_s,,,yes,"succeeds at beating B,",
12146,misc,s_get_spell_description,label,,font_s,,,yes,"succeeds at killing B,",
12147,misc,s_get_spell_description,label,,font_s,,,yes,"succeeds at [ ? ] B,",
12148,misc,s_get_spell_description,label,,font_s,,,yes,"fails at being nice to B,",
12149,misc,s_get_spell_description,label,,font_s,,,yes,"fails at complimenting B,",
12150,misc,s_get_spell_description,label,,font_s,,,yes,"fails at hugging B,",
12151,misc,s_get_spell_description,label,,font_s,,,yes,"fails at befriending B,",
12152,misc,s_get_spell_description,label,,font_s,,,yes,fails at flirting with B,
12153,misc,s_get_spell_description,label,,font_s,,,yes,"fails at getting intimate with B,",
12154,misc,s_get_spell_description,label,,font_s,,,yes,"fails at proposing to B,",
12155,misc,s_get_spell_description,label,,font_s,,,yes,"fails at insulting B,",
12156,misc,s_get_spell_description,label,,font_s,,,yes,"fails at threatening B,",
12157,misc,s_get_spell_description,label,,font_s,,,yes,"fails at beating B,",
12158,misc,s_get_spell_description,label,,font_s,,,yes,"fails at killing B,",
12159,misc,s_get_spell_description,label,,font_s,,,yes,"fails at [ ? ] B,",
12160,misc,s_get_spell_description,label,,font_s,,,yes,A's & A's friends' love towards B,
12161,misc,s_get_spell_description,label,,font_s,,,yes,A's & A's spouses' love towards B,
12162,misc,s_get_spell_description,label,,font_s,,,yes,A's & A's parents' love towards B,
12163,misc,s_get_spell_description,label,,font_s,,,yes,A's & A's siblings' love towards B,
12164,misc,s_get_spell_description,label,,font_s,,,yes,A's & A's childrens' love towards B,
12165,misc,s_get_spell_description,label,,font_s,,,yes,A's & A's family's love towards B,
12166,misc,s_get_spell_description,label,,font_s,,,yes,A's & A's household's love towards B,
12167,misc,s_get_spell_description,label,,font_s,,,yes,A's & A's [ & ] love towards B,
12168,misc,s_get_spell_description,label,,font_s,,,yes,A's & A's friends' lust towards B,
12169,misc,s_get_spell_description,label,,font_s,,,yes,A's & A's spouses' lust towards B,
12170,misc,s_get_spell_description,label,,font_s,,,yes,A's & A's parents' lust towards B,
12171,misc,s_get_spell_description,label,,font_s,,,yes,A's & A's siblings' lust towards B,
12172,misc,s_get_spell_description,label,,font_s,,,yes,A's & A's childrens' lust towards B,
12173,misc,s_get_spell_description,label,,font_s,,,yes,A's & A's family's lust towards B,
12174,misc,s_get_spell_description,label,,font_s,,,yes,A's & A's household's lust towards B,
12175,misc,s_get_spell_description,label,,font_s,,,yes,A's & A's [ & ] lust towards B,
12176,misc,s_get_spell_description,label,,font_s,,,yes,A's & A's friends' trust towards B,
12177,misc,s_get_spell_description,label,,font_s,,,yes,A's & A's spouses' trust towards B,
12178,misc,s_get_spell_description,label,,font_s,,,yes,A's & A's parents' trust towards B,
12179,misc,s_get_spell_description,label,,font_s,,,yes,A's & A's siblings' trust towards B,
12180,misc,s_get_spell_description,label,,font_s,,,yes,A's & A's childrens' trust towards B,
12181,misc,s_get_spell_description,label,,font_s,,,yes,A's & A's family's trust towards B,
12182,misc,s_get_spell_description,label,,font_s,,,yes,A's & A's household's trust towards B,
12183,misc,s_get_spell_description,label,,font_s,,,yes,A's & A's [ & ] trust towards B,
12184,misc,s_get_spell_description,label,,font_s,,,yes,A's & A's friends' fear towards B,
12185,misc,s_get_spell_description,label,,font_s,,,yes,A's & A's spouses' fear towards B,
12186,misc,s_get_spell_description,label,,font_s,,,yes,A's & A's parents' fear towards B,
12187,misc,s_get_spell_description,label,,font_s,,,yes,A's & A's siblings' fear towards B,
12188,misc,s_get_spell_description,label,,font_s,,,yes,A's & A's childrens' fear towards B,
12189,misc,s_get_spell_description,label,,font_s,,,yes,A's & A's family's fear towards B,
12190,misc,s_get_spell_description,label,,font_s,,,yes,A's & A's household's fear towards B,
12191,misc,s_get_spell_description,label,,font_s,,,yes,A's & A's [ & ] fear towards B,
12192,misc,s_get_spell_description,label,,font_s,,,yes,A's & A's friends' envy towards B,
12193,misc,s_get_spell_description,label,,font_s,,,yes,A's & A's spouses' envy towards B,
12194,misc,s_get_spell_description,label,,font_s,,,yes,A's & A's parents' envy towards B,
12195,misc,s_get_spell_description,label,,font_s,,,yes,A's & A's siblings' envy towards B,
12196,misc,s_get_spell_description,label,,font_s,,,yes,A's & A's childrens' envy towards B,
12197,misc,s_get_spell_description,label,,font_s,,,yes,A's & A's family's envy towards B,
12198,misc,s_get_spell_description,label,,font_s,,,yes,A's & A's household's envy towards B,
12199,misc,s_get_spell_description,label,,font_s,,,yes,A's & A's [ & ] envy towards B,
12200,misc,s_get_spell_description,label,,font_s,,,yes,A's & A's friends' anger towards B,
12201,misc,s_get_spell_description,label,,font_s,,,yes,A's & A's spouses' anger towards B,
12202,misc,s_get_spell_description,label,,font_s,,,yes,A's & A's parents' anger towards B,
12203,misc,s_get_spell_description,label,,font_s,,,yes,A's & A's siblings' anger towards B,
12204,misc,s_get_spell_description,label,,font_s,,,yes,A's & A's childrens' anger towards B,
12205,misc,s_get_spell_description,label,,font_s,,,yes,A's & A's family's anger towards B,
12206,misc,s_get_spell_description,label,,font_s,,,yes,A's & A's household's anger towards B,
12207,misc,s_get_spell_description,label,,font_s,,,yes,A's & A's [ & ] anger towards B,
12208,misc,s_get_spell_description,label,,font_s,,,yes,A's & A's friends' [ ? ] towards B,
12209,misc,s_get_spell_description,label,,font_s,,,yes,A's & A's spouses' [ ? ] towards B,
12210,misc,s_get_spell_description,label,,font_s,,,yes,A's & A's parents' [ ? ] towards B,
12211,misc,s_get_spell_description,label,,font_s,,,yes,A's & A's siblings' [ ? ] towards B,
12212,misc,s_get_spell_description,label,,font_s,,,yes,A's & A's childrens' [ ? ] towards B,
12213,misc,s_get_spell_description,label,,font_s,,,yes,A's & A's family's [ ? ] towards B,
12214,misc,s_get_spell_description,label,,font_s,,,yes,A's & A's household's [ ? ] towards B,
12215,misc,s_get_spell_description,label,,font_s,,,yes,A's & A's [ & ]'s [ ? ] towards B,
12216,misc,s_get_spell_description,label,,font_s,,,yes,B's & B's friends' love towards A,
12217,misc,s_get_spell_description,label,,font_s,,,yes,B's & B's spouses' love towards A,
12218,misc,s_get_spell_description,label,,font_s,,,yes,B's & B's parents' love towards A,
12219,misc,s_get_spell_description,label,,font_s,,,yes,B's & B's siblings' love towards A,
12220,misc,s_get_spell_description,label,,font_s,,,yes,B's & B's childrens' love towards A,
12221,misc,s_get_spell_description,label,,font_s,,,yes,B's & B's family's love towards A,
12222,misc,s_get_spell_description,label,,font_s,,,yes,B's & B's household's love towards A,
12223,misc,s_get_spell_description,label,,font_s,,,yes,B's & B's [ & ]'s love towards A,
12224,misc,s_get_spell_description,label,,font_s,,,yes,B's & B's friends' lust towards A,
12225,misc,s_get_spell_description,label,,font_s,,,yes,B's & B's spouses' lust towards A,
12226,misc,s_get_spell_description,label,,font_s,,,yes,B's & B's parents' lust towards A,
12227,misc,s_get_spell_description,label,,font_s,,,yes,B's & B's siblings' lust towards A,
12228,misc,s_get_spell_description,label,,font_s,,,yes,B's & B's childrens' lust towards A,
12229,misc,s_get_spell_description,label,,font_s,,,yes,B's & B's family's lust towards A,
12230,misc,s_get_spell_description,label,,font_s,,,yes,B's & B's household's lust towards A,
12231,misc,s_get_spell_description,label,,font_s,,,yes,B's & B's [ & ]'s lust towards A,
12232,misc,s_get_spell_description,label,,font_s,,,yes,B's & B's friends' trust towards A,
12233,misc,s_get_spell_description,label,,font_s,,,yes,B's & B's spouses' trust towards A,
12234,misc,s_get_spell_description,label,,font_s,,,yes,B's & B's parents' trust towards A,
12235,misc,s_get_spell_description,label,,font_s,,,yes,B's & B's siblings' trust towards A,
12236,misc,s_get_spell_description,label,,font_s,,,yes,B's & B's childrens' trust towards A,
12237,misc,s_get_spell_description,label,,font_s,,,yes,B's & B's family's trust towards A,
12238,misc,s_get_spell_description,label,,font_s,,,yes,B's & B's household's trust towards A,
12239,misc,s_get_spell_description,label,,font_s,,,yes,B's & B's [ & ]'s trust towards A,
12240,misc,s_get_spell_description,label,,font_s,,,yes,B's & B's friends' fear towards A,
12241,misc,s_get_spell_description,label,,font_s,,,yes,B's & B's spouses' fear towards A,
12242,misc,s_get_spell_description,label,,font_s,,,yes,B's & B's parents' fear towards A,
12243,misc,s_get_spell_description,label,,font_s,,,yes,B's & B's siblings' fear towards A,
12244,misc,s_get_spell_description,label,,font_s,,,yes,B's & B's childrens' fear towards A,
12245,misc,s_get_spell_description,label,,font_s,,,yes,B's & B's family's fear towards A,
12246,misc,s_get_spell_description,label,,font_s,,,yes,B's & B's household's fear towards A,
12247,misc,s_get_spell_description,label,,font_s,,,yes,B's & B's [ & ]'s fear towards A,
12248,misc,s_get_spell_description,label,,font_s,,,yes,B's & B's friends' envy towards A,
12249,misc,s_get_spell_description,label,,font_s,,,yes,B's & B's spouses' envy towards A,
12250,misc,s_get_spell_description,label,,font_s,,,yes,B's & B's parents' envy towards A,
12251,misc,s_get_spell_description,label,,font_s,,,yes,B's & B's siblings' envy towards A,
12252,misc,s_get_spell_description,label,,font_s,,,yes,B's & B's childrens' envy towards A,
12253,misc,s_get_spell_description,label,,font_s,,,yes,B's & B's family's envy towards A,
12254,misc,s_get_spell_description,label,,font_s,,,yes,B's & B's household's envy towards A,
12255,misc,s_get_spell_description,label,,font_s,,,yes,B's & B's [ & ]'s envy towards A,
12256,misc,s_get_spell_description,label,,font_s,,,yes,B's & B's friends' anger towards A,
12257,misc,s_get_spell_description,label,,font_s,,,yes,B's & B's spouses' anger towards A,
12258,misc,s_get_spell_description,label,,font_s,,,yes,B's & B's parents' anger towards A,
12259,misc,s_get_spell_description,label,,font_s,,,yes,B's & B's siblings' anger towards A,
12260,misc,s_get_spell_description,label,,font_s,,,yes,B's & B's childrens' anger towards A,
12261,misc,s_get_spell_description,label,,font_s,,,yes,B's & B's family's anger towards A,
12262,misc,s_get_spell_description,label,,font_s,,,yes,B's & B's household's anger towards A,
12263,misc,s_get_spell_description,label,,font_s,,,yes,B's & B's [ & ]'s anger towards A,
12264,misc,s_get_spell_description,label,,font_s,,,yes,B's & B's friends' [ ? ] towards A,
12265,misc,s_get_spell_description,label,,font_s,,,yes,B's & B's spouses' [ ? ] towards A,
12266,misc,s_get_spell_description,label,,font_s,,,yes,B's & B's parents' [ ? ] towards A,
12267,misc,s_get_spell_description,label,,font_s,,,yes,B's & B's siblings' [ ? ] towards A,
12268,misc,s_get_spell_description,label,,font_s,,,yes,B's & B's childrens' [ ? ] towards A,
12269,misc,s_get_spell_description,label,,font_s,,,yes,B's & B's family's [ ? ] towards A,
12270,misc,s_get_spell_description,label,,font_s,,,yes,B's & B's household's [ ? ] towards A,
12271,misc,s_get_spell_description,label,,font_s,,,yes,B's & B's [ & ]'s [ ? ] towards A,
12272,misc,s_get_spell_description,label,,font_s,,,yes,increases by 1.,
12273,misc,s_get_spell_description,label,,font_s,,,yes,increases by 2.,
12274,misc,s_get_spell_description,label,,font_s,,,yes,increases by 3.,
12275,misc,s_get_spell_description,label,,font_s,,,yes,increases by 4.,
12276,misc,s_get_spell_description,label,,font_s,,,yes,increases by 5.,
12277,misc,s_get_spell_description,label,,font_s,,,yes,decreases by 1.,
12278,misc,s_get_spell_description,label,,font_s,,,yes,decreases by 2.,
12279,misc,s_get_spell_description,label,,font_s,,,yes,decreases by 3.,
12280,misc,s_get_spell_description,label,,font_s,,,yes,decreases by 4.,
12281,misc,s_get_spell_description,label,,font_s,,,yes,decreases by 5.,
5712,misc,s_identify_draw,label,,font_s,,,yes,Close to continue,
5806,misc,s_identify_generate,event,516,font_m,,,yes,Someone you recently interacted with. ,
5807,misc,s_identify_generate,event,516,font_m,yes,,yes,Lives in a crowded household. ,
5808,misc,s_identify_generate,event,516,font_m,yes,,yes,Lives in an empty household. ,
5809,misc,s_identify_generate,event,516,font_m,yes,,yes,Lives in a household together with a Deep One. ,
5810,misc,s_identify_generate,event,516,font_m,yes,,yes,Lives in a household together with a Deep One named ,
5811,misc,s_identify_generate,event,516,font_m,yes,,no,Lives in a household with ,
5814,misc,s_identify_generate,event,516,font_m,yes,,yes,Lives in a household with a cat named ,
5815,misc,s_identify_generate,event,516,font_m,,,yes,Lives in the household with the most inhabitants. ,
5816,misc,s_identify_generate,event,516,font_m,,,yes,Lives in the household with the most cultists. ,
5817,misc,s_identify_generate,event,516,font_m,,,yes,Lives in the household with the most conformists. ,
5818,misc,s_identify_generate,event,516,font_m,,,yes,Lives in the household with the most heretics. ,
5819,misc,s_identify_generate,event,516,font_m,,,yes,Lives in the household with the most adults. ,
5820,misc,s_identify_generate,event,516,font_m,,,yes,Lives in the household with the most underage villagers. ,
5821,misc,s_identify_generate,event,516,font_m,,,yes,Lives in the household with the most adolescents. ,
5822,misc,s_identify_generate,event,516,font_m,,,yes,Lives in the household with the most children. ,
5823,misc,s_identify_generate,event,516,font_m,,,yes,  BUG: household > most >_criteria_spec_txt_b missing :B  ,
5824,misc,s_identify_generate,event,516,font_m,,,yes,Lives in the household with the least inhabitants. ,
5825,misc,s_identify_generate,event,516,font_m,,,yes,Lives in the household with the least cultists. ,
5826,misc,s_identify_generate,event,516,font_m,,,yes,Lives in the household with the least conformists. ,
5827,misc,s_identify_generate,event,516,font_m,,,yes,Lives in the household with the least heretics. ,
5828,misc,s_identify_generate,event,516,font_m,,,yes,Lives in the household with the least adults. ,
5829,misc,s_identify_generate,event,516,font_m,,,yes,Lives in the household with the least underage villagers. ,
5830,misc,s_identify_generate,event,516,font_m,,,yes,Lives in the household with the least adolescents. ,
5831,misc,s_identify_generate,event,516,font_m,,,yes,Lives in the household with the least children. ,
5832,misc,s_identify_generate,event,516,font_m,,,yes,  BUG: household > least >_criteria_spec_txt_b missing :B  ,
5833,misc,s_identify_generate,event,516,font_m,yes,,no,Lives in a household with more than ,
5839,misc,s_identify_generate,event,516,font_m,yes,,no, underage villagers. ,
5842,misc,s_identify_generate,event,516,font_m,,,yes,  BUG: household > more_than_n >_criteria_spec_txt_b missing :B  ,
5843,misc,s_identify_generate,event,516,font_m,yes,,no,Lives in a household with less than ,
5844,misc,s_identify_generate,event,516,font_m,,,yes,  BUG: household > less_than_n >_criteria_spec_txt_b missing :B  ,
5845,misc,s_identify_generate,event,516,font_m,,,yes,  BUG: household > _criteria_spec_txt_a missing :B  ,
5848,misc,s_identify_generate,event,516,font_m,,,yes,  BUG: family > name >_criteria_spec_number_a missing :B  ,
5849,misc,s_identify_generate,event,516,font_m,,,yes,Part of the family with the most people. ,
5850,misc,s_identify_generate,event,516,font_m,,,yes,Part of the family with the most cultists. ,
5851,misc,s_identify_generate,event,516,font_m,,,yes,Part of the family with the most conformists. ,
5852,misc,s_identify_generate,event,516,font_m,,,yes,Part of the family with the most heretics. ,
5853,misc,s_identify_generate,event,516,font_m,,,yes,Part of the family with the most adults. ,
5854,misc,s_identify_generate,event,516,font_m,,,yes,Part of the family with the most underage villagers. ,
5855,misc,s_identify_generate,event,516,font_m,,,yes,Part of the family with the most adolescents. ,
5856,misc,s_identify_generate,event,516,font_m,,,yes,Part of the family with the most children. ,
5857,misc,s_identify_generate,event,516,font_m,,,yes,  BUG: family > most >_criteria_spec_txt_b missing :B  ,
5858,misc,s_identify_generate,event,516,font_m,,,yes,Part of the family with the least people. ,
5859,misc,s_identify_generate,event,516,font_m,,,yes,Part of the family with the least cultists. ,
5860,misc,s_identify_generate,event,516,font_m,,,yes,Part of the family with the least conformists. ,
5861,misc,s_identify_generate,event,516,font_m,,,yes,Part of the family with the least heretics. ,
5862,misc,s_identify_generate,event,516,font_m,,,yes,Part of the family with the least adults. ,
5863,misc,s_identify_generate,event,516,font_m,,,yes,Part of the family with the least underage villagers. ,
5864,misc,s_identify_generate,event,516,font_m,,,yes,Part of the family with the least adolescents. ,
5865,misc,s_identify_generate,event,516,font_m,,,yes,Part of the family with the least children. ,
5866,misc,s_identify_generate,event,516,font_m,,,yes,  BUG: family > least >_criteria_spec_txt_b missing :B  ,
5867,misc,s_identify_generate,event,516,font_m,yes,,no,Part of a family with more than ,
5869,misc,s_identify_generate,event,516,font_m,,,yes,  BUG: family > more_than_n >_criteria_spec_txt_b missing :B  ,
5870,misc,s_identify_generate,event,516,font_m,yes,,no,Part of a family with less than ,
5871,misc,s_identify_generate,event,516,font_m,,,yes,  BUG: family > less_than_n >_criteria_spec_txt_b missing :B  ,
5872,misc,s_identify_generate,event,516,font_m,,,yes,  BUG: family > _criteria_spec_txt_a missing :B  ,
5880,misc,s_identify_generate,event,516,font_m,,,yes,  BUG: group > _criteria_spec_txt_a missing :B  ,
5881,misc,s_identify_generate,event,516,font_m,,,yes,Is despaired (8 or more). ,
5884,misc,s_identify_generate,event,516,font_m,,,yes,Is a household head. ,
5885,misc,s_identify_generate,event,516,font_m,,,yes,Is a household heir. ,
5886,misc,s_identify_generate,event,516,font_m,,,yes,  BUG: village_status > _criteria_spec_txt_a missing :B  ,
5892,misc,s_identify_generate,event,516,font_m,yes,,yes,  BUG: friends > _criteria_spec_txt_a missing :B  ,
5893,misc,s_identify_generate,event,516,font_m,yes,,yes,Has beared/begotten children outside of marriage. ,
5894,misc,s_identify_generate,event,516,font_m,yes,,yes,Is child of an affair. ,
5903,misc,s_identify_generate,event,516,font_m,yes,,yes,Has a social status between ,
5904,misc,s_identify_generate,event,516,font_m,yes,,yes,Has a vitality between ,
5905,misc,s_identify_generate,event,516,font_m,yes,,yes,  BUG: _criteria missing :B  ,
5950,misc,s_info_3_mouseover_draw,label,,font_s,yes,,yes,lower to ,
5951,misc,s_info_3_mouseover_draw,label,,font_s,yes,,yes,raise to ,
5965,misc,s_info_3_mouseover_draw_gettext,draw_ext,200,font_s,yes,,yes,"

love
lust
trust
fear
envy
anger
affection (permanent)
aversion (permanent)
attraction (permanent)
despair
faith
not enough faith
friends
different beliefs
not married to you
similar age
large age gap
less social status
more vitality
less vitality
child together
crowded household
horrified by murder
cultist
heretic
desire intimacy
desire friendship
desire status
desire family
desire faith
hateful
jealous
dogmatic
xenophobic
withdrawn
adulterous
defiant



",
5966,misc,s_info_3_mouseover_draw_gettext,draw_ext,200,font_s,yes,,no,##because 10 or greater,
5967,misc,s_info_3_mouseover_draw_gettext,draw_ext,200,font_s,yes,,no,##because less than 10,
5968,misc,s_info_3_mouseover_draw_gettext,draw_ext,200,font_s,yes,,yes,Sacrifice#######################################,
5969,misc,s_info_3_mouseover_draw_gettext,draw_ext,200,font_s,yes,,yes,vitality of all cultists#greater than#vitality of victim + 20##Success,
5971,misc,s_info_3_mouseover_draw_gettext,draw_ext,200,font_s,yes,,yes,vitality of all cultists#less than#vitality of victim + 20##Failure,
6035,misc,s_info_3_mouseover_draw_gettext,draw_ext,200,font_s,yes,,yes,"

love
lust
trust
fear
envy
anger
affection (permanent)
aversion (permanent)
attraction (permanent)
despair
faith
not enough faith
friends
different beliefs
not married to you
similar age
large age gap
less social status
more vitality
less vitality
child together
crowded household
horrified by murder
cultist
heretic
desire intimacy
desire friendship
desire status
desire family
desire faith
hateful
jealous
dogmatic
xenophobic
withdrawn
adulterous
defiant
paranoid
fearful
pessimistic
",
6036,misc,s_info_3_mouseover_draw_gettext,event,516,font_m,yes,,no,affection (permanent),
6037,misc,s_info_3_mouseover_draw_gettext,event,516,font_m,yes,,no,aversion (permanent),
6038,misc,s_info_3_mouseover_draw_gettext,event,516,font_m,yes,,no,attraction (permanent),
6041,misc,s_info_3_mouseover_draw_gettext,event,516,font_m,yes,,no,not enough faith,
6042,misc,s_info_3_mouseover_draw_gettext,event,516,font_m,yes,,no,different beliefs,
6043,misc,s_info_3_mouseover_draw_gettext,event,516,font_m,yes,,no,not married to you,
6044,misc,s_info_3_mouseover_draw_gettext,event,516,font_m,yes,,no,similar age,
6045,misc,s_info_3_mouseover_draw_gettext,event,516,font_m,yes,,no,large age gap,
6046,misc,s_info_3_mouseover_draw_gettext,event,516,font_m,yes,,no,less social status,
6047,misc,s_info_3_mouseover_draw_gettext,event,516,font_m,yes,,no,more vitality,
6048,misc,s_info_3_mouseover_draw_gettext,event,516,font_m,yes,,no,less vitality,
6049,misc,s_info_3_mouseover_draw_gettext,event,516,font_m,yes,,no,child together,
6050,misc,s_info_3_mouseover_draw_gettext,event,516,font_m,yes,,no,crowded household,
6051,misc,s_info_3_mouseover_draw_gettext,event,516,font_m,yes,,no,horrified by murder,
6052,misc,s_info_3_mouseover_draw_gettext,event,516,font_m,yes,,no,desire intimacy,
6053,misc,s_info_3_mouseover_draw_gettext,event,516,font_m,yes,,no,desire friendship,
6054,misc,s_info_3_mouseover_draw_gettext,event,516,font_m,yes,,no,desire status,
6055,misc,s_info_3_mouseover_draw_gettext,event,516,font_m,yes,,no,desire family,
6056,misc,s_info_3_mouseover_draw_gettext,event,516,font_m,yes,,no,desire faith,
6067,misc,s_info_3_mouseover_draw_gettext,draw_ext,200,font_s,,,yes,Be Nice#,
6068,misc,s_info_3_mouseover_draw_gettext,draw_ext,200,font_s,,,yes,Compliment#,
6069,misc,s_info_3_mouseover_draw_gettext,draw_ext,200,font_s,,,yes,Hug#,
6070,misc,s_info_3_mouseover_draw_gettext,draw_ext,200,font_s,,,yes,Befriend#,
6071,misc,s_info_3_mouseover_draw_gettext,draw_ext,200,font_s,,,yes,Flirt#,
6072,misc,s_info_3_mouseover_draw_gettext,draw_ext,200,font_s,,,yes,Get Intimate#,
6073,misc,s_info_3_mouseover_draw_gettext,draw_ext,200,font_s,,,yes,Propose#,
6074,misc,s_info_3_mouseover_draw_gettext,draw_ext,200,font_s,,,yes,Insult#,
6075,misc,s_info_3_mouseover_draw_gettext,draw_ext,200,font_s,,,yes,Threaten#,
6076,misc,s_info_3_mouseover_draw_gettext,draw_ext,200,font_s,,,yes,Beat#,
6077,misc,s_info_3_mouseover_draw_gettext,draw_ext,200,font_s,,,yes,Kill#,
6078,misc,s_info_3_mouseover_draw_gettext,draw_ext,200,font_s,,,yes,Preach#,
6079,misc,s_info_3_mouseover_draw_gettext,draw_ext,200,font_s,,,yes,Recruit#,
6080,misc,s_info_3_mouseover_draw_gettext,draw_ext,200,font_s,,,yes,Praise#,
6081,misc,s_info_3_mouseover_draw_gettext,draw_ext,200,font_s,,,yes,Badmouth#,
6082,misc,s_info_3_mouseover_draw_gettext,draw_ext,200,font_s,,,yes,Persuade#> Be Nice,
6083,misc,s_info_3_mouseover_draw_gettext,draw_ext,200,font_s,,,yes,Persuade#> Compliment,
6084,misc,s_info_3_mouseover_draw_gettext,draw_ext,200,font_s,,,yes,Persuade#> Hug,
6085,misc,s_info_3_mouseover_draw_gettext,draw_ext,200,font_s,,,yes,Persuade#> Befriend,
6086,misc,s_info_3_mouseover_draw_gettext,draw_ext,200,font_s,,,yes,Persuade#> Flirt,
6087,misc,s_info_3_mouseover_draw_gettext,draw_ext,200,font_s,,,yes,Persuade#> Get Intimate,
6088,misc,s_info_3_mouseover_draw_gettext,draw_ext,200,font_s,,,yes,Persuade#> Propose,
6089,misc,s_info_3_mouseover_draw_gettext,draw_ext,200,font_s,,,yes,Persuade#> Insult,
6090,misc,s_info_3_mouseover_draw_gettext,draw_ext,200,font_s,,,yes,Persuade#> Threaten,
6091,misc,s_info_3_mouseover_draw_gettext,draw_ext,200,font_s,,,yes,Persuade#> Beat,
6092,misc,s_info_3_mouseover_draw_gettext,draw_ext,200,font_s,,,yes,Persuade#> Kill,
6093,misc,s_info_3_mouseover_draw_gettext,draw_ext,200,font_s,,,yes,Persuade#> Preach,
6094,misc,s_info_3_mouseover_draw_gettext,draw_ext,200,font_s,,,yes,Persuade#> Praise You,
6095,misc,s_info_3_mouseover_draw_gettext,draw_ext,200,font_s,yes,,yes,##Success,
6096,misc,s_info_3_mouseover_draw_gettext,draw_ext,200,font_s,yes,,yes,##Failure,
8351,misc,s_justnow_write,event,516,font_m,,{main_he} {other_him},yes,{main_he} is wishing {main_he} could cuddle up with {other_him}.,
8352,misc,s_justnow_write,event,516,font_m,,{main_he} {other_him},yes,{main_he} is wishing to pull {other_him} close for a comforting hug.,
8353,misc,s_justnow_write,event,516,font_m,,{main_he} {other_him},yes,{main_he} is eager to hold {other_him} close to the chest.,
8354,misc,s_justnow_write,event,516,font_m,,{main_he} {other_him},yes,{main_he} is having an urge to cuddle {other_him} tightly.,
8355,misc,s_justnow_write,event,516,font_m,,{main_he} {other_him},yes,"{main_he} is being drawn to {other_him}, wanting to give {other_him} a hug.",
8356,misc,s_justnow_write,event,516,font_m,,{main_he} {other_him},yes,{main_he} is cuddling up with {other_him}.,
8357,misc,s_justnow_write,event,516,font_m,,{main_he} {other_him},yes,"{main_he} is cuddling {other_him}, holding {other_him} tightly.",
8358,misc,s_justnow_write,event,516,font_m,,{main_he} {other_him},yes,{main_he} is enveloping {other_him} in a loving hug.,
8359,misc,s_justnow_write,event,516,font_m,,{main_he} {other_him},yes,"{main_he} is pressing {other_him} to the chest, offering a tender hug.",
8360,misc,s_justnow_write,event,516,font_m,,{main_he} {main_his} {other_him},yes,{main_he} is wrapping {main_his} arms around {other_him} in a warm embrace.,
8361,misc,s_justnow_write,event,516,font_m,,{main_he} {other_he} {other_him},yes,"{main_he} is trying to hug {other_him}, but {other_he} wriggles free.",
8362,misc,s_justnow_write,event,516,font_m,,{main_he} {other_he} {other_him},yes,"{main_he} is reaching for {other_him} to give {other_him} a hug, but {other_he} darts away.",
8363,misc,s_justnow_write,event,516,font_m,,{main_he} {other_he} {other_him},yes,"{main_he} is moving in to hug {other_him}, but {other_he} squirms and escapes.",
8364,misc,s_justnow_write,event,516,font_m,,{main_he} {main_his} {other_he} {other_him},yes,"{main_he} is trying to wrap {main_his} arms around {other_him}, but {other_he} struggles and breaks free.",
8365,misc,s_justnow_write,event,516,font_m,,{main_he} {main_his} {other_he},yes,"{main_he} is going for a hug, but {other_he} slips through {main_his} fingers and runs away.",
8366,misc,s_justnow_write,event,516,font_m,,{main_he} {other_him},yes,{main_he} is feeling like giving {other_him} a good scratch behind the ears.,
8367,misc,s_justnow_write,event,516,font_m,,{main_he} {other_his},yes,{main_he} is having an urge to stroke {other_his} soft fur.,
8368,misc,s_justnow_write,event,516,font_m,,{main_he} {other_him},yes,{main_he} is eager to reach out and pet {other_him}.,
8369,misc,s_justnow_write,event,516,font_m,,{main_he} {main_his} {other_his},yes,{main_he} wants to run {main_his} fingers through {other_his} coat.,
8370,misc,s_justnow_write,event,516,font_m,,{main_he} {other_him},yes,{main_he} is longing to give {other_him} some affectionate pats.,
8371,misc,s_justnow_write,event,516,font_m,,{main_he} {other_him},yes,{main_he} is giving {other_him} a good scratch behind the ears.,
8372,misc,s_justnow_write,event,516,font_m,,{main_he} {other_his},yes,{main_he} is stroking {other_his} soft fur.,
8373,misc,s_justnow_write,event,516,font_m,,{main_he} {other_him},yes,{main_he} is reaching out and petting {other_him}.,
8374,misc,s_justnow_write,event,516,font_m,,{main_he} {main_his} {other_his},yes,{main_he} is running {main_his} fingers through {other_his} coat.,
8375,misc,s_justnow_write,event,516,font_m,,{main_he} {other_him},yes,{main_he} is giving {other_him} some affectionate pats.,
8376,misc,s_justnow_write,event,516,font_m,,{main_he} {other_he} {other_him},yes,"{main_he} is trying to pet {other_him}, but {other_he} quickly skitters away.",
8377,misc,s_justnow_write,event,516,font_m,,{main_he} {other_him},yes,"{main_he} is reaching out to pet {other_him}, only for {other_him} to dart out of reach.",
8378,misc,s_justnow_write,event,516,font_m,,{main_he} {main_his} {other_he} {other_him},yes,"{main_he} is moving to pet {other_him}, but {other_he} evades {main_his} touch and hides.",
8379,misc,s_justnow_write,event,516,font_m,,{main_his} {other_he} {other_him},yes,{main_his} attempt to caress {other_him} is ending in failure as {other_he} wriggles free.,
8380,misc,s_justnow_write,event,516,font_m,,{main_he},yes,{main_he} is waiting around.,
8381,misc,s_justnow_write,event,516,font_m,,{main_he},yes,{main_he} is waiting aimlessly.,
8382,misc,s_justnow_write,event,516,font_m,,{main_he},yes,{main_he} is lingering.,
8383,misc,s_justnow_write,event,516,font_m,,{main_he},yes,{main_he} is standing in place.,
8384,misc,s_justnow_write,event,516,font_m,,{main_he},yes,{main_he} is idly standing.,
8385,misc,s_justnow_write,event,516,font_m,,{main_he} {main_his},yes,{main_he} is scratching {main_his} head.,
8386,misc,s_justnow_write,event,516,font_m,,{main_he},no,{main_he} is watching the clouds drift by.,
8387,misc,s_justnow_write,event,516,font_m,,{main_he},yes,{main_he} is idly waiting.,
8388,misc,s_justnow_write,event,516,font_m,,{main_he},yes,"{main_he} is hanging around, waiting for something to happen.",
8389,misc,s_justnow_write,event,516,font_m,,{main_he} {other_him},yes,{main_he} is hoping to extend a friendly gesture to {other_him}.,
8390,misc,s_justnow_write,event,516,font_m,,{main_he} {other_him},yes,{main_he} is planning to be considerate and nice to {other_him}.,
8391,misc,s_justnow_write,event,516,font_m,,{main_he} {other_him},yes,{main_he} intends to be nice to {other_him}.,
8392,misc,s_justnow_write,event,516,font_m,,{main_he} {other_him},yes,{main_he} wants to show goodwill through a friendly action with {other_him}.,
8393,misc,s_justnow_write,event,516,font_m,,{main_he} {other_him},yes,{main_he} is hoping to make a positive gesture of friendliness toward {other_him}.,
8394,misc,s_justnow_write,event,516,font_m,,{main_he} {other_him},yes,{main_he} is extending a friendly gesture to {other_him}.,
8395,misc,s_justnow_write,event,516,font_m,,{main_he} {other_him},yes,{main_he} is being considerate and nice to {other_him}.,
8396,misc,s_justnow_write,event,516,font_m,,{main_he} {other_him},yes,{main_he} is being nice to {other_him}.,
8397,misc,s_justnow_write,event,516,font_m,,{main_he} {other_him},yes,{main_he} is being kind to {other_him}.,
8398,misc,s_justnow_write,event,516,font_m,,{main_he} {other_him},yes,{main_he} is being amiable toward {other_him}.,
8399,misc,s_justnow_write,event,516,font_m,,{main_his} {other_him},yes,{main_his} attempt to be kind to {other_him} is falling short.,
8400,misc,s_justnow_write,event,516,font_m,,{main_his} {other_him},yes,{main_his} effort to be pleasant to {other_him} isn't succeeding.,
8401,misc,s_justnow_write,event,516,font_m,,{main_his} {other_him},yes,{main_his} attempt to act kindly towards {other_him} is unsuccessful.,
8402,misc,s_justnow_write,event,516,font_m,,{main_his} {other_him},yes,{main_his} gesture of goodwill toward {other_him} is missing the mark.,
8403,misc,s_justnow_write,event,516,font_m,,{main_his} {other_him},yes,{main_his} attempt to make a positive impression on {other_him} is failing.,
8404,misc,s_justnow_write,event,516,font_m,,{main_he} {other_his},yes,{main_he} is returning {other_his} warmth with equal kindness.,
8405,misc,s_justnow_write,event,516,font_m,,{main_he} {other_his},yes,{main_he} is mirroring {other_his} amiable behavior.,
8406,misc,s_justnow_write,event,516,font_m,,{main_he} {main_his} {other_his},yes,{main_he} is acknowledging {other_his} friendliness with {main_his} own.,
8407,misc,s_justnow_write,event,516,font_m,,{main_he} {other_his},yes,{main_he} is meeting {other_his} friendliness with a warm response.,
8408,misc,s_justnow_write,event,516,font_m,,{main_he} {other_his},yes,{main_he} is matching {other_his} nice gesture with a friendly response.,
8409,misc,s_justnow_write,event,516,font_m,,{main_he} {other_his},yes,{main_he} is turning down {other_his} attempts at kindness.,
8410,misc,s_justnow_write,event,516,font_m,,{main_he} {other_his},yes,{main_he} is dismissing {other_his} gestures of friendliness.,
8411,misc,s_justnow_write,event,516,font_m,,{main_he} {other_his},yes,{main_he} is declining {other_his} attempts to be friendly.,
8412,misc,s_justnow_write,event,516,font_m,,{main_he} {other_his},yes,{main_he} is pushing away {other_his} friendly advances.,
8413,misc,s_justnow_write,event,516,font_m,,{main_he} {main_him} {other_his},yes,{main_he} is rejecting {other_his} efforts to be nice to {main_him}.,
8414,misc,s_justnow_write,event,516,font_m,,{main_he} {other_him},yes,{main_he} is eager to give {other_him} a compliment.,
8415,misc,s_justnow_write,event,516,font_m,,{main_he} {other_him},yes,{main_he} is looking forward to compliment {other_him}.,
8416,misc,s_justnow_write,event,516,font_m,,{main_he} {other_him},yes,{main_he} is thinking of ways to compliment {other_him}.,
8417,misc,s_justnow_write,event,516,font_m,,{main_he} {other_him},yes,{main_he} is being keen on sharing a compliment with {other_him}.,
8418,misc,s_justnow_write,event,516,font_m,,{main_he} {other_him},yes,{main_he} wants to compliment {other_him}.,
8419,misc,s_justnow_write,event,516,font_m,,{main_he} {other_him},yes,{main_he} is giving {other_him} a compliment.,
8420,misc,s_justnow_write,event,516,font_m,,{main_he} {other_him},yes,{main_he} is complimenting {other_him}.,
8421,misc,s_justnow_write,event,516,font_m,,{main_he} {main_his} {other_him},yes,{main_he} is expressing {main_his} admiration to {other_him}.,
8422,misc,s_justnow_write,event,516,font_m,,{main_he} {main_his} {other_him},yes,{main_he} is conveying {main_his} appreciation to {other_him}.,
8423,misc,s_justnow_write,event,516,font_m,,{main_he} {other_him},yes,{main_he} is delivering a flattering remark to {other_him}.,
8424,misc,s_justnow_write,event,516,font_m,,{main_his} {other_him},yes,{main_his} attempt to compliment {other_him} is falling flat.,
8425,misc,s_justnow_write,event,516,font_m,,{main_his} {other_him},yes,{main_his} effort to compliment {other_him} is missing the mark.,
8426,misc,s_justnow_write,event,516,font_m,,{main_his} {other_him},yes,{main_his} attempt at flattery isn’t resonating with {other_him}.,
8427,misc,s_justnow_write,event,516,font_m,,{main_his} {other_him},yes,{main_his} compliment is being received poorly by {other_him}.,
8428,misc,s_justnow_write,event,516,font_m,,{main_his} {other_him},yes,{main_his} attempt to flatter {other_him} is going awry.,
8429,misc,s_justnow_write,event,516,font_m,,{main_he} {other_his},yes,{main_he} is reacting with pleasure to {other_his} compliment.,
8430,misc,s_justnow_write,event,516,font_m,,{main_he} {other_his},yes,{main_he} is acknowledging {other_his} compliment with enthusiasm.,
8431,misc,s_justnow_write,event,516,font_m,,{main_he} {other_his},yes,{main_he} is happily accepting {other_his} flattering remark.,
8432,misc,s_justnow_write,event,516,font_m,,{main_he} {other_him},yes,{main_he} is responding favorably to the praise from {other_him}.,
8433,misc,s_justnow_write,event,516,font_m,,{main_he} {other_his},yes,{main_he} is being pleased by {other_his} compliment.,
8434,misc,s_justnow_write,event,516,font_m,,{main_he} {other_his},yes,{main_he} is responding poorly to {other_his} compliment.,
8435,misc,s_justnow_write,event,516,font_m,,{main_he} {other_his},yes,{main_he} is dismissing {other_his} compliment.,
8436,misc,s_justnow_write,event,516,font_m,,{main_he} {other_his},yes,{main_he} is being annoyed by {other_his} compliment.,
8437,misc,s_justnow_write,event,516,font_m,,{main_his} {other_his},yes,{main_his} reaction to {other_his} compliment is one of displeasure.,
8438,misc,s_justnow_write,event,516,font_m,,{main_he} {other_his},yes,{main_he} is feeling uneasy about {other_his} compliment.,
8439,misc,s_justnow_write,event,516,font_m,,{main_he} {other_him},yes,{main_he} is looking forward to sharing a hug with {other_him}.,
8440,misc,s_justnow_write,event,516,font_m,,{main_he} {other_him},yes,{main_he} wants to offer {other_him} a hug.,
8441,misc,s_justnow_write,event,516,font_m,,{main_he} {other_him},yes,{main_he} is feeling a strong impulse to hug {other_him}.,
8442,misc,s_justnow_write,event,516,font_m,,{main_he} {main_his} {other_him},yes,{main_he} wants to express {main_his} feelings with a hug for {other_him}.,
8443,misc,s_justnow_write,event,516,font_m,,{main_he} {other_him},yes,{main_he} is ready to give {other_him} a hug.,
8444,misc,s_justnow_write,event,516,font_m,,{main_he} {other_him},yes,{main_he} is pulling {other_him} into a hug.,
8445,misc,s_justnow_write,event,516,font_m,,{main_he} {other_him},yes,{main_he} is embracing {other_him} with a hug.,
8446,misc,s_justnow_write,event,516,font_m,,{main_he} {other_him},yes,{main_he} is giving {other_him} a hug.,
8447,misc,s_justnow_write,event,516,font_m,,{main_he} {other_him},yes,{main_he} is sharing a hug with {other_him}.,
8448,misc,s_justnow_write,event,516,font_m,,{main_he} {other_him},yes,{main_he} is hugging {other_him}.,
8449,misc,s_justnow_write,event,516,font_m,,{main_his} {other_him},yes,{main_his} attempt to hug {other_him} isn’t going as planned.,
8450,misc,s_justnow_write,event,516,font_m,,{main_his} {other_him},yes,{main_his} hug for {other_him} is falling short.,
8451,misc,s_justnow_write,event,516,font_m,,{main_his} {other_him},yes,{main_his} hug isn’t quite connecting with {other_him}.,
8452,misc,s_justnow_write,event,516,font_m,,{main_his} {other_him},yes,{main_his} effort to embrace {other_him} is awkward.,
8453,misc,s_justnow_write,event,516,font_m,,{main_his} {other_him},yes,{main_his} attempt at hugging {other_him} is ending up being unsuccessful.,
8454,misc,s_justnow_write,event,516,font_m,,{main_he} {other_his},yes,{main_he} is responding warmly to {other_his} hug.,
8455,misc,s_justnow_write,event,516,font_m,,{main_he} {other_his},yes,{main_he} is returning {other_his} hug.,
8456,misc,s_justnow_write,event,516,font_m,,{main_he} {other_him},yes,{main_he} is appreciating the affection and is hugging {other_him} back.,
8457,misc,s_justnow_write,event,516,font_m,,{main_he} {other_him} {other_his},yes,{main_he} is enjoying {other_his} hug and is holding {other_him} close.,
8458,misc,s_justnow_write,event,516,font_m,,{main_he} {other_his},yes,{main_he} is welcoming {other_his} hug.,
8459,misc,s_justnow_write,event,516,font_m,,{main_he} {other_his},yes,{main_he} is pulling away from {other_his} attempt at a hug.,
8460,misc,s_justnow_write,event,516,font_m,,{main_he} {other_his},yes,{main_he} is awkwardly avoiding {other_his} hug.,
8461,misc,s_justnow_write,event,516,font_m,,{main_he} {other_he},yes,{main_he} is backing away as {other_he} reaches out for a hug.,
8462,misc,s_justnow_write,event,516,font_m,,{main_he} {other_his},yes,{main_he} is rejecting {other_his} hug.,
8463,misc,s_justnow_write,event,516,font_m,,{main_he} {other_his},yes,{main_he} is evading {other_his} hug.,
8464,misc,s_justnow_write,event,516,font_m,,{main_he} {other_him},yes,{main_he} is hoping to make friends with {other_him}.,
8465,misc,s_justnow_write,event,516,font_m,,{main_he} {other_him},yes,{main_he} is seeking to become friends with {other_him}.,
8466,misc,s_justnow_write,event,516,font_m,,{main_he} {other_him},yes,{main_he} is aiming to establish a friendship with {other_him}.,
8467,misc,s_justnow_write,event,516,font_m,,{main_he} {other_him},yes,{main_he} is looking to form a friendship with {other_him}.,
8468,misc,s_justnow_write,event,516,font_m,,{main_he} {other_him},yes,{main_he} is aiming to strike up a friendship with {other_him}.,
8469,misc,s_justnow_write,event,516,font_m,,{main_he} {other_him},yes,{main_he} is making friends with {other_him}.,
8470,misc,s_justnow_write,event,516,font_m,,{main_he} {other_him},yes,{main_he} and {other_him} are becoming friends.,
8471,misc,s_justnow_write,event,516,font_m,,{main_he} {other_him},yes,{main_he} is establishing a friendship with {other_him}.,
8472,misc,s_justnow_write,event,516,font_m,,{main_he} {other_him},yes,{main_he} and {other_him} are forming a friendship.,
8473,misc,s_justnow_write,event,516,font_m,,{main_he} {other_him},yes,{main_he} is striking up a friendship with {other_him}.,
8474,misc,s_justnow_write,event,516,font_m,,{main_his} {other_him},yes,{main_his} efforts to befriend {other_him} are falling short.,
8475,misc,s_justnow_write,event,516,font_m,,{main_he} {other_him},yes,{main_he} is failing to establish a friendship with {other_him}.,
8476,misc,s_justnow_write,event,516,font_m,,{main_his} {other_him},yes,{main_his} attempt to build a friendship with {other_him} isn't succeeding.,
8477,misc,s_justnow_write,event,516,font_m,,{main_his} {other_him},yes,{main_his} attempt at friendship with {other_him} is unsuccessful.,
8478,misc,s_justnow_write,event,516,font_m,,{main_he} {other_him},yes,{main_he} is not able to befriend {other_him}.,
8479,misc,s_justnow_write,event,516,font_m,,{main_he} {other_his},yes,{main_he} is embracing {other_his} attempt at forming a friendship.,
8480,misc,s_justnow_write,event,516,font_m,,{main_he} {other_his},yes,{main_he} is welcoming {other_his} initiative to establish a friendship.,
8481,misc,s_justnow_write,event,516,font_m,,{main_he} {other_his},yes,{main_he} is accepting {other_his} effort to build a friendship.,
8482,misc,s_justnow_write,event,516,font_m,,{main_he} {other_him},yes,{main_he} is willing to become friends with {other_him}.,
8483,misc,s_justnow_write,event,516,font_m,,{main_he} {other_his},yes,{main_he} is agreeing to {other_his} proposal to be friends.,
8484,misc,s_justnow_write,event,516,font_m,,{main_he} {other_his},yes,{main_he} is declining {other_his} proposal to be friends.,
8485,misc,s_justnow_write,event,516,font_m,,{main_he} {other_his},yes,{main_he} is rejecting {other_his} suggestion to establish a friendship.,
8486,misc,s_justnow_write,event,516,font_m,,{main_he} {other_his},yes,{main_he} is turning down {other_his} offer to become friends.,
8487,misc,s_justnow_write,event,516,font_m,,{main_he} {other_his},yes,{main_he} is not agreeing with {other_his} plan to build a friendship.,
8488,misc,s_justnow_write,event,516,font_m,,{main_he} {other_him},yes,{main_he} is declining the idea of forming a friendship with {other_him}.,
8489,misc,s_justnow_write,event,516,font_m,,{main_he} {other_him},yes,{main_he} is interested in flirting with {other_him}.,
8490,misc,s_justnow_write,event,516,font_m,,{main_he} {other_him},yes,{main_he} is hoping to engage in some flirting with {other_him}.,
8491,misc,s_justnow_write,event,516,font_m,,{main_he} {other_him},yes,{main_he} is looking forward to charming {other_him}.,
8492,misc,s_justnow_write,event,516,font_m,,{main_he} {other_him} {other_his},yes,{main_he} is planning to flirt with {other_him} to gauge {other_his} interest.,
8493,misc,s_justnow_write,event,516,font_m,,{main_he} {other_him},yes,{main_he} wants to flirt with {other_him}.,
8494,misc,s_justnow_write,event,516,font_m,,{main_he} {main_his} {other_him},yes,{main_he} is winning {other_him} over with {main_his} flirting.,
8495,misc,s_justnow_write,event,516,font_m,,{main_his} {other_him},yes,{main_his} flirtation with {other_him} is proving to be effective.,
8496,misc,s_justnow_write,event,516,font_m,,{main_his} {other_him},yes,{main_his} flirting approach is working well with {other_him}.,
8497,misc,s_justnow_write,event,516,font_m,,{main_he} {other_him},yes,{main_he} is effectively using flirtation to attract {other_him}.,
8498,misc,s_justnow_write,event,516,font_m,,{main_him} {main_his} {other_his},yes,{main_his} successful flirtation is earning {main_him} {other_his} attention.,
8499,misc,s_justnow_write,event,516,font_m,,{main_his} {other_him},yes,{main_his} flirting is failing to make an impact on {other_him}.,
8500,misc,s_justnow_write,event,516,font_m,,{main_his} {other_him},yes,{main_his} attempts at flirting with {other_him} are falling flat.,
8501,misc,s_justnow_write,event,516,font_m,,{main_his} {other_him},yes,{main_his} efforts to flirt with {other_him} aren’t succeeding.,
8502,misc,s_justnow_write,event,516,font_m,,{main_his} {other_him},yes,{main_his} flirtatious approach is failing to engage {other_him}.,
8503,misc,s_justnow_write,event,516,font_m,,{main_his} {other_him},yes,{main_his} attempts at flirting are ineffective with {other_him}.,
8504,misc,s_justnow_write,event,516,font_m,,{main_he} {other_his},yes,{main_he} is responding favorably to {other_his} flirtatious advances.,
8505,misc,s_justnow_write,event,516,font_m,,{main_he} {main_him} {other_his},yes,{main_he} is appreciating {other_his} attempt to flirt with {main_him}.,
8506,misc,s_justnow_write,event,516,font_m,,{main_he} {other_his},yes,{main_he} is showing interest in {other_his} attempt at flirting.,
8507,misc,s_justnow_write,event,516,font_m,,{main_he} {other_his},yes,{main_he} is being receptive to {other_his} flirting.,
8508,misc,s_justnow_write,event,516,font_m,,{main_he} {other_his},yes,{main_he} is embracing {other_his} attempt to flirt.,
8509,misc,s_justnow_write,event,516,font_m,,{main_he} {other_his},yes,{main_he} is responding coldly to {other_his} attempt at flirting.,
8510,misc,s_justnow_write,event,516,font_m,,{main_he} {other_his},yes,{main_he} is reacting with discomfort to {other_his} flirtatious advances.,
8511,misc,s_justnow_write,event,516,font_m,,{main_he} {other_his},yes,{main_he} is showing disinterest in {other_his} flirting.,
8512,misc,s_justnow_write,event,516,font_m,,{main_he} {other_his},yes,{main_he} is rejecting {other_his} flirtatious gestures.,
8513,misc,s_justnow_write,event,516,font_m,,{main_he} {other_his},yes,{main_he} is dismissing {other_his} flirting.,
8514,misc,s_justnow_write,event,516,font_m,,{main_he} {other_him},yes,{main_he} is eager to become intimate with {other_him}.,
8515,misc,s_justnow_write,event,516,font_m,,{main_he} {other_him},yes,{main_he} wants to engage in a intimate encounter with {other_him}.,
8516,misc,s_justnow_write,event,516,font_m,,{main_he} {other_him},yes,{main_he} is aiming to have an intimate experience with {other_him}.,
8517,misc,s_justnow_write,event,516,font_m,,{main_he} {other_him},yes,{main_he} is looking to become intimately involved with {other_him}.,
8518,misc,s_justnow_write,event,516,font_m,,{main_he} {other_him},yes,{main_he} is hoping to share a intimate encounter with {other_him}.,
8519,misc,s_justnow_write,event,516,font_m,,{main_he} {other_he},no,{main_he} and {other_he} are sharing an intimate moment.,
8520,misc,s_justnow_write,event,516,font_m,,{main_he} {other_he},no,{main_he} and {other_he} are connecting on a physical level.,
8521,misc,s_justnow_write,event,516,font_m,,{main_he} {other_he},no,{main_he} and {other_he} are becoming intimately involved with each other.,
8522,misc,s_justnow_write,event,516,font_m,,{main_he} {other_he},no,{main_he} and {other_he} are having an intimate interaction.,
8523,misc,s_justnow_write,event,516,font_m,,{main_he} {other_he},no,{main_he} and {other_he} are enjoying a moment of shared intimacy.,
8524,misc,s_justnow_write,event,516,font_m,,{main_he} {main_him} {other_him},yes,{main_he} is failing to persuade {other_him} to become closer with {main_him}.,
8525,misc,s_justnow_write,event,516,font_m,,{main_he} {other_him},yes,{main_he} is unable to convince {other_him} to engage in a more intimate encounter.,
8526,misc,s_justnow_write,event,516,font_m,,{main_he} {other_him},yes,{main_he} isn't succeeding in getting {other_him} to share a private moment.,
8527,misc,s_justnow_write,event,516,font_m,,{main_his} {other_him},yes,{main_his} attempts to have an intimate interaction with {other_him} are unsuccessful.,
8528,misc,s_justnow_write,event,516,font_m,,{main_he} {other_him},yes,{main_he} isn’t managing to influence {other_him} to become physically involved.,
8529,misc,s_justnow_write,event,516,font_m,,{main_he} {other_his},yes,{main_he} is declining {other_his} invitation for sharing a private moment.,
8530,misc,s_justnow_write,event,516,font_m,,{main_he} {other_his},yes,{main_he} is turning down {other_his} proposal for a more intimate encounter.,
8531,misc,s_justnow_write,event,516,font_m,,{main_he} {other_his},yes,{main_he} is rejecting {other_his} attempt to have a moment of shared intimacy.,
8532,misc,s_justnow_write,event,516,font_m,,{main_he} {other_his},yes,{main_he} is declining {other_his} advance for connecting on a physical level.,
8533,misc,s_justnow_write,event,516,font_m,,{main_he} {other_his},yes,{main_he} is stepping back from {other_his} attempt to become physically involved.,
8534,misc,s_justnow_write,event,516,font_m,,{main_he} {main_him} {other_him},yes,{main_he} is planning to ask {other_him} to marry {main_him}.,
8535,misc,s_justnow_write,event,516,font_m,,{main_he} {other_him},yes,{main_he} intends to propose marriage to {other_him}.,
8536,misc,s_justnow_write,event,516,font_m,,{main_he} {other_him},yes,{main_he} is preparing to make a marriage proposal to {other_him}.,
8537,misc,s_justnow_write,event,516,font_m,,{main_he} {other_him} {other_his},yes,{main_he} is hoping to ask {other_him} for {other_his} hand in marriage.,
8538,misc,s_justnow_write,event,516,font_m,,{main_he} {main_his} {other_him},yes,{main_he} is ready to ask {other_him} to be {main_his} spouse.,
8539,misc,s_justnow_write,event,516,font_m,,{main_his} {other_him},yes,{main_his} proposal to {other_him} is being accepted.,
8540,misc,s_justnow_write,event,516,font_m,,{main_he} {main_him} {other_him},yes,{main_he} is successfully asking {other_him} to marry {main_him}.,
8541,misc,s_justnow_write,event,516,font_m,,{main_he} {main_his} {other_him},yes,{main_he} is successfully making {main_his} marriage proposal to {other_him}.,
8542,misc,s_justnow_write,event,516,font_m,,{main_his} {other_his},yes,{main_his} request for {other_his} hand in marriage is being accepted.,
8543,misc,s_justnow_write,event,516,font_m,,{main_his} {other_he},yes,"{main_his} proposal is received positively, and {other_he} is agreeing to be {main_his} partner.",
8544,misc,s_justnow_write,event,516,font_m,,{main_his} {other_him},yes,{main_his} proposal to {other_him} is being met with a refusal.,
8545,misc,s_justnow_write,event,516,font_m,,{main_his} {other_him},yes,{main_his} marriage proposal to {other_him} is being rejected.,
8546,misc,s_justnow_write,event,516,font_m,,{main_his} {other_he},yes,"{main_his} proposal is unsuccessful, and {other_he} is declining.",
8547,misc,s_justnow_write,event,516,font_m,,{main_his} {other_him},yes,{main_his} engagement proposal is not being accepted by {other_him}.,
8548,misc,s_justnow_write,event,516,font_m,,{main_his} {other_him},yes,{main_his} offer of marriage to {other_him} is being met with refusal.,
8549,misc,s_justnow_write,event,516,font_m,,{main_he} {other_his},yes,{main_he} is accepting {other_his} marriage proposal.,
8550,misc,s_justnow_write,event,516,font_m,,{main_he} {other_his},yes,{main_he} is agreeing to {other_his} offer of marriage.,
8551,misc,s_justnow_write,event,516,font_m,,{main_he} {main_his} {other_his},yes,{main_he} is saying yes to {other_his} offer to become {main_his} spouse.,
8552,misc,s_justnow_write,event,516,font_m,,{main_he} {other_his},yes,{main_he} is responding positively to {other_his} marriage proposal.,
8553,misc,s_justnow_write,event,516,font_m,,{main_he} {other_him},yes,{main_he} is agreeing to marry {other_him}.,
8554,misc,s_justnow_write,event,516,font_m,,{main_he} {other_his},yes,{main_he} is turning down {other_his} offer of marriage.,
8555,misc,s_justnow_write,event,516,font_m,,{main_he} {other_his},yes,{main_he} is declining {other_his} marriage proposal.,
8556,misc,s_justnow_write,event,516,font_m,,{main_he} {other_his},yes,{main_he} is not accepting {other_his} proposal for marriage.,
8557,misc,s_justnow_write,event,516,font_m,,{main_he} {other_his},yes,{main_he} is rejecting {other_his} attempt to get engaged.,
8558,misc,s_justnow_write,event,516,font_m,,{main_he} {main_his} {other_his},yes,{main_he} is refusing {other_his} offer to be {main_his} spouse.,
8559,misc,s_justnow_write,event,516,font_m,,{main_he} {other_him},yes,{main_he} is looking to offend {other_him}.,
8560,misc,s_justnow_write,event,516,font_m,,{main_he} {other_him},yes,{main_he} is seeking to insult {other_him}.,
8561,misc,s_justnow_write,event,516,font_m,,{main_he} {other_his},yes,{main_he} intends to hurt {other_his} feelings.,
8562,misc,s_justnow_write,event,516,font_m,,{main_he} {other_him},yes,{main_he} is set on delivering an insult to {other_him}.,
8563,misc,s_justnow_write,event,516,font_m,,{main_he} {other_him},yes,{main_he} is aiming to belittle {other_him}.,
8564,misc,s_justnow_write,event,516,font_m,,{main_he} {other_him},yes,{main_he} is offending {other_him}.,
8565,misc,s_justnow_write,event,516,font_m,,{main_he} {other_him},yes,{main_he} is insulting {other_him}.,
8566,misc,s_justnow_write,event,516,font_m,,{main_he} {other_his},yes,{main_he} is hurting {other_his} feelings.,
8567,misc,s_justnow_write,event,516,font_m,,{main_he} {other_him},yes,{main_he} is delivering an insult to {other_him}.,
8568,misc,s_justnow_write,event,516,font_m,,{main_he} {other_him},yes,{main_he} is belittling {other_him}.,
8569,misc,s_justnow_write,event,516,font_m,,{main_his} {other_him},yes,{main_his} attempt to insult {other_him} is falling flat.,
8570,misc,s_justnow_write,event,516,font_m,,{main_his} {other_him},yes,{main_his} efforts to offend {other_him} are unsuccessful.,
8571,misc,s_justnow_write,event,516,font_m,,{main_his} {other_him},yes,"{main_his} insult isn’t landing, leaving {other_him} unaffected.",
8572,misc,s_justnow_write,event,516,font_m,,{main_he} {other_him},yes,{main_he} is unsuccessful in delivering an insult to {other_him}.,
8573,misc,s_justnow_write,event,516,font_m,,{main_his} {other_his},yes,{main_his} attempt to hurt {other_his} feelings is failing.,
8574,misc,s_justnow_write,event,516,font_m,,{main_he} {other_his},yes,{main_he} is taking offense at {other_his} comments.,
8575,misc,s_justnow_write,event,516,font_m,,{main_he} {other_his},yes,{main_he} is hurt by {other_his} remarks.,
8576,misc,s_justnow_write,event,516,font_m,,{main_he} {other_his},yes,{main_he} is feeling demeaned by {other_his} words.,
8577,misc,s_justnow_write,event,516,font_m,,{main_he} {other_his},yes,{main_he} is upset by {other_his} insult.,
8578,misc,s_justnow_write,event,516,font_m,,{main_he} {other_he},yes,{main_he} is offended by what {other_he} said.,
8579,misc,s_justnow_write,event,516,font_m,,{main_he} {other_his},yes,{main_he} isn't affected by {other_his} remarks.,
8580,misc,s_justnow_write,event,516,font_m,,{main_he} {other_his},yes,{main_he} is remaining unfazed by {other_his} comments.,
8581,misc,s_justnow_write,event,516,font_m,,{main_he} {other_his},yes,{main_he} isn't taking offense at {other_his} words.,
8582,misc,s_justnow_write,event,516,font_m,,{main_he} {other_his},yes,{main_he} is indifferent to {other_his} insults.,
8583,misc,s_justnow_write,event,516,font_m,,{main_he} {other_his},yes,{main_he} isn’t perceiving {other_his} words as an insult.,
8584,misc,s_justnow_write,event,516,font_m,,{main_he} {other_him},yes,{main_he} intends to threaten {other_him}.,
8585,misc,s_justnow_write,event,516,font_m,,{main_he} {other_him},yes,{main_he} is hoping to scare {other_him} with threats.,
8586,misc,s_justnow_write,event,516,font_m,,{main_he} {other_him},yes,{main_he} is planning to make a threatening statement to {other_him}.,
8587,misc,s_justnow_write,event,516,font_m,,{main_he} {other_him},yes,{main_he} is aiming to intimidate {other_him}.,
8588,misc,s_justnow_write,event,516,font_m,,{main_he} {other_him},yes,{main_he} is looking to make {other_him} feel threatened.,
8589,misc,s_justnow_write,event,516,font_m,,{main_he} {other_him},yes,{main_he} is threatening {other_him}.,
8590,misc,s_justnow_write,event,516,font_m,,{main_he} {other_him},yes,{main_he} is scaring {other_him} with threats.,
8591,misc,s_justnow_write,event,516,font_m,,{main_he} {other_him},yes,{main_he} is making a threatening statement to {other_him}.,
8592,misc,s_justnow_write,event,516,font_m,,{main_he} {other_him},yes,{main_he} is making {other_him} feel threatened.,
8593,misc,s_justnow_write,event,516,font_m,,{main_he} {other_him},yes,{main_he} is intimidating {other_him}.,
8594,misc,s_justnow_write,event,516,font_m,,{main_his} {other_him},yes,{main_his} threat is failing to intimidate {other_him}.,
8595,misc,s_justnow_write,event,516,font_m,,{main_his} {other_him},yes,{main_his} attempt to scare {other_him} is falling flat.,
8596,misc,s_justnow_write,event,516,font_m,,{main_his} {other_him},yes,{main_his} menacing remarks are having no impact on {other_him}.,
8597,misc,s_justnow_write,event,516,font_m,,{main_his} {other_him},yes,{main_his} effort to threaten {other_him} is ineffective.,
8598,misc,s_justnow_write,event,516,font_m,,{main_his} {other_him},yes,{main_his} threatening statement is having no effect on {other_him}.,
8599,misc,s_justnow_write,event,516,font_m,,{main_he} {other_his},yes,{main_he} is unsettled by {other_his} threat.,
8600,misc,s_justnow_write,event,516,font_m,,{main_he} {other_him},yes,{main_he} is feeling threatened by {other_him}.,
8601,misc,s_justnow_write,event,516,font_m,,{main_he} {other_his},yes,{main_he} is scared by {other_his} intimidation.,
8602,misc,s_justnow_write,event,516,font_m,,{main_he} {other_his},yes,{main_he} is affected by {other_his} threatening behavior.,
8603,misc,s_justnow_write,event,516,font_m,,{main_he} {other_his},yes,{main_he} is feeling the impact of {other_his} threat.,
8604,misc,s_justnow_write,event,516,font_m,,{main_he} {other_his},yes,{main_he} is remaining unfazed by {other_his} threat.,
8605,misc,s_justnow_write,event,516,font_m,,{main_he} {other_his},yes,{main_he} is not intimidated by {other_his} threat.,
8606,misc,s_justnow_write,event,516,font_m,,{main_he} {other_his},yes,{main_he} is remaining unaffected by {other_his} failed threat.,
8607,misc,s_justnow_write,event,516,font_m,,{main_he} {other_his},yes,{main_he} is unperturbed by {other_his} ineffective threat.,
8608,misc,s_justnow_write,event,516,font_m,,{main_he} {other_him},yes,"{main_he} is threatened by {other_him}, but the threat isn't succeeding.",
8609,misc,s_justnow_write,event,516,font_m,,{main_he} {other_him},yes,{main_he} is eager to rough up {other_him}.,
8610,misc,s_justnow_write,event,516,font_m,,{main_he} {other_him},yes,{main_he} wants to attack {other_him}.,
8611,misc,s_justnow_write,event,516,font_m,,{main_he} {other_him},yes,{main_he} is planning to give {other_him} a beating.,
8612,misc,s_justnow_write,event,516,font_m,,{main_he} {other_him},yes,{main_he} is seeking to batter {other_him}.,
8613,misc,s_justnow_write,event,516,font_m,,{main_he} {other_him},yes,{main_he} is set on knocking {other_him} around.,
8614,misc,s_justnow_write,event,516,font_m,,{main_he} {other_him},yes,{main_he} is roughing up {other_him}.,
8615,misc,s_justnow_write,event,516,font_m,,{main_he} {other_him},yes,{main_he} is attacking {other_him}.,
8616,misc,s_justnow_write,event,516,font_m,,{main_he} {other_him},yes,{main_he} is giving {other_him} a beating.,
8617,misc,s_justnow_write,event,516,font_m,,{main_he} {other_him},yes,{main_he} is battering {other_him}.,
8618,misc,s_justnow_write,event,516,font_m,,{main_he} {other_him},yes,{main_he} is knocking {other_him} around.,
8619,misc,s_justnow_write,event,516,font_m,,{main_he} {other_him},yes,{main_he} is unsuccessful in beating up {other_him}.,
8620,misc,s_justnow_write,event,516,font_m,,{main_he} {other_him},yes,{main_he} is trying but failing to defeat {other_him} in a fight.,
8621,misc,s_justnow_write,event,516,font_m,,{main_his} {other_him},yes,{main_his} attempt to fight {other_him} is ending in failure.,
8622,misc,s_justnow_write,event,516,font_m,,{main_he} {other_him},yes,{main_he} isn’t managing to win the fight with {other_him}.,
8623,misc,s_justnow_write,event,516,font_m,,{main_he} {other_him},yes,{main_he} is unable to beat {other_him} in their encounter.,
8624,misc,s_justnow_write,event,516,font_m,,{main_he} {other_him},yes,{main_he} is getting overpowered by {other_him}.,
8625,misc,s_justnow_write,event,516,font_m,,{main_he} {other_him},yes,{main_he} is suffering a beating at the hands of {other_him}.,
8626,misc,s_justnow_write,event,516,font_m,,{main_he} {other_him},yes,{main_he} is taking a beating from {other_him}.,
8627,misc,s_justnow_write,event,516,font_m,,{main_he} {other_him},yes,{main_he} is ending up being roughed up by {other_him}.,
8628,misc,s_justnow_write,event,516,font_m,,{main_he} {other_him},yes,{main_he} is getting beaten down by {other_him}.,
8629,misc,s_justnow_write,event,516,font_m,,{main_he} {main_him} {other_his},yes,{main_he} is resisting {other_his} attempt to beat {main_him} up.,
8630,misc,s_justnow_write,event,516,font_m,,{main_he} {other_his},yes,{main_he} is fending off {other_his} beating attempt.,
8631,misc,s_justnow_write,event,516,font_m,,{main_he} {other_his},yes,{main_he} is opposing {other_his} attempt at a beating.,
8632,misc,s_justnow_write,event,516,font_m,,{main_he} {main_him} {other_his},yes,{main_he} is managing to repel {other_his} effort to beat {main_him} up.,
8633,misc,s_justnow_write,event,516,font_m,,{main_he} {main_his} {other_his},yes,{main_he} is standing {main_his} ground against {other_his} beating attempt.,
8634,misc,s_justnow_write,event,516,font_m,,{main_he} {other_him},yes,{main_he} desires to kill {other_him}.,
8635,misc,s_justnow_write,event,516,font_m,,{main_he} {other_him},yes,{main_he} is having the intention to kill {other_him}.,
8636,misc,s_justnow_write,event,516,font_m,,{main_he} {other_him},yes,{main_he} is seeking to kill {other_him}.,
8637,misc,s_justnow_write,event,516,font_m,,{main_he} {other_him},yes,{main_he} is planning to kill {other_him}.,
8638,misc,s_justnow_write,event,516,font_m,,{main_he} {other_him},yes,{main_he} is determined to kill {other_him}.,
8639,misc,s_justnow_write,event,516,font_m,,{main_he} {other_him},yes,{main_he} is killing {other_him}.,
8640,misc,s_justnow_write,event,516,font_m,,{main_he} {other_his},yes,{main_he} is taking {other_his} life.,
8641,misc,s_justnow_write,event,516,font_m,,{main_he} {other_him},yes,{main_he} is murdering {other_him}.,
8642,misc,s_justnow_write,event,516,font_m,,{main_he} {other_his},yes,{main_he} is putting an end to {other_his} life.,
8643,misc,s_justnow_write,event,516,font_m,,{main_he} {other_him},yes,{main_he} is slaying {other_him}.,
8644,misc,s_justnow_write,event,516,font_m,,{main_he} {other_him},yes,{main_he} is not succeeding in killing {other_him}.,
8645,misc,s_justnow_write,event,516,font_m,,{main_he} {other_him},yes,{main_he} is unable to kill {other_him}.,
8646,misc,s_justnow_write,event,516,font_m,,{main_his} {other_him},yes,{main_his} attempt to kill {other_him} is failing.,
8647,misc,s_justnow_write,event,516,font_m,,{main_he} {main_his} {other_him},yes,{main_he} is failing in {main_his} effort to kill {other_him}.,
8648,misc,s_justnow_write,event,516,font_m,,{main_he} {other_him},yes,{main_he} is having difficulty killing {other_him}.,
8649,misc,s_justnow_write,event,516,font_m,,{main_he} {other_him},yes,{main_he} is being killed by {other_him}.,
8650,misc,s_justnow_write,event,516,font_m,,{main_he} {other_him},yes,{main_he} is being attacked fatally by {other_him}.,
8651,misc,s_justnow_write,event,516,font_m,,{main_he} {other_him},yes,{main_he} is being slain by {other_him}.,
8652,misc,s_justnow_write,event,516,font_m,,{main_he} {main_his} {other_him},yes,{main_he} is losing {main_his} life to {other_him}.,
8653,misc,s_justnow_write,event,516,font_m,,{main_he} {other_him},yes,{main_he} is being murdered by {other_him}.,
8654,misc,s_justnow_write,event,516,font_m,,{main_he} {other_him},yes,{main_he} is avoiding being killed by {other_him}.,
8655,misc,s_justnow_write,event,516,font_m,,{main_he} {other_him},yes,{main_he} is succeeding in not getting killed by {other_him}.,
8656,misc,s_justnow_write,event,516,font_m,,{main_he} {other_him},yes,{main_he} is avoiding death at the hands of {other_him}.,
8657,misc,s_justnow_write,event,516,font_m,,{main_he} {main_his} {other_his},yes,{main_he} is managing to escape {other_his} attempts on {main_his} life.,
8658,misc,s_justnow_write,event,516,font_m,,{main_he} {other_his},yes,{main_he} is managing to survive {other_his} attacks.,
8659,misc,s_justnow_write,event,516,font_m,,{main_he} {other_his},yes,{main_he} is aiming to strengthen {other_his} faith.,
8660,misc,s_justnow_write,event,516,font_m,,{main_he} {other_him},yes,{main_he} is striving to inspire greater faith in {other_him}.,
8661,misc,s_justnow_write,event,516,font_m,,{main_he} {other_his},yes,{main_he} is seeking to rekindle {other_his} faith.,
8662,misc,s_justnow_write,event,516,font_m,,{main_he} {other_his},yes,{main_he} wants to revive {other_his} belief.,
8663,misc,s_justnow_write,event,516,font_m,,{main_he} {other_his},yes,{main_he} is hoping to elevate {other_his} faith.,
8664,misc,s_justnow_write,event,516,font_m,,{main_he} {other_him},yes,{main_he} is preaching to {other_him}.,
8665,misc,s_justnow_write,event,516,font_m,,{main_he} {main_his} {other_him},yes,{main_he} is persuading {other_him} with {main_his} preaching.,
8666,misc,s_justnow_write,event,516,font_m,,{main_he} {main_his} {other_him},yes,{main_he} is successfully influencing {other_him} with {main_his} preaching.,
8667,misc,s_justnow_write,event,516,font_m,,{main_he} {other_him},yes,{main_he} preaching is resonating with {other_him}.,
8668,misc,s_justnow_write,event,516,font_m,,{main_he} {main_his} {other_him},yes,{main_he} is making a notable impression on {other_him} with {main_his} preaching.,
8669,misc,s_justnow_write,event,516,font_m,,{main_his} {other_him},yes,{main_his} attempt to preach to {other_him} isn't making an impact.,
8670,misc,s_justnow_write,event,516,font_m,,{main_his} {other_him},yes,{main_his} preaching is failing to persuade {other_him}.,
8671,misc,s_justnow_write,event,516,font_m,,{main_his} {other_him},yes,{main_his} sermon is failing to reach {other_him}.,
8672,misc,s_justnow_write,event,516,font_m,,{main_his} {other_him},yes,{main_his} preaching isn't convincing {other_him}.,
8673,misc,s_justnow_write,event,516,font_m,,{main_he} {other_him},yes,{main_he} preaching isn't resonating with {other_him}.,
8674,misc,s_justnow_write,event,516,font_m,,{main_he} {other_his},yes,{main_he} is responding favourably to {other_his} preaching.,
8675,misc,s_justnow_write,event,516,font_m,,{main_he} {other_his},yes,{main_he} is having a positive reaction to {other_his} sermon.,
8676,misc,s_justnow_write,event,516,font_m,,{main_he} {other_his},yes,{main_he} is showing approval of {other_his} preaching.,
8677,misc,s_justnow_write,event,516,font_m,,{main_he} {other_his},yes,{main_he} is encouraged by {other_his} preaching.,
8678,misc,s_justnow_write,event,516,font_m,,{main_he} {other_his},yes,{main_he} is giving a positive response to {other_his} preaching.,
8679,misc,s_justnow_write,event,516,font_m,,{main_he} {other_his},yes,{main_he} is having a negative reaction to {other_his} sermon.,
8680,misc,s_justnow_write,event,516,font_m,,{main_he} {other_his},yes,{main_he} is reacting with skepticism to {other_his} preaching.,
8681,misc,s_justnow_write,event,516,font_m,,{main_he} {other_his},yes,{main_he} is reacting poorly to {other_his} preaching.,
8682,misc,s_justnow_write,event,516,font_m,,{main_he} {other_his},yes,{main_he} is finding {other_his} preaching unconvincing.,
8683,misc,s_justnow_write,event,516,font_m,,{main_he} {other_his},yes,{main_he} is responding with negativity to {other_his} preaching.,
8684,misc,s_justnow_write,event,516,font_m,,{main_he},yes,{main_he} has just been born.,
8685,misc,s_justnow_write,event,516,font_m,,{main_he},yes,{main_he} was just born.,
8686,misc,s_justnow_write,event,516,font_m,,{main_he},yes,{main_he} has just come into the world.,
8687,misc,s_justnow_write,event,516,font_m,,{main_he},yes,{main_he} was born only moments ago.,
8688,misc,s_justnow_write,event,516,font_m,,{main_he},yes,{main_he} has only just been born.,
8689,misc,s_justnow_write,event,516,font_m,,{main_he} {other_his},yes,{main_he} is heading to celebrate {other_his} birth.,
8690,misc,s_justnow_write,event,516,font_m,,{main_he} {other_his},yes,{main_he} is going to celebrate {other_his} birth.,
8691,misc,s_justnow_write,event,516,font_m,,{main_he} {main_his} {other_his},yes,{main_he} is making {main_his} way to honor {other_his} birth.,
8692,misc,s_justnow_write,event,516,font_m,,{main_he} {other_his},yes,{main_he} is going to partake in the celebration of {other_his} birth.,
8693,misc,s_justnow_write,event,516,font_m,,{main_he} {other_his},yes,{main_he} is heading over to celebrate the occasion of {other_his} birth.,
8694,misc,s_justnow_write,event,516,font_m,,{main_he} {other_his},yes,{main_he} is honoring {other_his} birth.,
8695,misc,s_justnow_write,event,516,font_m,,{main_he} {other_his},yes,{main_he} is celebrating {other_his} birth.,
8696,misc,s_justnow_write,event,516,font_m,,{main_he} {other_his},yes,{main_he} is joining the event of {other_his} birth.,
8697,misc,s_justnow_write,event,516,font_m,,{main_he} {other_his},yes,{main_he} is participating in the moment of {other_his} birth.,
8698,misc,s_justnow_write,event,516,font_m,,{main_he} {other_his},yes,{main_he} is taking part in the occasion of {other_his} birth.,
8699,misc,s_justnow_write,event,516,font_m,,{main_he} {main_his} {other_his},yes,{main_he} is on {main_his} way to {other_his} funeral.,
8700,misc,s_justnow_write,event,516,font_m,,{main_he} {other_his},yes,{main_he} is heading to {other_his} memorial service.,
8701,misc,s_justnow_write,event,516,font_m,,{main_he} {other_his},yes,{main_he} is going to {other_his} funeral.,
8702,misc,s_justnow_write,event,516,font_m,,{main_he} {other_his},yes,{main_he} is going to partake in the funeral of {other_his}.,
8703,misc,s_justnow_write,event,516,font_m,,{main_he} {other_his},yes,{main_he} is proceeding to {other_his} commemoration.,
8704,misc,s_justnow_write,event,516,font_m,,{main_he} {other_his},yes,{main_he} is attending {other_his} wake.,
8705,misc,s_justnow_write,event,516,font_m,,{main_he} {other_his},yes,{main_he} is joining the event of {other_his} commemoration.,
8706,misc,s_justnow_write,event,516,font_m,,{main_he} {other_his},yes,{main_he} is participating in {other_his} funeral.,
8707,misc,s_justnow_write,event,516,font_m,,{main_he} {other_his},yes,{main_he} is taking part in {other_his} memorial service.,
8708,misc,s_justnow_write,event,516,font_m,,{main_he} {main_his},yes,{main_he} is on {main_his} way to prepare fishing nets.,
8709,misc,s_justnow_write,event,516,font_m,,{main_he},yes,{main_he} wants to salt fish for preservation.,
8710,misc,s_justnow_write,event,516,font_m,,{main_he},yes,{main_he} is planning to gut the fish.,
8711,misc,s_justnow_write,event,516,font_m,,{main_he},yes,{main_he} aims to prepare fish for cooking.,
8712,misc,s_justnow_write,event,516,font_m,,{main_he},yes,{main_he} is going to take care of cleaning the fish.,
8713,misc,s_justnow_write,event,516,font_m,,{main_he},yes,{main_he} is preparing fishing nets.,
8714,misc,s_justnow_write,event,516,font_m,,{main_he},yes,{main_he} is salting fish for preservation.,
8715,misc,s_justnow_write,event,516,font_m,,{main_he},yes,{main_he} is gutting the fish.,
8716,misc,s_justnow_write,event,516,font_m,,{main_he},yes,{main_he} is preparing fish for cooking.,
8717,misc,s_justnow_write,event,516,font_m,,{main_he},yes,{main_he} is taking care of cleaning the fish.,
8718,misc,s_justnow_write,event,516,font_m,,{main_he},yes,{main_he} intends to build some furniture.,
8719,misc,s_justnow_write,event,516,font_m,,{main_he},yes,{main_he} is preparing to repair some furniture.,
8720,misc,s_justnow_write,event,516,font_m,,{main_he},yes,{main_he} is set to work on sharpening the saw.,
8721,misc,s_justnow_write,event,516,font_m,,{main_he},yes,{main_he} plans to make wooden joints.,
8722,misc,s_justnow_write,event,516,font_m,,{main_he},yes,{main_he} will be taking care of wood cutting.,
8723,misc,s_justnow_write,event,516,font_m,,{main_he},yes,{main_he} is building some furniture.,
8724,misc,s_justnow_write,event,516,font_m,,{main_he},yes,{main_he} is repairing some furniture.,
8725,misc,s_justnow_write,event,516,font_m,,{main_he},yes,{main_he} is sharpening the saw.,
8726,misc,s_justnow_write,event,516,font_m,,{main_he},yes,{main_he} is making wooden joints.,
8727,misc,s_justnow_write,event,516,font_m,,{main_he},yes,{main_he} is taking care of cutting the wood.,
8728,misc,s_justnow_write,event,516,font_m,,{main_he},yes,{main_he} intends to cut some stones.,
8729,misc,s_justnow_write,event,516,font_m,,{main_he},yes,{main_he} is preparing to mix some mortar.,
8730,misc,s_justnow_write,event,516,font_m,,{main_he} {main_his},yes,{main_he} is set to repair {main_his} chisels.,
8731,misc,s_justnow_write,event,516,font_m,,{main_he},yes,{main_he} plans to cut some stone slabs.,
8732,misc,s_justnow_write,event,516,font_m,,{main_he},yes,{main_he} will be taking care of packaging and preparing stone pieces.,
8733,misc,s_justnow_write,event,516,font_m,,{main_he},yes,{main_he} is cutting stones.,
8734,misc,s_justnow_write,event,516,font_m,,{main_he},yes,{main_he} is mixing mortar.,
8735,misc,s_justnow_write,event,516,font_m,,{main_he} {main_his},yes,{main_he} is repairing {main_his} chisels.,
8736,misc,s_justnow_write,event,516,font_m,,{main_he},yes,{main_he} is cutting stone slabs.,
8737,misc,s_justnow_write,event,516,font_m,,{main_he},yes,{main_he} is packaging and preparing stone pieces.,
8738,misc,s_justnow_write,event,516,font_m,,{main_he},yes,{main_he} intends to prepare some meals for guests.,
8739,misc,s_justnow_write,event,516,font_m,,{main_he},yes,{main_he} wants to perform maintenance tasks around the inn.,
8740,misc,s_justnow_write,event,516,font_m,,{main_he},yes,{main_he} is set to clean the guest rooms.,
8741,misc,s_justnow_write,event,516,font_m,,{main_he},yes,{main_he} plans to wash and iron bed linens.,
8742,misc,s_justnow_write,event,516,font_m,,{main_he},yes,{main_he} will be taking care of setting up the guest rooms.,
8743,misc,s_justnow_write,event,516,font_m,,{main_he},yes,{main_he} is preparing some meals for guests.,
8744,misc,s_justnow_write,event,516,font_m,,{main_he},yes,{main_he} is performing maintenance tasks around the inn.,
8745,misc,s_justnow_write,event,516,font_m,,{main_he},yes,{main_he} is cleaning the guest rooms.,
8746,misc,s_justnow_write,event,516,font_m,,{main_he},yes,{main_he} is washing and ironing bed linens for the guest rooms.,
8747,misc,s_justnow_write,event,516,font_m,,{main_he},yes,{main_he} is setting up the guest rooms.,
8748,misc,s_justnow_write,event,516,font_m,,{main_he},yes,{main_he} intends to serve some drinks.,
8749,misc,s_justnow_write,event,516,font_m,,{main_he},yes,{main_he} wants to pour drinks in the pub.,
8750,misc,s_justnow_write,event,516,font_m,,{main_he},yes,{main_he} is set to clean the tables in the pub.,
8751,misc,s_justnow_write,event,516,font_m,,{main_he},yes,{main_he} plans to keep the pub clean by sweeping the floors.,
8752,misc,s_justnow_write,event,516,font_m,,{main_he},yes,{main_he} will be taking care of stocking the bar.,
8753,misc,s_justnow_write,event,516,font_m,,{main_he},yes,{main_he} is serving some drinks.,
8754,misc,s_justnow_write,event,516,font_m,,{main_he},yes,{main_he} is pouring drinks in the pub.,
8755,misc,s_justnow_write,event,516,font_m,,{main_he},yes,{main_he} is cleaning the tables in the pub.,
8756,misc,s_justnow_write,event,516,font_m,,{main_he},yes,{main_he} is keeping the pub clean by sweeping the floors.,
8757,misc,s_justnow_write,event,516,font_m,,{main_he},yes,{main_he} is stocking the bar.,
8758,misc,s_justnow_write,event,516,font_m,,{main_he},yes,{main_he} intends to heat gold statues in a furnace to melt them.,
8759,misc,s_justnow_write,event,516,font_m,,{main_he},yes,{main_he} wants to pour molten gold into molds to create bars.,
8760,misc,s_justnow_write,event,516,font_m,,{main_he},yes,{main_he} is set to clean an polish gold bars.,
8761,misc,s_justnow_write,event,516,font_m,,{main_he},yes,{main_he} plans to maintain the refining equipment.,
8762,misc,s_justnow_write,event,516,font_m,,{main_he},yes,{main_he} will be taking care of refining gold.,
8763,misc,s_justnow_write,event,516,font_m,,{main_he},yes,{main_he} is heating gold statues in a furnace to melt them.,
8764,misc,s_justnow_write,event,516,font_m,,{main_he},yes,{main_he} is pouring molten gold into molds to create bars.,
8765,misc,s_justnow_write,event,516,font_m,,{main_he},yes,{main_he} is cleaning and polishing gold bars.,
8766,misc,s_justnow_write,event,516,font_m,,{main_he},yes,{main_he} is maintaining the refining equipment.,
8767,misc,s_justnow_write,event,516,font_m,,{main_he},yes,{main_he} is refining gold.,
8768,misc,s_justnow_write,event,516,font_m,,{main_he},yes,{main_he} intends to shaping hat bodies.,
8769,misc,s_justnow_write,event,516,font_m,,{main_he} {main_his},yes,{main_he} wants to maintain {main_his} hat-making tools.,
8770,misc,s_justnow_write,event,516,font_m,,{main_he},yes,{main_he} is set to sew hats.,
8771,misc,s_justnow_write,event,516,font_m,,{main_he},yes,{main_he} plans to trim and decorate hats.,
8772,misc,s_justnow_write,event,516,font_m,,{main_he},yes,{main_he} will be taking care of block some hats.,
8773,misc,s_justnow_write,event,516,font_m,,{main_he},yes,{main_he} is shaping hat bodies.,
8774,misc,s_justnow_write,event,516,font_m,,{main_he} {main_his},yes,{main_he} is maintaining {main_his} hat-making tools.,
8775,misc,s_justnow_write,event,516,font_m,,{main_he},yes,{main_he} is sewing hats.,
8776,misc,s_justnow_write,event,516,font_m,,{main_he},yes,{main_he} is trimming and decorating hats.,
8777,misc,s_justnow_write,event,516,font_m,,{main_he},yes,{main_he} is blocking some hats.,
8778,misc,s_justnow_write,event,516,font_m,,{main_he},yes,{main_he} intends to shave a client.,
8779,misc,s_justnow_write,event,516,font_m,,{main_he},yes,{main_he} wants to cut and trim a client's hair.,
8780,misc,s_justnow_write,event,516,font_m,,{main_he},yes,{main_he} is set to trim and shape a client's beard.,
8781,misc,s_justnow_write,event,516,font_m,,{main_he},yes,{main_he} plans to draw blood from a client.,
8782,misc,s_justnow_write,event,516,font_m,,{main_he},yes,{main_he} will be taking care of applying some leeches.,
8783,misc,s_justnow_write,event,516,font_m,,{main_he},yes,{main_he} is shaving a client.,
8784,misc,s_justnow_write,event,516,font_m,,{main_he},yes,{main_he} is cutting and trimming a client's hair.,
8785,misc,s_justnow_write,event,516,font_m,,{main_he},yes,{main_he} is trimming and shaping a client's beard.,
8786,misc,s_justnow_write,event,516,font_m,,{main_he},yes,{main_he} is drawing blood from a client.,
8787,misc,s_justnow_write,event,516,font_m,,{main_he},yes,{main_he} is applying leeches a client.,
8788,misc,s_justnow_write,event,516,font_m,,{main_he},yes,{main_he} is heading over to relax by the fireplace.,
8789,misc,s_justnow_write,event,516,font_m,,{main_he},yes,{main_he} is going to read a book.,
8790,misc,s_justnow_write,event,516,font_m,,{main_he},yes,{main_he} is having a strong impulse to take a short nap.,
8791,misc,s_justnow_write,event,516,font_m,,{main_he},yes,{main_he} desires to enjoy a cup of coffee.,
8792,misc,s_justnow_write,event,516,font_m,,{main_he},yes,{main_he} is wishing to enjoy a meal.,
8793,misc,s_justnow_write,event,516,font_m,,{main_he},yes,{main_he} is heading over to take a bath.,
8794,misc,s_justnow_write,event,516,font_m,,{main_he},yes,{main_he} is eager to engage in light exercise.,
8795,misc,s_justnow_write,event,516,font_m,,{main_he},yes,"{main_he} is having an urge to stand by a window, observing the sea.",
8796,misc,s_justnow_write,event,516,font_m,,{main_he},yes,{main_he} is wishing to look at family portraits.,
8797,misc,s_justnow_write,event,516,font_m,,{main_he},yes,{main_he} is looking forward to relax with a hot chocolate.,
8798,misc,s_justnow_write,event,516,font_m,,{main_he} {main_his},yes,{main_he} is hoping to rest in a comfortable corner of {main_his} home.,
8799,misc,s_justnow_write,event,516,font_m,,{main_he},yes,{main_he} is ready to doing some household chores.,
8800,misc,s_justnow_write,event,516,font_m,,{main_he} {main_his},yes,{main_he} is making {main_his} way to sweep dust at home.,
8801,misc,s_justnow_write,event,516,font_m,,{main_he},yes,{main_he} is set to wash the dishes.,
8802,misc,s_justnow_write,event,516,font_m,,{main_he},yes,{main_he} intends to doing the laundry.,
8803,misc,s_justnow_write,event,516,font_m,,{main_he} {main_his},yes,{main_he} plans to iron {main_his} clothes.,
8804,misc,s_justnow_write,event,516,font_m,,{main_he},yes,{main_he} is planning to empty the chamber pots.,
8805,misc,s_justnow_write,event,516,font_m,,{main_he} {main_his},yes,{main_he} is aiming to make {main_his} bed.,
8806,misc,s_justnow_write,event,516,font_m,,{main_he},yes,{main_he} wants to cook a meal.,
8807,misc,s_justnow_write,event,516,font_m,,{main_he},yes,{main_he} is ready to clean the windows at home.,
8808,misc,s_justnow_write,event,516,font_m,,{main_he},yes,{main_he} is determined to maintain the household tools.,
8809,misc,s_justnow_write,event,516,font_m,,{main_he},yes,{main_he} is having the intention to prepare some preserves.,
8810,misc,s_justnow_write,event,516,font_m,,{main_he},yes,{main_he} is relaxing by the fireplace.,
8811,misc,s_justnow_write,event,516,font_m,,{main_he},yes,{main_he} is reading a book.,
8812,misc,s_justnow_write,event,516,font_m,,{main_he},yes,{main_he} is taking a short nap.,
8813,misc,s_justnow_write,event,516,font_m,,{main_he},yes,{main_he} is enjoying a cup of coffee.,
8814,misc,s_justnow_write,event,516,font_m,,{main_he},yes,{main_he} is enjoying a meal.,
8815,misc,s_justnow_write,event,516,font_m,,{main_he},yes,{main_he} is taking a bath.,
8816,misc,s_justnow_write,event,516,font_m,,{main_he},yes,{main_he} is engaging in light exercise.,
8817,misc,s_justnow_write,event,516,font_m,,{main_he},yes,"{main_he} is standing by a window, observing the sea.",
8818,misc,s_justnow_write,event,516,font_m,,{main_he},yes,{main_he} is looking at family portraits.,
8819,misc,s_justnow_write,event,516,font_m,,{main_he},yes,{main_he} is relaxing with a hot chocolate.,
8820,misc,s_justnow_write,event,516,font_m,,{main_he} {main_his},yes,{main_he} is resting in a comfortable corner of {main_his} home.,
8821,misc,s_justnow_write,event,516,font_m,,{main_he},yes,{main_he} is doing household chores.,
8822,misc,s_justnow_write,event,516,font_m,,{main_he},yes,{main_he} is sweeping dust at home.,
8823,misc,s_justnow_write,event,516,font_m,,{main_he},yes,{main_he} is washing the dishes.,
8824,misc,s_justnow_write,event,516,font_m,,{main_he},yes,{main_he} is doing laundry.,
8825,misc,s_justnow_write,event,516,font_m,,{main_he},yes,{main_he} is ironing clothes.,
8826,misc,s_justnow_write,event,516,font_m,,{main_he},yes,{main_he} is emptying chamber pots.,
8827,misc,s_justnow_write,event,516,font_m,,{main_he} {main_his},yes,{main_he} is making {main_his} bed.,
8828,misc,s_justnow_write,event,516,font_m,,{main_he},yes,{main_he} is cooking a meal.,
8829,misc,s_justnow_write,event,516,font_m,,{main_he},yes,{main_he} is cleaning windows.,
8830,misc,s_justnow_write,event,516,font_m,,{main_he},yes,{main_he} is maintaining household tools.,
8831,misc,s_justnow_write,event,516,font_m,,{main_he},yes,{main_he} is preparing some preserves.,
8832,misc,s_justnow_write,event,516,font_m,,{main_he},yes,{main_he} intends to offer prayers to the deities of the deep.,
8833,misc,s_justnow_write,event,516,font_m,,{main_he},yes,{main_he} wants to beseech the gods of the abyss.,
8834,misc,s_justnow_write,event,516,font_m,,{main_he},yes,{main_he} is set to invoke the gods of the deep ones.,
8835,misc,s_justnow_write,event,516,font_m,,{main_he},yes,{main_he} plans to worship the deities of the deep ones.,
8836,misc,s_justnow_write,event,516,font_m,,{main_he},yes,{main_he} will be calling upon the gods of the deep ones.,
8837,misc,s_justnow_write,event,516,font_m,,{main_he},yes,{main_he} is offering prayers to the deities of the deep.,
8838,misc,s_justnow_write,event,516,font_m,,{main_he},yes,{main_he} is beseeching the gods of the abyss.,
8839,misc,s_justnow_write,event,516,font_m,,{main_he},yes,{main_he} is invoking the gods of the deep ones.,
8840,misc,s_justnow_write,event,516,font_m,,{main_he},yes,{main_he} is worshipping the deities of the deep ones.,
8841,misc,s_justnow_write,event,516,font_m,,{main_he},yes,{main_he} is calling upon the gods of the deep ones.,
8842,misc,s_justnow_write,event,516,font_m,,{main_he},yes,{main_he} is taking a leisurely walk.,
8843,misc,s_justnow_write,event,516,font_m,,{main_he},yes,{main_he} is meandering through the village.,
8844,misc,s_justnow_write,event,516,font_m,,{main_he},yes,{main_he} is wandering about.,
8845,misc,s_justnow_write,event,516,font_m,,{main_he},yes,{main_he} is taking a gentle stroll.,
8846,misc,s_justnow_write,event,516,font_m,,{main_he},yes,{main_he} is casually wandering.,
8847,misc,s_justnow_write,event,516,font_m,,{main_he},yes,{main_he} is taking a relaxed walk.,
8848,misc,s_justnow_write,event,516,font_m,,{main_he},yes,{main_he} is strolling through the village.,
8849,misc,s_justnow_write,event,516,font_m,,{main_he},yes,{main_he} is leisurely pacing along.,
8850,misc,s_justnow_write,event,516,font_m,,{main_he},yes,{main_he} is having a slow walk.,
8851,misc,s_justnow_write,event,516,font_m,,{main_he},yes,{main_he} is meandering around.,
8852,misc,s_justnow_write,event,516,font_m,,{main_he},yes,{main_he} is walking aimlessly.,
8853,misc,s_justnow_write,event,516,font_m,,{main_he},yes,{main_he} intends to go swimming.,
8854,misc,s_justnow_write,event,516,font_m,,{main_he},no,{main_he} is looking forward to swimming.,
8855,misc,s_justnow_write,event,516,font_m,,{main_he},yes,{main_he} is set to go swimming.,
8856,misc,s_justnow_write,event,516,font_m,,{main_he},yes,{main_he} is planning to take a swim.,
8857,misc,s_justnow_write,event,516,font_m,,{main_he},yes,{main_he} is taking a swim.,
8858,misc,s_justnow_write,event,516,font_m,,{main_he},yes,{main_he} is splashing around.,
8859,misc,s_justnow_write,event,516,font_m,,{main_he},yes,{main_he} is floating in the water.,
8860,misc,s_justnow_write,event,516,font_m,,{main_he},yes,{main_he} is wading through the water.,
8861,misc,s_justnow_write,event,516,font_m,,{main_he},yes,{main_he} is swimming in the sea.,
8862,misc,s_justnow_write,event,516,font_m,,{main_he},yes,{main_he} is enjoying a swim.,
8863,misc,s_justnow_write,event,516,font_m,,{main_he},yes,{main_he} is moving through the waves.,
8864,misc,s_justnow_write,event,516,font_m,,{main_he},yes,{main_he} is daydreaming about flying to the distant stars.,
8865,misc,s_justnow_write,event,516,font_m,,{main_he},yes,{main_he} is thinking about the adventures waiting on the other side of the ocean.,
8866,misc,s_justnow_write,event,516,font_m,,{main_he},yes,{main_he} is thinking about what it would be like to be a fish for a day.,
8867,misc,s_justnow_write,event,516,font_m,,{main_he},yes,{main_he} is contemplating the secret worlds that might exist on the ground of the sea.,
8868,misc,s_justnow_write,event,516,font_m,,{main_he},yes,{main_he} is dreaming of discovering hidden treasures in the ocean.,
8869,misc,s_justnow_write,event,516,font_m,,{main_he},yes,{main_he} is picturing himself sailing across the vast ocean.,
8870,misc,s_justnow_write,event,516,font_m,,{main_he},yes,{main_he} is absorbed in thought.,
8871,misc,s_justnow_write,event,516,font_m,,{main_he} {main_his},yes,{main_he} is preoccupied with {main_his} thoughts.,
8872,misc,s_justnow_write,event,516,font_m,,{main_he},yes,{main_he} is deep in thought.,
8873,misc,s_justnow_write,event,516,font_m,,{main_he},yes,{main_he} is lost in contemplation.,
8874,misc,s_justnow_write,event,516,font_m,,{main_he} {main_his},yes,{main_he} is absorbed in {main_his} own reflections.,
8875,misc,s_justnow_write,event,516,font_m,,{main_he},yes,{main_he} is thinking about the day ahead.,
8876,misc,s_justnow_write,event,516,font_m,,{main_he},yes,{main_he} is reflecting the choices {main_he} had made in the past year.,
8877,misc,s_justnow_write,event,516,font_m,,{main_he},yes,{main_he} is complaining about having nothing alcoholic to drink.,
8878,misc,s_justnow_write,event,516,font_m,,{main_he},yes,{main_he} is experiencing distress from not having any alcohol.,
8879,misc,s_justnow_write,event,516,font_m,,{main_he},yes,{main_he} is struggling because he has no alcoholic beverages.,
8880,misc,s_justnow_write,event,516,font_m,,{main_he},yes,{main_he} is expressing disappointment over having no alcohol.,
8881,misc,s_justnow_write,event,516,font_m,,{main_he},yes,{main_he} is mourning the shortage of alcoholic beverages.,
8882,misc,s_justnow_write,event,516,font_m,,{main_he},yes,{main_he} intends to have a drink.,
8883,misc,s_justnow_write,event,516,font_m,,{main_he},yes,{main_he} is making plans to consume a bottle of rum.,
8884,misc,s_justnow_write,event,516,font_m,,{main_he},yes,{main_he} is looking forward to drink an ale.,
8885,misc,s_justnow_write,event,516,font_m,,{main_he},yes,{main_he} plans to indulge in some beer.,
8886,misc,s_justnow_write,event,516,font_m,,{main_he},yes,{main_he} is anticipating a drink of cider.,
8887,misc,s_justnow_write,event,516,font_m,,{main_he},yes,{main_he} is having a drink.,
8888,misc,s_justnow_write,event,516,font_m,,{main_he},yes,{main_he} is sipping from a bottle of rum.,
8889,misc,s_justnow_write,event,516,font_m,,{main_he},yes,{main_he} is indulging in some ale.,
8890,misc,s_justnow_write,event,516,font_m,,{main_he},yes,{main_he} is enjoying a glass of beer.,
8891,misc,s_justnow_write,event,516,font_m,,{main_he},yes,{main_he} is drinking cider.,
8892,misc,s_justnow_write,event,516,font_m,,{main_he} {main_his},yes,{main_he} in search of {main_his} boat for a fishing journey.,
8893,misc,s_justnow_write,event,516,font_m,,{main_he} {main_his},yes,{main_he} is searching for {main_his} boat for a fishing trip.,
8894,misc,s_justnow_write,event,516,font_m,,{main_he} {main_his},yes,{main_he} is seeking {main_his} boat for {main_his} upcoming fishing outing.,
8895,misc,s_justnow_write,event,516,font_m,,{main_he} {main_his},yes,{main_he} is locating {main_his} boat for a fishing expedition.,
8896,misc,s_justnow_write,event,516,font_m,,{main_he} {main_his},yes,{main_he} is tracking down {main_his} boat for a fishing trip.,
8897,misc,s_justnow_write,event,516,font_m,,{main_he},yes,{main_he} is paddling his boat towards a fishing location.,
8898,misc,s_justnow_write,event,516,font_m,,{main_he},yes,{main_he} is steering his boat to the fishing grounds.,
8899,misc,s_justnow_write,event,516,font_m,,{main_he},yes,{main_he} is guiding his boat to a spot for fishing.,
8900,misc,s_justnow_write,event,516,font_m,,{main_he},yes,{main_he} is making his way to the fishing location in his boat.,
8901,misc,s_justnow_write,event,516,font_m,,{main_he},yes,{main_he} is rowing his boat out to the fishing site.,
8902,misc,s_justnow_write,event,516,font_m,,{main_he},yes,{main_he} is using a net to fish.,
8903,misc,s_justnow_write,event,516,font_m,,{main_he},yes,{main_he} is engaged in net fishing.,
8904,misc,s_justnow_write,event,516,font_m,,{main_he},yes,{main_he} is fishing with a net.,
8905,misc,s_justnow_write,event,516,font_m,,{main_he},yes,{main_he} is casting a net for fishing.,
8906,misc,s_justnow_write,event,516,font_m,,{main_he},yes,{main_he} is working with a fishing net.,
8907,misc,s_justnow_write,event,516,font_m,,{main_he},yes,{main_he} is heading home after a day of fishing.,
8908,misc,s_justnow_write,event,516,font_m,,{main_he},yes,{main_he} is making his way back home from his fishing trip.,
8909,misc,s_justnow_write,event,516,font_m,,{main_he},yes,{main_he} is going home after a fishing session.,
8910,misc,s_justnow_write,event,516,font_m,,{main_he},yes,{main_he} is heading back to his place after fishing.,
8911,misc,s_justnow_write,event,516,font_m,,{main_he},yes,{main_he} is coming back from his fishing expedition.,
26,misc,s_main_draw_background,label,,font_l,yes,,yes,DEMO,
1136,misc,s_menu_build_draw_frame_household,label,,font_s,yes,,yes,First select a section of the building,
9750,misc,s_menu_center_load_save_draw,label,,font_s,yes,,yes,Disk space taken by savefiles: ,
9751,misc,s_menu_center_load_save_draw,label,,font_s,yes,,no,MB,
9932,misc,s_menu_center_study_document_click,event,516,font_m,yes,,yes,You learn the sigil ',
2480,misc,s_menu_filters_animate,label,,font_s,yes,,no,Name: ,
14604,misc,s_opened_eye_text,label,,font_s,yes,,yes,"A low rumble echoes through the heavens. A flicker of light darts across the sky, revealing an otherworldly eye peering down at you from the void.",
14605,misc,s_opened_eye_text,label,,font_s,yes,,yes,"An unsettling calm envelops you as an eye, deep and inscrutable as the abyss, fixates on you.",
14606,misc,s_opened_eye_text,label,,font_s,yes,,yes,"For an instant, a distant, luminous eye glances your way, sending a shiver down your spine. You've drawn a sliver of the attention of ",
14607,misc,s_opened_eye_text,label,,font_s,yes,,yes,"A shiver runs through the air, ",
14608,misc,s_opened_eye_text,label,,font_s,yes,,yes, shifts a minuscule fragment of its gaze toward you.,
14609,misc,s_opened_eye_text,label,,font_s,yes,,yes,"For a fleeting moment, a single, unfathomable eye blinks in your direction, its gaze like the weight of the cosmos.",
14610,misc,s_opened_eye_text,label,,font_s,yes,,yes,"As the air thickens with tension, a deep, resonant hum vibrates through the ground. ",
14611,misc,s_opened_eye_text,label,,font_s,yes,,yes,"  stirs, its immense, otherworldly presence filling the space.",
10678,misc,s_people_2_decide_x_odds,event,516,font_m,,,no,DEEP_ONE,
10838,misc,s_people_4_PERFORM_RESULT,event,516,font_m,,{other_he} {third_him},no,{other_he} cheated with {third_him}. [Anger +3] [Trust -3],
10851,misc,s_people_4_PERFORM_RESULT,event,516,font_m,,{main_he} {other_his},yes,{main_he} is filled with despair due to {other_his} murder. [Depair +3],
10852,misc,s_people_4_PERFORM_RESULT,event,516,font_m,,{main_he} {other_him},yes,{main_he} experiences sadness over the killing of {other_him}. [Depair +3],
10853,misc,s_people_4_PERFORM_RESULT,event,516,font_m,,{main_he} {other_his},yes,{main_he} is overwhelmed with despair because of {other_his} murder. [Depair +3],
10854,misc,s_people_4_PERFORM_RESULT,event,516,font_m,,{main_he} {other_him},yes,{main_he} is deeply troubled by the killing of {other_him}. [Depair +3],
10855,misc,s_people_4_PERFORM_RESULT,event,516,font_m,yes,{main_he} {other_his},yes,{main_he} feels a deep sense of desolation due to {other_his} murder. [Depair +3],
10861,misc,s_people_4_PERFORM_RESULT,event,516,font_m,,{main_he} {other_his},yes,{main_he} is filled with despair due to {other_his} ritual sacrifice. [Depair +3],
10862,misc,s_people_4_PERFORM_RESULT,event,516,font_m,,{main_he} {other_him},yes,{main_he} experiences sadness over the ritual sacrifice of {other_him}. [Depair +3],
10863,misc,s_people_4_PERFORM_RESULT,event,516,font_m,,{main_he} {other_his},yes,{main_he} is overwhelmed with despair because of {other_his} sacrifice. [Depair +3],
10864,misc,s_people_4_PERFORM_RESULT,event,516,font_m,,{main_he} {other_him},yes,{main_he} is deeply troubled by the ritual sacrifice of {other_him}. [Depair +3],
10865,misc,s_people_4_PERFORM_RESULT,event,516,font_m,yes,{main_he} {other_his},yes,{main_he} feels a deep sense of desolation due to {other_his} sacrifice. [Depair +3],
10931,misc,s_people_death,event,516,font_m,,{main_he},yes,The cat called {main_he} has died.,
10932,misc,s_people_death,event,516,font_m,,{main_he},yes,"{main_he}, the cat, has passed away.",
10933,misc,s_people_death,event,516,font_m,,{main_he},yes,"{main_he}, the cat, is no longer alive.",
10934,misc,s_people_death,event,516,font_m,,{main_he},yes,"{main_he}, the cat, has died.",
10935,misc,s_people_death,event,516,font_m,,{main_he},yes,The cat called {main_he} is no longer with us.,
10946,misc,s_people_death,event,516,font_m,,{main_him} {main_his},yes,The Deep Ones killed {main_him} in {main_his} sleep as an act of retribution.,
10947,misc,s_people_death,event,516,font_m,yes,{main_he},yes,{main_he} passes away at the age of ,
10948,misc,s_people_death,event,516,font_m,yes,{main_he},no,{main_he} dies at ,
10949,misc,s_people_death,event,516,font_m,yes,,yes, after a long life.,
10950,misc,s_people_death,event,516,font_m,yes,,yes,At ,
10951,misc,s_people_death,event,516,font_m,yes,{main_he},yes,", {main_he} succumbs to old age.",
10952,misc,s_people_death,event,516,font_m,yes,,yes,", having lived a full life",
10953,misc,s_people_death,event,516,font_m,yes,,yes,At the age of ,
10954,misc,s_people_death,event,516,font_m,yes,{main_he},yes,", {main_he} passes away from old age.",
15320,misc,s_set_language_all,draw_ext,200,font_l,,,yes,Version#1.00.19,
15321,misc,s_set_language_all,label,,font_l,,,yes,Version 1.00.19,
15322,misc,s_set_language_all,draw_ext,800,font_m,,,yes,"
Version 1.00.19 - 2025 February 11
    fixed _task_villagers_list not set in s_STORY_z_NEW (crash)
    balanced cultists more likely to preach

Version 1.00.18 - 2025 January 29
    fixed/simplified reward artefact action (taking rest of the day)
    fixed _artefact_activated not set (crash)
    fixed overlapping tasks (only one task resolving)
    fixed task decription 'raise faith' - add to all texts number 10
    fixed change conviction task (target not heretic)
    fixed household rat blocking text in event window

Version 1.00.17 - 2025 January 18
    fixed s_relation_0_extract in family tree (crash)
    fixed text spelling and grammar (formatting errors)
",
15323,misc,s_set_language_all,event,516,font_m,,,yes,"
Please report bugs in the Steam Community Hub.

",
15324,misc,s_set_language_all,label,,font_l,,,yes,Checking Savefiles,
15326,misc,s_set_language_all,label,,font_l,,,yes,Generating New Game,
15328,misc,s_set_language_all,label,,font_l,,,yes,Loading,
15330,misc,s_set_language_all,label,,font_l,,,yes,Saving,
15332,misc,s_set_language_all,label,,font_l,,,yes,Quickaving,
15334,misc,s_set_language_all,event,516,font_m,,,yes,Error! File not found!,
15336,misc,s_set_language_all,label,,font_s,,,yes,Please Wait,
15337,misc,s_set_language_all,draw_ext,200,font_l,,,yes,Content#Creators,
15338,misc,s_set_language_all,label,,font_l,,,yes,"
Content Creators
",
15339,misc,s_set_language_all,event,516,font_m,,,yes,"
Promotional Art:
https://imgur.com/a/12Fhopv

Contact:
simulinati@protonmail.com
",
15340,misc,s_set_language_all,event,516,font_m,,,yes,"<The Shadow over Innsmouth> is a horror novella by American author H. P. Lovecraft, written in 1931.#It forms part of the Cthulhu Mythos, using its motif of a malign undersea civilization, and references several shared elements of the Mythos, including place-names, mythical creatures, and invocations. The Shadow over Innsmouth is the only Lovecraft story that was published in book form during his lifetime.",
15341,misc,s_set_language_all,label,,font_s,,,yes,Press the 'Spacebar' to skip the animation.,
15342,misc,s_set_language_all,draw_ext,200,font_l,,,yes,The Shadow over#Innsmouth,
15343,misc,s_set_language_all,event,516,font_m,,,yes,"
The Shadow over Innsmouth
",
15344,misc,s_set_language_all,event,516,font_m,,,yes,"
This game is based on <The Shadow over Innsmouth>, a horror novella by American author H. P. Lovecraft, written in 1931. It forms part of the Cthulhu Mythos, using its motif of a malign undersea civilization, and references several shared elements of the Mythos, including place-names, mythical creatures, and invocations.
",
15345,misc,s_set_language_all,event,516,font_m,,,yes,"Some of 'em have queer narrow heads with flat noses and bulgy, starry eyes that never seem to shut, and their skin ain't quite right.",
15346,misc,s_set_language_all,event,516,font_m,,,yes,"Rough and scabby, and the sides of the necks are all shriveled or creased up.",
15347,misc,s_set_language_all,event,516,font_m,,,yes,"He had a narrow head, bulging, watery-blue eyes that seemed never to wink, a flat nose, a receding forehead and chin, and singularly undeveloped ears.",
15348,misc,s_set_language_all,event,516,font_m,,,yes,"Somehow these people seemed more disquieting than the dismal buildings, for almost every one had certain peculiarities of face and motions which I instinctively disliked without being able to define or comprehend them.",
15349,misc,s_set_language_all,event,516,font_m,,,yes,"Their appearance - especially those staring, unwinking eyes which one never saw shut - was certainly shocking enough; and their voices were disgusting.",
15350,misc,s_set_language_all,event,516,font_m,,,yes,"Furtive, shambling creatures stared cryptically in my direction, and more normal faces eyed me coldly and curiously.",
15351,misc,s_set_language_all,event,516,font_m,,,yes,"A moment later I felt less sure that the deeper sounds were voices, since the apparent hoarse barkings and loose-syllabled croakings bore so little resemblance to recognized human speech.",
15352,misc,s_set_language_all,event,516,font_m,,,yes,"Their features were indistinguishable, but their crouching, shambling gait was abominably repellent.",
15353,misc,s_set_language_all,event,516,font_m,,,yes,The gait of this figure was so odd that it sent a chill through me - for it seemed to me the creature was almost hopping.,
15354,misc,s_set_language_all,event,516,font_m,,,yes,As they reached the broad open space where I had had my first disquieting glimpse of the moonlit water I could see them plainly only a block away - and was horrified by the bestial abnormality of their faces and the doglike sub-humanness of their crouching gait.,
15355,misc,s_set_language_all,event,516,font_m,,,yes,"One man moved in a positively simian way, with long arms frequently touching the ground; while another figure - robed and tiara-ed - seemed to progress in an almost hopping fashion.",
15356,misc,s_set_language_all,event,516,font_m,,,yes,"The stench waxed overpowering, and the noises swelled to a bestial babel of croaking, baying and barking without the least suggestion of human speech.",
15357,misc,s_set_language_all,event,516,font_m,,,yes,That flopping or pattering was monstrous - I could not look upon the degenerate creatures responsible for it.,
15358,misc,s_set_language_all,event,516,font_m,,,yes,"And yet I saw them in a limitless stream - flopping, hopping, croaking, bleating - urging inhumanly through the spectral moonlight in a grotesque, malignant saraband of fantastic nightmare.",
15359,misc,s_set_language_all,event,516,font_m,,,yes,"They were mostly shiny and slippery, but the ridges of their backs were scaly.",
15360,misc,s_set_language_all,event,516,font_m,,,yes,"Their forms vaguely suggested the anthropoid, while their heads were the heads of fish, with prodigious bulging eyes that never closed.",
15361,misc,s_set_language_all,event,516,font_m,,,yes,"At the sides of their necks were palpitating gills, and their long paws were webbed.",
15362,misc,s_set_language_all,event,516,font_m,,,yes,"They hopped irregularly, sometimes on two legs and sometimes on four.",
15363,misc,s_set_language_all,event,516,font_m,,,yes,"Their croaking, baying voices, clearly wed tar articulate speech, held all the dark shades of expression which their staring faces lacked.",
12571,misc,s_settings_load,label,,font_l,,,no, Help ,
12573,misc,s_settings_load,label,,font_l,,,no, Mouse ,
12574,misc,s_settings_load,label,,font_s,,,no, Keys ,
12576,misc,s_settings_load,label,,font_s,,,no, Display ,
12578,misc,s_settings_load,label,,font_l,,,no, Autosave ,
12586,misc,s_settings_load,label,,font_l,,,no, Rats ,
1872,misc,s_surfaces_check,label,,font_l,,,no,G1_shoggoth,
2370,misc,s_surfaces_check,label,,font_l,,,no,G2_decision_comparison,
12634,misc,s_surfaces_check,label,,font_l,yes,,no,M_show_recent,
3266,name,s_GENERATE_name_cat,name,,,,,no,Pearl,
3678,name,s_GENERATE_name_cat,name,,,,,yes,Pie,
3679,name,s_GENERATE_name_cat,name,,,,,yes,Cuttle,
3680,name,s_GENERATE_name_cat,name,,,,,yes,Tuna,
3681,name,s_GENERATE_name_cat,name,,,,,yes,Gill,
3682,name,s_GENERATE_name_cat,name,,,,,yes,Fin,
3683,name,s_GENERATE_name_cat,name,,,,,no,Dory,
3684,name,s_GENERATE_name_cat,name,,,,,yes,Squid,
3685,name,s_GENERATE_name_cat,name,,,,,yes,Lobster,
3686,name,s_GENERATE_name_cat,name,,,,,yes,Hook,
3687,name,s_GENERATE_name_cat,name,,,,,yes,Snapper,
3688,name,s_GENERATE_name_cat,name,,,,,yes,Scales,
3689,name,s_GENERATE_name_cat,name,,,,,yes,Salt,
3690,name,s_GENERATE_name_cat,name,,,,,yes,Gumbo,
3691,name,s_GENERATE_name_cat,name,,,,,yes,Pollock,
3692,name,s_GENERATE_name_cat,name,,,,,yes,Stormy,
3693,name,s_GENERATE_name_cat,name,,,,,yes,Grog,
3694,name,s_GENERATE_name_cat,name,,,,,yes,Brandy,
3695,name,s_GENERATE_name_cat,name,,,,,yes,Nutmeg,
3696,name,s_GENERATE_name_cat,name,,,,,yes,Bucket,
3697,name,s_GENERATE_name_cat,name,,,,,yes,Fishcake,
3698,name,s_GENERATE_name_cat,name,,,,,yes,Mullet,
3699,name,s_GENERATE_name_cat,name,,,,,yes,Sugar,
3700,name,s_GENERATE_name_cat,name,,,,,yes,Paddles,
3701,name,s_GENERATE_name_cat,name,,,,,yes,Clipper,
3702,name,s_GENERATE_name_cat,name,,,,,yes,Foggy,
3703,name,s_GENERATE_name_cat,name,,,,,yes,Sunny,
3704,name,s_GENERATE_name_cat,name,,,,,yes,Breeze,
3705,name,s_GENERATE_name_cat,name,,,,,yes,Groggy,
3706,name,s_GENERATE_name_cat,name,,,,,yes,Honey,
3707,name,s_GENERATE_name_cat,name,,,,,yes,Autumn,
3708,name,s_GENERATE_name_cat,name,,,,,yes,Winter,
3709,name,s_GENERATE_name_cat,name,,,,,yes,Summer,
3710,name,s_GENERATE_name_cat,name,,,,,yes,Spring,
3711,name,s_GENERATE_name_cat,name,,,,,yes,Pebbles,
3712,name,s_GENERATE_name_cat,name,,,,,yes,Almond,
3713,name,s_GENERATE_name_cat,name,,,,,yes,Bean,
3714,name,s_GENERATE_name_cat,name,,,,,yes,Pickle,
3715,name,s_GENERATE_name_cat,name,,,,,yes,Thunder,
3716,name,s_GENERATE_name_cat,name,,,,,yes,Marble,
3717,name,s_GENERATE_name_cat,name,,,,,yes,Midnight,
3718,name,s_GENERATE_name_cat,name,,,,,yes,Ashes,
3719,name,s_GENERATE_name_cat,name,,,,,yes,Apple,
3720,name,s_GENERATE_name_cat,name,,,,,yes,Pepper,
3721,name,s_GENERATE_name_cat,name,,,,,yes,Shadow,
3722,name,s_GENERATE_name_cat,name,,,,,yes,Velvet,
3723,name,s_GENERATE_name_cat,name,,,,,yes,Lucky,
3724,name,s_GENERATE_name_cat,name,,,,,yes,Socks,
3725,name,s_GENERATE_name_cat,name,,,,,yes,Jelly,
3726,name,s_GENERATE_name_cat,name,,,,,yes,Frost,
3727,name,s_GENERATE_name_cat,name,,,,,yes,Silk,
3728,name,s_GENERATE_name_cat,name,,,,,yes,Cloud,
3729,name,s_GENERATE_name_cat,name,,,,,yes,Gusty,
3730,name,s_GENERATE_name_cat,name,,,,,yes,Drizzle,
3731,name,s_GENERATE_name_cat,name,,,,,yes,Sleet,
3732,name,s_GENERATE_name_cat,name,,,,,yes,Snowflake,
3733,name,s_GENERATE_name_cat,name,,,,,yes,Dew,
3734,name,s_GENERATE_name_cat,name,,,,,yes,Misty,
3735,name,s_GENERATE_name_cat,name,,,,,yes,Gale,
3736,name,s_GENERATE_name_cat,name,,,,,yes,Scuttle,
3737,name,s_GENERATE_name_cat,name,,,,,yes,Muggy,
3738,name,s_GENERATE_name_cat,name,,,,,yes,Bubble,
3739,name,s_GENERATE_name_cat,name,,,,,yes,Mellow,
3740,name,s_GENERATE_name_cat,name,,,,,yes,Slippy,
3741,name,s_GENERATE_name_cat,name,,,,,yes,Splash,
3742,name,s_GENERATE_name_cat,name,,,,,yes,Slush,
3743,name,s_GENERATE_name_cat,name,,,,,yes,Sparkle,
3744,name,s_GENERATE_name_cat,name,,,,,yes,Soap,
3745,name,s_GENERATE_name_cat,name,,,,,yes,Whirly,
3746,name,s_GENERATE_name_cat,name,,,,,yes,Smoky,
3747,name,s_GENERATE_name_cat,name,,,,,yes,Puddle,
3748,name,s_GENERATE_name_cat,name,,,,,yes,Clove,
3749,name,s_GENERATE_name_cat,name,,,,,yes,Ginger,
3750,name,s_GENERATE_name_cat,name,,,,,yes,Rocky,
3751,name,s_GENERATE_name_cat,name,,,,,yes,Clover,
3752,name,s_GENERATE_name_cat,name,,,,,yes,Smudge,
3753,name,s_GENERATE_name_cat,name,,,,,yes,Comet,
3754,name,s_GENERATE_name_cat,name,,,,,yes,Plum,
3755,name,s_GENERATE_name_cat,name,,,,,yes,Rascal,
3756,name,s_GENERATE_name_cat,name,,,,,yes,Cheese,
3757,name,s_GENERATE_name_cat,name,,,,,yes,Squash,
3758,name,s_GENERATE_name_cat,name,,,,,yes,Trout,
3759,name,s_GENERATE_name_cat,name,,,,,yes,Vanilla,
3760,name,s_GENERATE_name_cat,name,,,,,yes,Potato,
3761,name,s_GENERATE_name_cat,name,,,,,yes,Pumpkin,
3762,name,s_GENERATE_name_cat,name,,,,,yes,Cabbage,
3763,name,s_GENERATE_name_cat,name,,,,,yes,Onion,
3764,name,s_GENERATE_name_cat,name,,,,,yes,Carrot,
3765,name,s_GENERATE_name_cat,name,,,,,yes,Rum,
3766,name,s_GENERATE_name_cat,name,,,,,yes,Whiskey,
3767,name,s_GENERATE_name_cat,name,,,,,yes,Water,
3768,name,s_GENERATE_name_cat,name,,,,,yes,Tea,
3769,name,s_GENERATE_name_cat,name,,,,,yes,Coffee,
3770,name,s_GENERATE_name_cat,name,,,,,yes,Jam,
3771,name,s_GENERATE_name_cat,name,,,,,yes,Salty,
3772,name,s_GENERATE_name_cat,name,,,,,yes,Pudding,
3773,name,s_GENERATE_name_cat,name,,,,,yes,Cake,
3774,name,s_GENERATE_name_cat,name,,,,,yes,Barley,
3775,name,s_GENERATE_name_cat,name,,,,,yes,Oats,
3776,name,s_GENERATE_name_cat,name,,,,,yes,Biscuit,
3777,name,s_GENERATE_name_cat,name,,,,,yes,Garlic,
3778,name,s_GENERATE_name_cat,name,,,,,yes,Butter,
3779,name,s_GENERATE_name_cat,name,,,,,yes,Catfish,
3780,name,s_GENERATE_name_cat,name,,,,,yes,Pancake,
3781,name,s_GENERATE_name_cat,name,,,,,yes,Mushroom,
3782,name,s_GENERATE_name_cat,name,,,,,yes,Loaf,
3783,name,s_GENERATE_name_cat,name,,,,,yes,Oyster,
3784,name,s_GENERATE_name_cat,name,,,,,yes,Ketchup,
3785,name,s_GENERATE_name_cat,name,,,,,yes,Strawberry,
3786,name,s_GENERATE_name_cat,name,,,,,yes,Porridge,
3787,name,s_GENERATE_name_cat,name,,,,,yes,Applejack,
3788,name,s_GENERATE_name_cat,name,,,,,yes,Cider,
3789,name,s_GENERATE_name_cat,name,,,,,yes,Sugar Cane,
3790,name,s_GENERATE_name_cat,name,,,,,yes,Small Beer,
3791,name,s_GENERATE_name_cat,name,,,,,yes,Johnnycake,
3792,name,s_GENERATE_name_cat,name,,,,,yes,Bramble,
3793,name,s_GENERATE_name_cat,name,,,,,yes,Blueberry,
3794,name,s_GENERATE_name_cat,name,,,,,yes,Cranberry,
3795,name,s_GENERATE_name_cat,name,,,,,yes,Juneberry,
3796,name,s_GENERATE_name_cat,name,,,,,yes,Aronia,
3797,name,s_GENERATE_name_cat,name,,,,,yes,Cherry,
3798,name,s_GENERATE_name_cat,name,,,,,yes,Pawpaw,
3799,name,s_GENERATE_name_cat,name,,,,,yes,Mulberry,
3800,name,s_GENERATE_name_cat,name,,,,,yes,Stew,
3801,name,s_GENERATE_name_cat,name,,,,,yes,Syrup,
3802,name,s_GENERATE_name_cat,name,,,,,yes,Pear,
3803,name,s_GENERATE_name_cat,name,,,,,yes,Grape,
3804,name,s_GENERATE_name_cat,name,,,,,yes,Peach,
3805,name,s_GENERATE_name_cat,name,,,,,yes,Rhubarb,
3806,name,s_GENERATE_name_cat,name,,,,,yes,Corn,
3807,name,s_GENERATE_name_cat,name,,,,,yes,Radish,
3808,name,s_GENERATE_name_cat,name,,,,,yes,Tomato,
3809,name,s_GENERATE_name_cat,name,,,,,yes,Turnip,
3810,name,s_GENERATE_name_cat,name,,,,,yes,Pea,
3811,name,s_GENERATE_name_cat,name,,,,,yes,Lager,
3812,name,s_GENERATE_name_cat,name,,,,,yes,Dough,
3813,name,s_GENERATE_name_cat,name,,,,,yes,Clapbread,
3814,name,s_GENERATE_name_cat,name,,,,,yes,Pokeweed,
3815,name,s_GENERATE_name_cat,name,,,,,yes,Cod,
3816,name,s_GENERATE_name_cat,name,,,,,yes,Cream,
3817,name,s_GENERATE_name_cat,name,,,,,no,Rice,
3818,name,s_GENERATE_name_cat,name,,,,,yes,Sausage,
3819,name,s_GENERATE_name_cat,name,,,,,yes,Clam,
3820,name,s_GENERATE_name_cat,name,,,,,yes,Milk,
3903,name,s_GENERATE_name_human_first_name,name,,,,,yes,Abraham,
3904,name,s_GENERATE_name_human_first_name,name,,,,,yes,Abe,
3905,name,s_GENERATE_name_human_first_name,name,,,,,yes,Abel,
3906,name,s_GENERATE_name_human_first_name,name,,,,,yes,Arnold,
3907,name,s_GENERATE_name_human_first_name,name,,,,,yes,Ammi,
3908,name,s_GENERATE_name_human_first_name,name,,,,,yes,Alvin,
3909,name,s_GENERATE_name_human_first_name,name,,,,,yes,Alton,
3910,name,s_GENERATE_name_human_first_name,name,,,,,yes,Archie,
3911,name,s_GENERATE_name_human_first_name,name,,,,,yes,Asaph,
3912,name,s_GENERATE_name_human_first_name,name,,,,,yes,Alfred,
3913,name,s_GENERATE_name_human_first_name,name,,,,,yes,Albert,
3914,name,s_GENERATE_name_human_first_name,name,,,,,yes,Allan,
3915,name,s_GENERATE_name_human_first_name,name,,,,,yes,August,
3916,name,s_GENERATE_name_human_first_name,name,,,,,yes,Adam,
3917,name,s_GENERATE_name_human_first_name,name,,,,,yes,Arthur,
3918,name,s_GENERATE_name_human_first_name,name,,,,,yes,Anthony,
3919,name,s_GENERATE_name_human_first_name,name,,,,,yes,Aaron,
3920,name,s_GENERATE_name_human_first_name,name,,,,,yes,Alexander,
3921,name,s_GENERATE_name_human_first_name,name,,,,,yes,Andrew,
3922,name,s_GENERATE_name_human_first_name,name,,,,,yes,Andy,
3923,name,s_GENERATE_name_human_first_name,name,,,,,yes,Archibald,
3924,name,s_GENERATE_name_human_first_name,name,,,,,no,Allen,
3925,name,s_GENERATE_name_human_first_name,name,,,,,yes,Baxter,
3926,name,s_GENERATE_name_human_first_name,name,,,,,yes,Benjamin,
3927,name,s_GENERATE_name_human_first_name,name,,,,,yes,Ben,
3928,name,s_GENERATE_name_human_first_name,name,,,,,yes,Benedict,
3929,name,s_GENERATE_name_human_first_name,name,,,,,yes,Bernard,
3930,name,s_GENERATE_name_human_first_name,name,,,,,yes,Barnabas,
3931,name,s_GENERATE_name_human_first_name,name,,,,,yes,Barney,
3932,name,s_GENERATE_name_human_first_name,name,,,,,yes,Bertram,
3933,name,s_GENERATE_name_human_first_name,name,,,,,yes,Byron,
3934,name,s_GENERATE_name_human_first_name,name,,,,,yes,Buford,
3935,name,s_GENERATE_name_human_first_name,name,,,,,yes,Buck,
3936,name,s_GENERATE_name_human_first_name,name,,,,,yes,Bart,
3937,name,s_GENERATE_name_human_first_name,name,,,,,yes,Bert,
3938,name,s_GENERATE_name_human_first_name,name,,,,,yes,Bob,
3939,name,s_GENERATE_name_human_first_name,name,,,,,yes,Bill,
3940,name,s_GENERATE_name_human_first_name,name,,,,,yes,Billy,
3941,name,s_GENERATE_name_human_first_name,name,,,,,yes,Calvin,
3942,name,s_GENERATE_name_human_first_name,name,,,,,yes,Cotton,
3943,name,s_GENERATE_name_human_first_name,name,,,,,yes,Clarence,
3944,name,s_GENERATE_name_human_first_name,name,,,,,yes,Charles,
3945,name,s_GENERATE_name_human_first_name,name,,,,,yes,Clayton,
3946,name,s_GENERATE_name_human_first_name,name,,,,,yes,Clement,
3947,name,s_GENERATE_name_human_first_name,name,,,,,yes,Clint,
3948,name,s_GENERATE_name_human_first_name,name,,,,,yes,Cole,
3949,name,s_GENERATE_name_human_first_name,name,,,,,yes,Curtis,
3950,name,s_GENERATE_name_human_first_name,name,,,,,yes,Daniel,
3951,name,s_GENERATE_name_human_first_name,name,,,,,yes,Dan,
3952,name,s_GENERATE_name_human_first_name,name,,,,,yes,Darius,
3953,name,s_GENERATE_name_human_first_name,name,,,,,yes,Dewey,
3954,name,s_GENERATE_name_human_first_name,name,,,,,yes,Drew,
3955,name,s_GENERATE_name_human_first_name,name,,,,,no,Douglas,
3956,name,s_GENERATE_name_human_first_name,name,,,,,yes,David,
3957,name,s_GENERATE_name_human_first_name,name,,,,,yes,Dick,
3958,name,s_GENERATE_name_human_first_name,name,,,,,yes,Ephraim,
3959,name,s_GENERATE_name_human_first_name,name,,,,,yes,Edward,
3960,name,s_GENERATE_name_human_first_name,name,,,,,yes,Edmund,
3961,name,s_GENERATE_name_human_first_name,name,,,,,yes,Edgar,
3962,name,s_GENERATE_name_human_first_name,name,,,,,yes,Elijah,
3963,name,s_GENERATE_name_human_first_name,name,,,,,yes,Enoch,
3964,name,s_GENERATE_name_human_first_name,name,,,,,yes,Erich,
3965,name,s_GENERATE_name_human_first_name,name,,,,,yes,Elmer,
3966,name,s_GENERATE_name_human_first_name,name,,,,,yes,Earl,
3967,name,s_GENERATE_name_human_first_name,name,,,,,yes,Edwin,
3968,name,s_GENERATE_name_human_first_name,name,,,,,yes,Esdras,
3969,name,s_GENERATE_name_human_first_name,name,,,,,yes,Eldon,
3970,name,s_GENERATE_name_human_first_name,name,,,,,yes,Earnest,
3971,name,s_GENERATE_name_human_first_name,name,,,,,yes,Eugene,
3972,name,s_GENERATE_name_human_first_name,name,,,,,yes,Francis,
3973,name,s_GENERATE_name_human_first_name,name,,,,,yes,Frank,
3974,name,s_GENERATE_name_human_first_name,name,,,,,yes,Frederick,
3975,name,s_GENERATE_name_human_first_name,name,,,,,yes,Fred,
3976,name,s_GENERATE_name_human_first_name,name,,,,,yes,Ferdinand,
3977,name,s_GENERATE_name_human_first_name,name,,,,,yes,Floyd,
3978,name,s_GENERATE_name_human_first_name,name,,,,,yes,Franklin,
3979,name,s_GENERATE_name_human_first_name,name,,,,,yes,Felix,
3980,name,s_GENERATE_name_human_first_name,name,,,,,yes,George,
3981,name,s_GENERATE_name_human_first_name,name,,,,,yes,Gustaf,
3982,name,s_GENERATE_name_human_first_name,name,,,,,yes,Gilbert,
3983,name,s_GENERATE_name_human_first_name,name,,,,,yes,Gil,
3984,name,s_GENERATE_name_human_first_name,name,,,,,yes,Godfrey,
3985,name,s_GENERATE_name_human_first_name,name,,,,,yes,Gordon,
3986,name,s_GENERATE_name_human_first_name,name,,,,,yes,Glenn,
3987,name,s_GENERATE_name_human_first_name,name,,,,,yes,Gabriel,
3988,name,s_GENERATE_name_human_first_name,name,,,,,yes,Gabe,
3989,name,s_GENERATE_name_human_first_name,name,,,,,yes,Garret,
3990,name,s_GENERATE_name_human_first_name,name,,,,,yes,Gideon,
3991,name,s_GENERATE_name_human_first_name,name,,,,,yes,Gus,
3992,name,s_GENERATE_name_human_first_name,name,,,,,yes,Halpin,
3993,name,s_GENERATE_name_human_first_name,name,,,,,yes,Harold,
3994,name,s_GENERATE_name_human_first_name,name,,,,,yes,Hugo,
3995,name,s_GENERATE_name_human_first_name,name,,,,,yes,Harry,
3996,name,s_GENERATE_name_human_first_name,name,,,,,yes,Henry,
3997,name,s_GENERATE_name_human_first_name,name,,,,,yes,Hank,
3998,name,s_GENERATE_name_human_first_name,name,,,,,yes,Herbert,
3999,name,s_GENERATE_name_human_first_name,name,,,,,yes,Harvey,
4000,name,s_GENERATE_name_human_first_name,name,,,,,yes,Horace,
4001,name,s_GENERATE_name_human_first_name,name,,,,,yes,Horatio,
4002,name,s_GENERATE_name_human_first_name,name,,,,,yes,Hiram,
4003,name,s_GENERATE_name_human_first_name,name,,,,,yes,Harrison,
4004,name,s_GENERATE_name_human_first_name,name,,,,,yes,Hugh,
4005,name,s_GENERATE_name_human_first_name,name,,,,,yes,Irving,
4006,name,s_GENERATE_name_human_first_name,name,,,,,yes,Isaac,
4007,name,s_GENERATE_name_human_first_name,name,,,,,yes,Jasper,
4008,name,s_GENERATE_name_human_first_name,name,,,,,yes,James,
4009,name,s_GENERATE_name_human_first_name,name,,,,,yes,Jacob,
4010,name,s_GENERATE_name_human_first_name,name,,,,,yes,Jebediah,
4011,name,s_GENERATE_name_human_first_name,name,,,,,yes,Joe,
4012,name,s_GENERATE_name_human_first_name,name,,,,,yes,Jack,
4013,name,s_GENERATE_name_human_first_name,name,,,,,yes,Joel,
4014,name,s_GENERATE_name_human_first_name,name,,,,,yes,Joseph,
4015,name,s_GENERATE_name_human_first_name,name,,,,,yes,Jerome,
4016,name,s_GENERATE_name_human_first_name,name,,,,,yes,Jonathan,
4017,name,s_GENERATE_name_human_first_name,name,,,,,yes,Julius,
4018,name,s_GENERATE_name_human_first_name,name,,,,,yes,Julian,
4019,name,s_GENERATE_name_human_first_name,name,,,,,yes,John,
4020,name,s_GENERATE_name_human_first_name,name,,,,,yes,Jefferson,
4021,name,s_GENERATE_name_human_first_name,name,,,,,yes,Jef,
4022,name,s_GENERATE_name_human_first_name,name,,,,,yes,Jesse,
4023,name,s_GENERATE_name_human_first_name,name,,,,,yes,Joshua,
4024,name,s_GENERATE_name_human_first_name,name,,,,,yes,Karl,
4025,name,s_GENERATE_name_human_first_name,name,,,,,yes,Kenneth,
4026,name,s_GENERATE_name_human_first_name,name,,,,,yes,Lawrence,
4027,name,s_GENERATE_name_human_first_name,name,,,,,yes,Louis,
4028,name,s_GENERATE_name_human_first_name,name,,,,,yes,Leo,
4029,name,s_GENERATE_name_human_first_name,name,,,,,yes,Luther,
4030,name,s_GENERATE_name_human_first_name,name,,,,,yes,Lloyd,
4031,name,s_GENERATE_name_human_first_name,name,,,,,yes,Larry,
4032,name,s_GENERATE_name_human_first_name,name,,,,,yes,Lester,
4033,name,s_GENERATE_name_human_first_name,name,,,,,yes,Leslie,
4034,name,s_GENERATE_name_human_first_name,name,,,,,yes,Lewis,
4035,name,s_GENERATE_name_human_first_name,name,,,,,yes,Lucas,
4036,name,s_GENERATE_name_human_first_name,name,,,,,yes,Lucius,
4037,name,s_GENERATE_name_human_first_name,name,,,,,yes,Luke,
4038,name,s_GENERATE_name_human_first_name,name,,,,,yes,Matt,
4039,name,s_GENERATE_name_human_first_name,name,,,,,yes,Manuel,
4040,name,s_GENERATE_name_human_first_name,name,,,,,yes,Milton,
4041,name,s_GENERATE_name_human_first_name,name,,,,,yes,Melvin,
4042,name,s_GENERATE_name_human_first_name,name,,,,,yes,Martin,
4043,name,s_GENERATE_name_human_first_name,name,,,,,yes,Marvin,
4044,name,s_GENERATE_name_human_first_name,name,,,,,yes,Matthew,
4045,name,s_GENERATE_name_human_first_name,name,,,,,yes,Merwin,
4046,name,s_GENERATE_name_human_first_name,name,,,,,yes,Moses,
4047,name,s_GENERATE_name_human_first_name,name,,,,,yes,Mark,
4048,name,s_GENERATE_name_human_first_name,name,,,,,yes,Maurice,
4049,name,s_GENERATE_name_human_first_name,name,,,,,yes,Maxwell,
4050,name,s_GENERATE_name_human_first_name,name,,,,,yes,Merrill,
4051,name,s_GENERATE_name_human_first_name,name,,,,,yes,Michael,
4052,name,s_GENERATE_name_human_first_name,name,,,,,yes,Mike,
4053,name,s_GENERATE_name_human_first_name,name,,,,,no,Morgan,
4054,name,s_GENERATE_name_human_first_name,name,,,,,yes,Morris,
4055,name,s_GENERATE_name_human_first_name,name,,,,,yes,Noah,
4056,name,s_GENERATE_name_human_first_name,name,,,,,yes,Nathaniel,
4057,name,s_GENERATE_name_human_first_name,name,,,,,yes,Nathan,
4058,name,s_GENERATE_name_human_first_name,name,,,,,yes,Nate,
4059,name,s_GENERATE_name_human_first_name,name,,,,,yes,Newton,
4060,name,s_GENERATE_name_human_first_name,name,,,,,yes,Norman,
4061,name,s_GENERATE_name_human_first_name,name,,,,,yes,Nevil,
4062,name,s_GENERATE_name_human_first_name,name,,,,,yes,Nelson,
4063,name,s_GENERATE_name_human_first_name,name,,,,,yes,Nicholas,
4064,name,s_GENERATE_name_human_first_name,name,,,,,yes,Nick,
4065,name,s_GENERATE_name_human_first_name,name,,,,,yes,Nimrod,
4066,name,s_GENERATE_name_human_first_name,name,,,,,yes,Orrin,
4067,name,s_GENERATE_name_human_first_name,name,,,,,yes,Oscar,
4068,name,s_GENERATE_name_human_first_name,name,,,,,yes,Otto,
4069,name,s_GENERATE_name_human_first_name,name,,,,,yes,Otis,
4070,name,s_GENERATE_name_human_first_name,name,,,,,yes,Oliver,
4071,name,s_GENERATE_name_human_first_name,name,,,,,yes,Obediah,
4072,name,s_GENERATE_name_human_first_name,name,,,,,yes,Orville,
4073,name,s_GENERATE_name_human_first_name,name,,,,,yes,Owen,
4074,name,s_GENERATE_name_human_first_name,name,,,,,no,Paul,
4075,name,s_GENERATE_name_human_first_name,name,,,,,yes,Patrick,
4076,name,s_GENERATE_name_human_first_name,name,,,,,yes,Pat,
4077,name,s_GENERATE_name_human_first_name,name,,,,,yes,Peter,
4078,name,s_GENERATE_name_human_first_name,name,,,,,yes,Percy,
4079,name,s_GENERATE_name_human_first_name,name,,,,,yes,Pete,
4080,name,s_GENERATE_name_human_first_name,name,,,,,yes,Perry,
4081,name,s_GENERATE_name_human_first_name,name,,,,,yes,Philip,
4082,name,s_GENERATE_name_human_first_name,name,,,,,yes,Roy,
4083,name,s_GENERATE_name_human_first_name,name,,,,,yes,Ralph,
4084,name,s_GENERATE_name_human_first_name,name,,,,,yes,Robert,
4085,name,s_GENERATE_name_human_first_name,name,,,,,yes,Richard,
4086,name,s_GENERATE_name_human_first_name,name,,,,,yes,Rich,
4087,name,s_GENERATE_name_human_first_name,name,,,,,yes,Randolph,
4088,name,s_GENERATE_name_human_first_name,name,,,,,yes,Rudolph,
4089,name,s_GENERATE_name_human_first_name,name,,,,,yes,Rufus,
4090,name,s_GENERATE_name_human_first_name,name,,,,,yes,Raymond,
4091,name,s_GENERATE_name_human_first_name,name,,,,,yes,Roderick,
4092,name,s_GENERATE_name_human_first_name,name,,,,,yes,Samuel,
4093,name,s_GENERATE_name_human_first_name,name,,,,,yes,Sam,
4094,name,s_GENERATE_name_human_first_name,name,,,,,yes,Simon,
4095,name,s_GENERATE_name_human_first_name,name,,,,,yes,Stephen,
4096,name,s_GENERATE_name_human_first_name,name,,,,,yes,Silas,
4097,name,s_GENERATE_name_human_first_name,name,,,,,yes,Seth,
4098,name,s_GENERATE_name_human_first_name,name,,,,,yes,Stanley,
4099,name,s_GENERATE_name_human_first_name,name,,,,,yes,Stan,
4100,name,s_GENERATE_name_human_first_name,name,,,,,yes,Thaddeus,
4101,name,s_GENERATE_name_human_first_name,name,,,,,yes,Theodore,
4102,name,s_GENERATE_name_human_first_name,name,,,,,yes,Ted,
4103,name,s_GENERATE_name_human_first_name,name,,,,,yes,Thomas,
4104,name,s_GENERATE_name_human_first_name,name,,,,,yes,Tom,
4105,name,s_GENERATE_name_human_first_name,name,,,,,yes,Tyler,
4106,name,s_GENERATE_name_human_first_name,name,,,,,yes,Tony,
4107,name,s_GENERATE_name_human_first_name,name,,,,,yes,Timothy,
4108,name,s_GENERATE_name_human_first_name,name,,,,,yes,Tim,
4109,name,s_GENERATE_name_human_first_name,name,,,,,yes,Ulysses,
4110,name,s_GENERATE_name_human_first_name,name,,,,,yes,Uriah,
4111,name,s_GENERATE_name_human_first_name,name,,,,,yes,Vincent,
4112,name,s_GENERATE_name_human_first_name,name,,,,,yes,Virgil,
4113,name,s_GENERATE_name_human_first_name,name,,,,,yes,Victor,
4114,name,s_GENERATE_name_human_first_name,name,,,,,yes,Vernon,
4115,name,s_GENERATE_name_human_first_name,name,,,,,yes,Warren,
4116,name,s_GENERATE_name_human_first_name,name,,,,,yes,Walter,
4117,name,s_GENERATE_name_human_first_name,name,,,,,yes,Wesley,
4118,name,s_GENERATE_name_human_first_name,name,,,,,yes,Willie,
4119,name,s_GENERATE_name_human_first_name,name,,,,,yes,Willard,
4120,name,s_GENERATE_name_human_first_name,name,,,,,yes,Wallace,
4121,name,s_GENERATE_name_human_first_name,name,,,,,yes,William,
4122,name,s_GENERATE_name_human_first_name,name,,,,,yes,Will,
4123,name,s_GENERATE_name_human_first_name,name,,,,,yes,Wilbur,
4124,name,s_GENERATE_name_human_first_name,name,,,,,yes,Zachary,
4125,name,s_GENERATE_name_human_first_name,name,,,,,yes,Zachariah,
4126,name,s_GENERATE_name_human_first_name,name,,,,,yes,Zedock,
4127,name,s_GENERATE_name_human_first_name,name,,,,,yes,Alan,
4128,name,s_GENERATE_name_human_first_name,name,,,,,yes,Amos,
4129,name,s_GENERATE_name_human_first_name,name,,,,,yes,Aron,
4130,name,s_GENERATE_name_human_first_name,name,,,,,yes,Artie,
4131,name,s_GENERATE_name_human_first_name,name,,,,,yes,Atticus,
4132,name,s_GENERATE_name_human_first_name,name,,,,,yes,Barron,
4133,name,s_GENERATE_name_human_first_name,name,,,,,yes,Basil,
4134,name,s_GENERATE_name_human_first_name,name,,,,,yes,Beau,
4135,name,s_GENERATE_name_human_first_name,name,,,,,yes,Bennett,
4136,name,s_GENERATE_name_human_first_name,name,,,,,yes,Blaine,
4137,name,s_GENERATE_name_human_first_name,name,,,,,yes,Brady,
4138,name,s_GENERATE_name_human_first_name,name,,,,,yes,Carlo,
4139,name,s_GENERATE_name_human_first_name,name,,,,,yes,Chester,
4140,name,s_GENERATE_name_human_first_name,name,,,,,yes,Clark,
4141,name,s_GENERATE_name_human_first_name,name,,,,,yes,Clifford,
4142,name,s_GENERATE_name_human_first_name,name,,,,,yes,Clyde,
4143,name,s_GENERATE_name_human_first_name,name,,,,,yes,Cornelius,
4144,name,s_GENERATE_name_human_first_name,name,,,,,yes,Cyrus,
4145,name,s_GENERATE_name_human_first_name,name,,,,,yes,Damion,
4146,name,s_GENERATE_name_human_first_name,name,,,,,yes,Dean,
4147,name,s_GENERATE_name_human_first_name,name,,,,,yes,Dennis,
4148,name,s_GENERATE_name_human_first_name,name,,,,,yes,Donald,
4149,name,s_GENERATE_name_human_first_name,name,,,,,yes,Edison,
4150,name,s_GENERATE_name_human_first_name,name,,,,,yes,Emile,
4151,name,s_GENERATE_name_human_first_name,name,,,,,yes,Ernest,
4152,name,s_GENERATE_name_human_first_name,name,,,,,yes,Erwin,
4153,name,s_GENERATE_name_human_first_name,name,,,,,yes,Gerald,
4154,name,s_GENERATE_name_human_first_name,name,,,,,yes,Gunther,
4155,name,s_GENERATE_name_human_first_name,name,,,,,yes,Harmon,
4156,name,s_GENERATE_name_human_first_name,name,,,,,yes,Hector,
4157,name,s_GENERATE_name_human_first_name,name,,,,,yes,Howard,
4158,name,s_GENERATE_name_human_first_name,name,,,,,yes,Humphrey,
4159,name,s_GENERATE_name_human_first_name,name,,,,,yes,Ian,
4160,name,s_GENERATE_name_human_first_name,name,,,,,yes,Ivor,
4161,name,s_GENERATE_name_human_first_name,name,,,,,yes,Jedediah,
4162,name,s_GENERATE_name_human_first_name,name,,,,,yes,Jeffrey,
4163,name,s_GENERATE_name_human_first_name,name,,,,,yes,Jonas,
4164,name,s_GENERATE_name_human_first_name,name,,,,,yes,Josiah,
4165,name,s_GENERATE_name_human_first_name,name,,,,,yes,Julien,
4166,name,s_GENERATE_name_human_first_name,name,,,,,yes,Leon,
4167,name,s_GENERATE_name_human_first_name,name,,,,,yes,Levi,
4168,name,s_GENERATE_name_human_first_name,name,,,,,yes,Marshall,
4169,name,s_GENERATE_name_human_first_name,name,,,,,yes,Mickey,
4170,name,s_GENERATE_name_human_first_name,name,,,,,yes,Neal,
4171,name,s_GENERATE_name_human_first_name,name,,,,,yes,Neville,
4172,name,s_GENERATE_name_human_first_name,name,,,,,yes,Orson,
4173,name,s_GENERATE_name_human_first_name,name,,,,,yes,Oswald,
4174,name,s_GENERATE_name_human_first_name,name,,,,,yes,Randall,
4175,name,s_GENERATE_name_human_first_name,name,,,,,yes,Reed,
4176,name,s_GENERATE_name_human_first_name,name,,,,,yes,Reginald,
4177,name,s_GENERATE_name_human_first_name,name,,,,,yes,Rodney,
4178,name,s_GENERATE_name_human_first_name,name,,,,,yes,Roger,
4179,name,s_GENERATE_name_human_first_name,name,,,,,yes,Ronald,
4180,name,s_GENERATE_name_human_first_name,name,,,,,yes,Russell,
4181,name,s_GENERATE_name_human_first_name,name,,,,,yes,Shadrack,
4182,name,s_GENERATE_name_human_first_name,name,,,,,yes,Sherman,
4183,name,s_GENERATE_name_human_first_name,name,,,,,yes,Spencer,
4184,name,s_GENERATE_name_human_first_name,name,,,,,yes,Sterling,
4185,name,s_GENERATE_name_human_first_name,name,,,,,yes,Terrence,
4186,name,s_GENERATE_name_human_first_name,name,,,,,yes,Tobias,
4187,name,s_GENERATE_name_human_first_name,name,,,,,yes,Tobin,
4188,name,s_GENERATE_name_human_first_name,name,,,,,yes,Waldo,
4189,name,s_GENERATE_name_human_first_name,name,,,,,yes,Wayne,
4190,name,s_GENERATE_name_human_first_name,name,,,,,yes,Winston,
4191,name,s_GENERATE_name_human_first_name,name,,,,,yes,Wright,
4192,name,s_GENERATE_name_human_first_name,name,,,,,yes,Ezra,
4193,name,s_GENERATE_name_human_first_name,name,,,,,yes,Ned,
4194,name,s_GENERATE_name_human_first_name,name,,,,,yes,Brandon,
4195,name,s_GENERATE_name_human_first_name,name,,,,,yes,Brian,
4196,name,s_GENERATE_name_human_first_name,name,,,,,no,Caleb,
4197,name,s_GENERATE_name_human_first_name,name,,,,,yes,Colin,
4198,name,s_GENERATE_name_human_first_name,name,,,,,yes,Connor,
4199,name,s_GENERATE_name_human_first_name,name,,,,,yes,Damian,
4200,name,s_GENERATE_name_human_first_name,name,,,,,yes,Derek,
4201,name,s_GENERATE_name_human_first_name,name,,,,,yes,Dylan,
4202,name,s_GENERATE_name_human_first_name,name,,,,,yes,Elliott,
4203,name,s_GENERATE_name_human_first_name,name,,,,,yes,Eric,
4204,name,s_GENERATE_name_human_first_name,name,,,,,yes,Gavin,
4205,name,s_GENERATE_name_human_first_name,name,,,,,yes,Graham,
4206,name,s_GENERATE_name_human_first_name,name,,,,,yes,Grayson,
4207,name,s_GENERATE_name_human_first_name,name,,,,,yes,Liam,
4208,name,s_GENERATE_name_human_first_name,name,,,,,yes,Ava,
4209,name,s_GENERATE_name_human_first_name,name,,,,,yes,Ada,
4210,name,s_GENERATE_name_human_first_name,name,,,,,yes,Amanda,
4211,name,s_GENERATE_name_human_first_name,name,,,,,yes,Amelia,
4212,name,s_GENERATE_name_human_first_name,name,,,,,yes,Amy,
4213,name,s_GENERATE_name_human_first_name,name,,,,,yes,Allie,
4214,name,s_GENERATE_name_human_first_name,name,,,,,yes,Adeline,
4215,name,s_GENERATE_name_human_first_name,name,,,,,yes,Adella,
4216,name,s_GENERATE_name_human_first_name,name,,,,,yes,Alice,
4217,name,s_GENERATE_name_human_first_name,name,,,,,yes,Anastasia,
4218,name,s_GENERATE_name_human_first_name,name,,,,,yes,Agatha,
4219,name,s_GENERATE_name_human_first_name,name,,,,,yes,Agnes,
4220,name,s_GENERATE_name_human_first_name,name,,,,,yes,Abigail,
4221,name,s_GENERATE_name_human_first_name,name,,,,,yes,Abby,
4222,name,s_GENERATE_name_human_first_name,name,,,,,yes,Alexandra,
4223,name,s_GENERATE_name_human_first_name,name,,,,,yes,Alberta,
4224,name,s_GENERATE_name_human_first_name,name,,,,,yes,Alma,
4225,name,s_GENERATE_name_human_first_name,name,,,,,no,Annie,
4226,name,s_GENERATE_name_human_first_name,name,,,,,yes,Anna,
4227,name,s_GENERATE_name_human_first_name,name,,,,,yes,Anne,
4228,name,s_GENERATE_name_human_first_name,name,,,,,yes,Ann,
4229,name,s_GENERATE_name_human_first_name,name,,,,,yes,Asenath,
4230,name,s_GENERATE_name_human_first_name,name,,,,,yes,Audrey,
4231,name,s_GENERATE_name_human_first_name,name,,,,,yes,Almira,
4232,name,s_GENERATE_name_human_first_name,name,,,,,yes,Alva,
4233,name,s_GENERATE_name_human_first_name,name,,,,,yes,Arrah,
4234,name,s_GENERATE_name_human_first_name,name,,,,,yes,Bess,
4235,name,s_GENERATE_name_human_first_name,name,,,,,yes,Bessie,
4236,name,s_GENERATE_name_human_first_name,name,,,,,yes,Bonnie,
4237,name,s_GENERATE_name_human_first_name,name,,,,,yes,Betsy,
4238,name,s_GENERATE_name_human_first_name,name,,,,,yes,Beth,
4239,name,s_GENERATE_name_human_first_name,name,,,,,yes,Barbara,
4240,name,s_GENERATE_name_human_first_name,name,,,,,yes,Bertha,
4241,name,s_GENERATE_name_human_first_name,name,,,,,yes,Beatrice,
4242,name,s_GENERATE_name_human_first_name,name,,,,,yes,Becky,
4243,name,s_GENERATE_name_human_first_name,name,,,,,yes,Bernice,
4244,name,s_GENERATE_name_human_first_name,name,,,,,yes,Catherine,
4245,name,s_GENERATE_name_human_first_name,name,,,,,yes,Caroline,
4246,name,s_GENERATE_name_human_first_name,name,,,,,yes,Clara,
4247,name,s_GENERATE_name_human_first_name,name,,,,,yes,Cleo,
4248,name,s_GENERATE_name_human_first_name,name,,,,,yes,Cora,
4249,name,s_GENERATE_name_human_first_name,name,,,,,yes,Celia,
4250,name,s_GENERATE_name_human_first_name,name,,,,,yes,Charlotte,
4251,name,s_GENERATE_name_human_first_name,name,,,,,yes,Christine,
4252,name,s_GENERATE_name_human_first_name,name,,,,,yes,Cecelia,
4253,name,s_GENERATE_name_human_first_name,name,,,,,yes,Claire,
4254,name,s_GENERATE_name_human_first_name,name,,,,,yes,Constance,
4255,name,s_GENERATE_name_human_first_name,name,,,,,yes,Cynthia,
4256,name,s_GENERATE_name_human_first_name,name,,,,,yes,Chastity,
4257,name,s_GENERATE_name_human_first_name,name,,,,,yes,Daisy,
4258,name,s_GENERATE_name_human_first_name,name,,,,,yes,Della,
4259,name,s_GENERATE_name_human_first_name,name,,,,,yes,Dorothy,
4260,name,s_GENERATE_name_human_first_name,name,,,,,yes,Eliza,
4261,name,s_GENERATE_name_human_first_name,name,,,,,yes,Emma,
4262,name,s_GENERATE_name_human_first_name,name,,,,,yes,Elva,
4263,name,s_GENERATE_name_human_first_name,name,,,,,yes,Emily,
4264,name,s_GENERATE_name_human_first_name,name,,,,,yes,Esther,
4265,name,s_GENERATE_name_human_first_name,name,,,,,yes,Estella,
4266,name,s_GENERATE_name_human_first_name,name,,,,,yes,Evie,
4267,name,s_GENERATE_name_human_first_name,name,,,,,yes,Eva,
4268,name,s_GENERATE_name_human_first_name,name,,,,,yes,Etta,
4269,name,s_GENERATE_name_human_first_name,name,,,,,yes,Ettie,
4270,name,s_GENERATE_name_human_first_name,name,,,,,yes,Essie,
4271,name,s_GENERATE_name_human_first_name,name,,,,,yes,Elsie,
4272,name,s_GENERATE_name_human_first_name,name,,,,,yes,Edith,
4273,name,s_GENERATE_name_human_first_name,name,,,,,yes,Elisha,
4274,name,s_GENERATE_name_human_first_name,name,,,,,yes,Elspeth,
4275,name,s_GENERATE_name_human_first_name,name,,,,,yes,Elizabeth,
4276,name,s_GENERATE_name_human_first_name,name,,,,,yes,Ethel,
4277,name,s_GENERATE_name_human_first_name,name,,,,,yes,Eunice,
4278,name,s_GENERATE_name_human_first_name,name,,,,,yes,Eula,
4279,name,s_GENERATE_name_human_first_name,name,,,,,yes,Erma,
4280,name,s_GENERATE_name_human_first_name,name,,,,,yes,Evelyn,
4281,name,s_GENERATE_name_human_first_name,name,,,,,yes,Eleanor,
4282,name,s_GENERATE_name_human_first_name,name,,,,,yes,Elvira,
4283,name,s_GENERATE_name_human_first_name,name,,,,,yes,Eudora,
4284,name,s_GENERATE_name_human_first_name,name,,,,,yes,Freda,
4285,name,s_GENERATE_name_human_first_name,name,,,,,yes,Fanny,
4286,name,s_GENERATE_name_human_first_name,name,,,,,yes,Fern,
4287,name,s_GENERATE_name_human_first_name,name,,,,,yes,Flora,
4288,name,s_GENERATE_name_human_first_name,name,,,,,yes,Frieda,
4289,name,s_GENERATE_name_human_first_name,name,,,,,yes,Florence,
4290,name,s_GENERATE_name_human_first_name,name,,,,,yes,Fidelia,
4291,name,s_GENERATE_name_human_first_name,name,,,,,yes,Frances,
4292,name,s_GENERATE_name_human_first_name,name,,,,,yes,Grace,
4293,name,s_GENERATE_name_human_first_name,name,,,,,yes,Geraldine,
4294,name,s_GENERATE_name_human_first_name,name,,,,,yes,Gabrielle,
4295,name,s_GENERATE_name_human_first_name,name,,,,,yes,Gertrude,
4296,name,s_GENERATE_name_human_first_name,name,,,,,yes,Gertie,
4297,name,s_GENERATE_name_human_first_name,name,,,,,yes,Gladys,
4298,name,s_GENERATE_name_human_first_name,name,,,,,yes,Geneva,
4299,name,s_GENERATE_name_human_first_name,name,,,,,yes,Georgia,
4300,name,s_GENERATE_name_human_first_name,name,,,,,yes,Harriet,
4301,name,s_GENERATE_name_human_first_name,name,,,,,yes,Hazel,
4302,name,s_GENERATE_name_human_first_name,name,,,,,yes,Helen,
4303,name,s_GENERATE_name_human_first_name,name,,,,,yes,Helene,
4304,name,s_GENERATE_name_human_first_name,name,,,,,yes,Hannah,
4305,name,s_GENERATE_name_human_first_name,name,,,,,yes,Hilda,
4306,name,s_GENERATE_name_human_first_name,name,,,,,yes,Hildred,
4307,name,s_GENERATE_name_human_first_name,name,,,,,yes,Henrietta,
4308,name,s_GENERATE_name_human_first_name,name,,,,,yes,Hattie,
4309,name,s_GENERATE_name_human_first_name,name,,,,,yes,Hester,
4310,name,s_GENERATE_name_human_first_name,name,,,,,yes,Hope,
4311,name,s_GENERATE_name_human_first_name,name,,,,,yes,Hortence,
4312,name,s_GENERATE_name_human_first_name,name,,,,,yes,Isabelle,
4313,name,s_GENERATE_name_human_first_name,name,,,,,yes,Isabel,
4314,name,s_GENERATE_name_human_first_name,name,,,,,yes,Irene,
4315,name,s_GENERATE_name_human_first_name,name,,,,,yes,Ida,
4316,name,s_GENERATE_name_human_first_name,name,,,,,yes,Ina,
4317,name,s_GENERATE_name_human_first_name,name,,,,,yes,Irma,
4318,name,s_GENERATE_name_human_first_name,name,,,,,yes,Josephine,
4319,name,s_GENERATE_name_human_first_name,name,,,,,yes,Jezebel,
4320,name,s_GENERATE_name_human_first_name,name,,,,,yes,Jeanette,
4321,name,s_GENERATE_name_human_first_name,name,,,,,yes,Jane,
4322,name,s_GENERATE_name_human_first_name,name,,,,,yes,Janie,
4323,name,s_GENERATE_name_human_first_name,name,,,,,yes,Jennie,
4324,name,s_GENERATE_name_human_first_name,name,,,,,yes,Jessamine,
4325,name,s_GENERATE_name_human_first_name,name,,,,,yes,Judith,
4326,name,s_GENERATE_name_human_first_name,name,,,,,yes,Julia,
4327,name,s_GENERATE_name_human_first_name,name,,,,,yes,Juliet,
4328,name,s_GENERATE_name_human_first_name,name,,,,,yes,Kathleen,
4329,name,s_GENERATE_name_human_first_name,name,,,,,yes,Katie,
4330,name,s_GENERATE_name_human_first_name,name,,,,,yes,Keziah,
4331,name,s_GENERATE_name_human_first_name,name,,,,,yes,Katherine,
4332,name,s_GENERATE_name_human_first_name,name,,,,,yes,Kate,
4333,name,s_GENERATE_name_human_first_name,name,,,,,yes,Lavinia,
4334,name,s_GENERATE_name_human_first_name,name,,,,,yes,Leola,
4335,name,s_GENERATE_name_human_first_name,name,,,,,yes,Lela,
4336,name,s_GENERATE_name_human_first_name,name,,,,,yes,Lila,
4337,name,s_GENERATE_name_human_first_name,name,,,,,yes,Lilly,
4338,name,s_GENERATE_name_human_first_name,name,,,,,yes,Lulu,
4339,name,s_GENERATE_name_human_first_name,name,,,,,yes,Lola,
4340,name,s_GENERATE_name_human_first_name,name,,,,,yes,Lois,
4341,name,s_GENERATE_name_human_first_name,name,,,,,yes,Louise,
4342,name,s_GENERATE_name_human_first_name,name,,,,,yes,Louisa,
4343,name,s_GENERATE_name_human_first_name,name,,,,,yes,Lilian,
4344,name,s_GENERATE_name_human_first_name,name,,,,,yes,Lizzie,
4345,name,s_GENERATE_name_human_first_name,name,,,,,yes,Lottie,
4346,name,s_GENERATE_name_human_first_name,name,,,,,yes,Loretta,
4347,name,s_GENERATE_name_human_first_name,name,,,,,yes,Luella,
4348,name,s_GENERATE_name_human_first_name,name,,,,,yes,Lucy,
4349,name,s_GENERATE_name_human_first_name,name,,,,,yes,Lucile,
4350,name,s_GENERATE_name_human_first_name,name,,,,,yes,Laura,
4351,name,s_GENERATE_name_human_first_name,name,,,,,yes,Leah,
4352,name,s_GENERATE_name_human_first_name,name,,,,,yes,Lenora,
4353,name,s_GENERATE_name_human_first_name,name,,,,,yes,Lorraine,
4354,name,s_GENERATE_name_human_first_name,name,,,,,yes,Lorena,
4355,name,s_GENERATE_name_human_first_name,name,,,,,yes,Letitia,
4356,name,s_GENERATE_name_human_first_name,name,,,,,yes,Lydia,
4357,name,s_GENERATE_name_human_first_name,name,,,,,yes,Mabel,
4358,name,s_GENERATE_name_human_first_name,name,,,,,yes,Maria,
4359,name,s_GENERATE_name_human_first_name,name,,,,,yes,Martha,
4360,name,s_GENERATE_name_human_first_name,name,,,,,yes,Madeline,
4361,name,s_GENERATE_name_human_first_name,name,,,,,yes,Myrtle,
4362,name,s_GENERATE_name_human_first_name,name,,,,,yes,Margaret,
4363,name,s_GENERATE_name_human_first_name,name,,,,,yes,Mildred,
4364,name,s_GENERATE_name_human_first_name,name,,,,,yes,Millie,
4365,name,s_GENERATE_name_human_first_name,name,,,,,yes,Minnie,
4366,name,s_GENERATE_name_human_first_name,name,,,,,yes,Miriam,
4367,name,s_GENERATE_name_human_first_name,name,,,,,yes,Mahulda,
4368,name,s_GENERATE_name_human_first_name,name,,,,,yes,Matilda,
4369,name,s_GENERATE_name_human_first_name,name,,,,,yes,Mattie,
4370,name,s_GENERATE_name_human_first_name,name,,,,,yes,Mathilde,
4371,name,s_GENERATE_name_human_first_name,name,,,,,yes,Marjorie,
4372,name,s_GENERATE_name_human_first_name,name,,,,,yes,Mollie,
4373,name,s_GENERATE_name_human_first_name,name,,,,,yes,Mary,
4374,name,s_GENERATE_name_human_first_name,name,,,,,yes,Maude,
4375,name,s_GENERATE_name_human_first_name,name,,,,,yes,Merritt,
4376,name,s_GENERATE_name_human_first_name,name,,,,,yes,Maxine,
4377,name,s_GENERATE_name_human_first_name,name,,,,,yes,Maxie,
4378,name,s_GENERATE_name_human_first_name,name,,,,,yes,Mercy,
4379,name,s_GENERATE_name_human_first_name,name,,,,,yes,Minerva,
4380,name,s_GENERATE_name_human_first_name,name,,,,,yes,Molly,
4381,name,s_GENERATE_name_human_first_name,name,,,,,yes,Nell,
4382,name,s_GENERATE_name_human_first_name,name,,,,,yes,Nina,
4383,name,s_GENERATE_name_human_first_name,name,,,,,yes,Naomi,
4384,name,s_GENERATE_name_human_first_name,name,,,,,yes,Nancy,
4385,name,s_GENERATE_name_human_first_name,name,,,,,yes,Nannie,
4386,name,s_GENERATE_name_human_first_name,name,,,,,yes,Nettie,
4387,name,s_GENERATE_name_human_first_name,name,,,,,yes,Norma,
4388,name,s_GENERATE_name_human_first_name,name,,,,,yes,Nora,
4389,name,s_GENERATE_name_human_first_name,name,,,,,yes,Natalie,
4390,name,s_GENERATE_name_human_first_name,name,,,,,yes,Olga,
4391,name,s_GENERATE_name_human_first_name,name,,,,,yes,Orpha,
4392,name,s_GENERATE_name_human_first_name,name,,,,,yes,Patsy,
4393,name,s_GENERATE_name_human_first_name,name,,,,,yes,Parthena,
4394,name,s_GENERATE_name_human_first_name,name,,,,,yes,Peggy,
4395,name,s_GENERATE_name_human_first_name,name,,,,,yes,Permelia,
4396,name,s_GENERATE_name_human_first_name,name,,,,,yes,Phoebe,
4397,name,s_GENERATE_name_human_first_name,name,,,,,yes,Philomena,
4398,name,s_GENERATE_name_human_first_name,name,,,,,yes,Polly,
4399,name,s_GENERATE_name_human_first_name,name,,,,,yes,Preshea,
4400,name,s_GENERATE_name_human_first_name,name,,,,,yes,Rosie,
4401,name,s_GENERATE_name_human_first_name,name,,,,,yes,Ruby,
4402,name,s_GENERATE_name_human_first_name,name,,,,,yes,Ruth,
4403,name,s_GENERATE_name_human_first_name,name,,,,,yes,Rachel,
4404,name,s_GENERATE_name_human_first_name,name,,,,,yes,Rebecca,
4405,name,s_GENERATE_name_human_first_name,name,,,,,yes,Rhoda,
4406,name,s_GENERATE_name_human_first_name,name,,,,,yes,Rhody,
4407,name,s_GENERATE_name_human_first_name,name,,,,,yes,Rowena,
4408,name,s_GENERATE_name_human_first_name,name,,,,,yes,Rufina,
4409,name,s_GENERATE_name_human_first_name,name,,,,,yes,Sarah,
4410,name,s_GENERATE_name_human_first_name,name,,,,,yes,Sadie,
4411,name,s_GENERATE_name_human_first_name,name,,,,,yes,Sophia,
4412,name,s_GENERATE_name_human_first_name,name,,,,,yes,Sophie,
4413,name,s_GENERATE_name_human_first_name,name,,,,,yes,Sally,
4414,name,s_GENERATE_name_human_first_name,name,,,,,yes,Samantha,
4415,name,s_GENERATE_name_human_first_name,name,,,,,yes,Savannah,
4416,name,s_GENERATE_name_human_first_name,name,,,,,yes,Selina,
4417,name,s_GENERATE_name_human_first_name,name,,,,,yes,Sophronia,
4418,name,s_GENERATE_name_human_first_name,name,,,,,yes,Stella,
4419,name,s_GENERATE_name_human_first_name,name,,,,,yes,Thelma,
4420,name,s_GENERATE_name_human_first_name,name,,,,,yes,Theresa,
4421,name,s_GENERATE_name_human_first_name,name,,,,,yes,Theodosia,
4422,name,s_GENERATE_name_human_first_name,name,,,,,yes,Violet,
4423,name,s_GENERATE_name_human_first_name,name,,,,,yes,Virgie,
4424,name,s_GENERATE_name_human_first_name,name,,,,,yes,Victoria,
4425,name,s_GENERATE_name_human_first_name,name,,,,,yes,Vivian,
4426,name,s_GENERATE_name_human_first_name,name,,,,,yes,Velma,
4427,name,s_GENERATE_name_human_first_name,name,,,,,yes,Verna,
4428,name,s_GENERATE_name_human_first_name,name,,,,,yes,Vertiline,
4429,name,s_GENERATE_name_human_first_name,name,,,,,yes,Virginia,
4430,name,s_GENERATE_name_human_first_name,name,,,,,yes,Wendy,
4431,name,s_GENERATE_name_human_first_name,name,,,,,yes,Wilma,
4432,name,s_GENERATE_name_human_first_name,name,,,,,yes,Winifred,
4433,name,s_GENERATE_name_human_first_name,name,,,,,yes,Winnie,
4434,name,s_GENERATE_name_human_first_name,name,,,,,yes,Yvette,
4435,name,s_GENERATE_name_human_first_name,name,,,,,yes,Zadie,
4436,name,s_GENERATE_name_human_first_name,name,,,,,yes,Zona,
4437,name,s_GENERATE_name_human_first_name,name,,,,,yes,Zylphia,
4438,name,s_GENERATE_name_human_first_name,name,,,,,yes,Beatrix,
4439,name,s_GENERATE_name_human_first_name,name,,,,,yes,Olivette,
4440,name,s_GENERATE_name_human_first_name,name,,,,,yes,Olivia,
4441,name,s_GENERATE_name_human_first_name,name,,,,,yes,Adelaide,
4442,name,s_GENERATE_name_human_first_name,name,,,,,yes,Amara,
4443,name,s_GENERATE_name_human_first_name,name,,,,,yes,Anita,
4444,name,s_GENERATE_name_human_first_name,name,,,,,yes,Annette,
4445,name,s_GENERATE_name_human_first_name,name,,,,,yes,Arlene,
4446,name,s_GENERATE_name_human_first_name,name,,,,,yes,Bea,
4447,name,s_GENERATE_name_human_first_name,name,,,,,yes,Bernadette,
4448,name,s_GENERATE_name_human_first_name,name,,,,,yes,Betty,
4449,name,s_GENERATE_name_human_first_name,name,,,,,yes,Camille,
4450,name,s_GENERATE_name_human_first_name,name,,,,,yes,Connie,
4451,name,s_GENERATE_name_human_first_name,name,,,,,yes,Cordelia,
4452,name,s_GENERATE_name_human_first_name,name,,,,,yes,Dahlia,
4453,name,s_GENERATE_name_human_first_name,name,,,,,yes,Darcy,
4454,name,s_GENERATE_name_human_first_name,name,,,,,yes,Darlene,
4455,name,s_GENERATE_name_human_first_name,name,,,,,yes,Dodie,
4456,name,s_GENERATE_name_human_first_name,name,,,,,yes,Dolores,
4457,name,s_GENERATE_name_human_first_name,name,,,,,yes,Dora,
4458,name,s_GENERATE_name_human_first_name,name,,,,,yes,Edna,
4459,name,s_GENERATE_name_human_first_name,name,,,,,yes,Elaine,
4460,name,s_GENERATE_name_human_first_name,name,,,,,yes,Eloise,
4461,name,s_GENERATE_name_human_first_name,name,,,,,yes,Elsbeth,
4462,name,s_GENERATE_name_human_first_name,name,,,,,yes,Enid,
4463,name,s_GENERATE_name_human_first_name,name,,,,,yes,Eugenie,
4464,name,s_GENERATE_name_human_first_name,name,,,,,yes,Faye,
4465,name,s_GENERATE_name_human_first_name,name,,,,,yes,Genevieve,
4466,name,s_GENERATE_name_human_first_name,name,,,,,yes,Georgette,
4467,name,s_GENERATE_name_human_first_name,name,,,,,yes,Gloria,
4468,name,s_GENERATE_name_human_first_name,name,,,,,yes,Greta,
4469,name,s_GENERATE_name_human_first_name,name,,,,,yes,Imogen,
4470,name,s_GENERATE_name_human_first_name,name,,,,,yes,Ines,
4471,name,s_GENERATE_name_human_first_name,name,,,,,yes,Iris,
4472,name,s_GENERATE_name_human_first_name,name,,,,,yes,Ivy,
4473,name,s_GENERATE_name_human_first_name,name,,,,,yes,Joan,
4474,name,s_GENERATE_name_human_first_name,name,,,,,yes,Jean,
4475,name,s_GENERATE_name_human_first_name,name,,,,,yes,Lacy,
4476,name,s_GENERATE_name_human_first_name,name,,,,,yes,Lillian,
4477,name,s_GENERATE_name_human_first_name,name,,,,,yes,Liza,
4478,name,s_GENERATE_name_human_first_name,name,,,,,yes,Luisa,
4479,name,s_GENERATE_name_human_first_name,name,,,,,yes,Lucille,
4480,name,s_GENERATE_name_human_first_name,name,,,,,yes,Lucinda,
4481,name,s_GENERATE_name_human_first_name,name,,,,,yes,Marilyn,
4482,name,s_GENERATE_name_human_first_name,name,,,,,yes,Maureen,
4483,name,s_GENERATE_name_human_first_name,name,,,,,yes,Nanette,
4484,name,s_GENERATE_name_human_first_name,name,,,,,yes,Nellie,
4485,name,s_GENERATE_name_human_first_name,name,,,,,yes,Octavia,
4486,name,s_GENERATE_name_human_first_name,name,,,,,yes,Olive,
4487,name,s_GENERATE_name_human_first_name,name,,,,,yes,Opal,
4488,name,s_GENERATE_name_human_first_name,name,,,,,yes,Patricia,
4489,name,s_GENERATE_name_human_first_name,name,,,,,yes,Penelope,
4490,name,s_GENERATE_name_human_first_name,name,,,,,yes,Phyllis,
4491,name,s_GENERATE_name_human_first_name,name,,,,,yes,Pollyanna,
4492,name,s_GENERATE_name_human_first_name,name,,,,,yes,Priscilla,
4493,name,s_GENERATE_name_human_first_name,name,,,,,yes,Prudence,
4494,name,s_GENERATE_name_human_first_name,name,,,,,yes,Rhea,
4495,name,s_GENERATE_name_human_first_name,name,,,,,yes,Rosa,
4496,name,s_GENERATE_name_human_first_name,name,,,,,yes,Rose,
4497,name,s_GENERATE_name_human_first_name,name,,,,,yes,Rosalind,
4498,name,s_GENERATE_name_human_first_name,name,,,,,yes,Rosamund,
4499,name,s_GENERATE_name_human_first_name,name,,,,,yes,Rosemary,
4500,name,s_GENERATE_name_human_first_name,name,,,,,yes,Sandra,
4501,name,s_GENERATE_name_human_first_name,name,,,,,yes,Scarlet,
4502,name,s_GENERATE_name_human_first_name,name,,,,,yes,Selma,
4503,name,s_GENERATE_name_human_first_name,name,,,,,yes,Sue,
4504,name,s_GENERATE_name_human_first_name,name,,,,,yes,Susan,
4505,name,s_GENERATE_name_human_first_name,name,,,,,yes,Susannah,
4506,name,s_GENERATE_name_human_first_name,name,,,,,yes,Sylvia,
4507,name,s_GENERATE_name_human_first_name,name,,,,,yes,Tabitha,
4508,name,s_GENERATE_name_human_first_name,name,,,,,yes,Trudy,
4509,name,s_GENERATE_name_human_first_name,name,,,,,yes,Ursula,
4510,name,s_GENERATE_name_human_first_name,name,,,,,yes,Valentina,
4511,name,s_GENERATE_name_human_first_name,name,,,,,yes,Vera,
4512,name,s_GENERATE_name_human_first_name,name,,,,,yes,Viola,
4513,name,s_GENERATE_name_human_first_name,name,,,,,yes,Wanda,
4514,name,s_GENERATE_name_human_last_name,name,,,,,yes,Adams,
4515,name,s_GENERATE_name_human_last_name,name,,,,,yes,Adoniram,
4516,name,s_GENERATE_name_human_last_name,name,,,,,yes,Angell,
4517,name,s_GENERATE_name_human_last_name,name,,,,,yes,Angstrom,
4518,name,s_GENERATE_name_human_last_name,name,,,,,yes,Akeley,
4519,name,s_GENERATE_name_human_last_name,name,,,,,yes,Allison,
4520,name,s_GENERATE_name_human_last_name,name,,,,,yes,Armitage,
4521,name,s_GENERATE_name_human_last_name,name,,,,,yes,Atwood,
4522,name,s_GENERATE_name_human_last_name,name,,,,,yes,Ashley,
4523,name,s_GENERATE_name_human_last_name,name,,,,,yes,Babson,
4524,name,s_GENERATE_name_human_last_name,name,,,,,yes,Barnaby,
4525,name,s_GENERATE_name_human_last_name,name,,,,,yes,Birch,
4526,name,s_GENERATE_name_human_last_name,name,,,,,yes,Bixby,
4527,name,s_GENERATE_name_human_last_name,name,,,,,yes,Blake,
4528,name,s_GENERATE_name_human_last_name,name,,,,,yes,Blayne,
4529,name,s_GENERATE_name_human_last_name,name,,,,,yes,Bohm,
4530,name,s_GENERATE_name_human_last_name,name,,,,,yes,Bowen,
4531,name,s_GENERATE_name_human_last_name,name,,,,,yes,Bradley,
4532,name,s_GENERATE_name_human_last_name,name,,,,,yes,Briden,
4533,name,s_GENERATE_name_human_last_name,name,,,,,yes,Boyle,
4534,name,s_GENERATE_name_human_last_name,name,,,,,yes,Brightholme,
4535,name,s_GENERATE_name_human_last_name,name,,,,,yes,Billington,
4536,name,s_GENERATE_name_human_last_name,name,,,,,yes,Canfield,
4537,name,s_GENERATE_name_human_last_name,name,,,,,yes,Castaigne,
4538,name,s_GENERATE_name_human_last_name,name,,,,,yes,Chambers,
4539,name,s_GENERATE_name_human_last_name,name,,,,,yes,Chalmers,
4540,name,s_GENERATE_name_human_last_name,name,,,,,yes,Copeland,
4541,name,s_GENERATE_name_human_last_name,name,,,,,yes,Clapman,
4542,name,s_GENERATE_name_human_last_name,name,,,,,yes,Colum,
4543,name,s_GENERATE_name_human_last_name,name,,,,,yes,Clarendon,
4544,name,s_GENERATE_name_human_last_name,name,,,,,yes,Corsi,
4545,name,s_GENERATE_name_human_last_name,name,,,,,yes,Capwell,
4546,name,s_GENERATE_name_human_last_name,name,,,,,yes,Chapman,
4547,name,s_GENERATE_name_human_last_name,name,,,,,yes,Czanek,
4548,name,s_GENERATE_name_human_last_name,name,,,,,yes,Carter,
4549,name,s_GENERATE_name_human_last_name,name,,,,,yes,Crow,
4550,name,s_GENERATE_name_human_last_name,name,,,,,yes,Crucian,
4551,name,s_GENERATE_name_human_last_name,name,,,,,yes,Carr,
4552,name,s_GENERATE_name_human_last_name,name,,,,,yes,Curwen,
4553,name,s_GENERATE_name_human_last_name,name,,,,,yes,Davies,
4554,name,s_GENERATE_name_human_last_name,name,,,,,yes,Davenport,
4555,name,s_GENERATE_name_human_last_name,name,,,,,yes,Derby,
4556,name,s_GENERATE_name_human_last_name,name,,,,,yes,Dewart,
4557,name,s_GENERATE_name_human_last_name,name,,,,,yes,Dexter,
4558,name,s_GENERATE_name_human_last_name,name,,,,,yes,Desrochers,
4559,name,s_GENERATE_name_human_last_name,name,,,,,yes,Donovan,
4560,name,s_GENERATE_name_human_last_name,name,,,,,yes,Doyle,
4561,name,s_GENERATE_name_human_last_name,name,,,,,yes,Dombrowski,
4562,name,s_GENERATE_name_human_last_name,name,,,,,yes,Drowne,
4563,name,s_GENERATE_name_human_last_name,name,,,,,yes,Dyer,
4564,name,s_GENERATE_name_human_last_name,name,,,,,yes,Elwood,
4565,name,s_GENERATE_name_human_last_name,name,,,,,yes,Elton,
4566,name,s_GENERATE_name_human_last_name,name,,,,,yes,Eddy,
4567,name,s_GENERATE_name_human_last_name,name,,,,,yes,Feeney,
4568,name,s_GENERATE_name_human_last_name,name,,,,,yes,Feery,
4569,name,s_GENERATE_name_human_last_name,name,,,,,yes,Fenner,
4570,name,s_GENERATE_name_human_last_name,name,,,,,yes,Franklyn,
4571,name,s_GENERATE_name_human_last_name,name,,,,,yes,Frayser,
4572,name,s_GENERATE_name_human_last_name,name,,,,,yes,Freeborn,
4573,name,s_GENERATE_name_human_last_name,name,,,,,yes,Garrison,
4574,name,s_GENERATE_name_human_last_name,name,,,,,yes,Galvez,
4575,name,s_GENERATE_name_human_last_name,name,,,,,yes,Gardner,
4576,name,s_GENERATE_name_human_last_name,name,,,,,yes,Geoffrey,
4577,name,s_GENERATE_name_human_last_name,name,,,,,yes,Guerrera,
4578,name,s_GENERATE_name_human_last_name,name,,,,,yes,Grimlan,
4579,name,s_GENERATE_name_human_last_name,name,,,,,yes,Gustau,
4580,name,s_GENERATE_name_human_last_name,name,,,,,yes,Halsey,
4581,name,s_GENERATE_name_human_last_name,name,,,,,yes,Hathorne,
4582,name,s_GENERATE_name_human_last_name,name,,,,,yes,Herrero,
4583,name,s_GENERATE_name_human_last_name,name,,,,,yes,Hoag,
4584,name,s_GENERATE_name_human_last_name,name,,,,,yes,Heinrich,
4585,name,s_GENERATE_name_human_last_name,name,,,,,yes,Hutchinson,
4586,name,s_GENERATE_name_human_last_name,name,,,,,yes,Hoadley,
4587,name,s_GENERATE_name_human_last_name,name,,,,,yes,Iwanicki,
4588,name,s_GENERATE_name_human_last_name,name,,,,,yes,Jermyn,
4589,name,s_GENERATE_name_human_last_name,name,,,,,yes,Johansen,
4590,name,s_GENERATE_name_human_last_name,name,,,,,yes,Keezar,
4591,name,s_GENERATE_name_human_last_name,name,,,,,yes,Klenze,
4592,name,s_GENERATE_name_human_last_name,name,,,,,yes,Keane,
4593,name,s_GENERATE_name_human_last_name,name,,,,,yes,Kirowan,
4594,name,s_GENERATE_name_human_last_name,name,,,,,yes,Lake,
4595,name,s_GENERATE_name_human_last_name,name,,,,,yes,Lapham,
4596,name,s_GENERATE_name_human_last_name,name,,,,,yes,Lillibridge,
4597,name,s_GENERATE_name_human_last_name,name,,,,,yes,Legrasse,
4598,name,s_GENERATE_name_human_last_name,name,,,,,yes,Malkowski,
4599,name,s_GENERATE_name_human_last_name,name,,,,,yes,Manton,
4600,name,s_GENERATE_name_human_last_name,name,,,,,yes,Mather,
4601,name,s_GENERATE_name_human_last_name,name,,,,,yes,Mazurewicz,
4602,name,s_GENERATE_name_human_last_name,name,,,,,yes,McGregor,
4603,name,s_GENERATE_name_human_last_name,name,,,,,yes,Mackenzie,
4604,name,s_GENERATE_name_human_last_name,name,,,,,yes,Menize,
4605,name,s_GENERATE_name_human_last_name,name,,,,,yes,Merluzzo,
4606,name,s_GENERATE_name_human_last_name,name,,,,,yes,Moreland,
4607,name,s_GENERATE_name_human_last_name,name,,,,,yes,Monahan,
4608,name,s_GENERATE_name_human_last_name,name,,,,,yes,Montagny,
4609,name,s_GENERATE_name_human_last_name,name,,,,,yes,Morrison,
4610,name,s_GENERATE_name_human_last_name,name,,,,,yes,Munoz,
4611,name,s_GENERATE_name_human_last_name,name,,,,,yes,Norrys,
4612,name,s_GENERATE_name_human_last_name,name,,,,,yes,Noyes,
4613,name,s_GENERATE_name_human_last_name,name,,,,,yes,Orne,
4614,name,s_GENERATE_name_human_last_name,name,,,,,yes,Olmstead,
4615,name,s_GENERATE_name_human_last_name,name,,,,,yes,Parker,
4616,name,s_GENERATE_name_human_last_name,name,,,,,yes,Peaslee,
4617,name,s_GENERATE_name_human_last_name,name,,,,,yes,Phelan,
4618,name,s_GENERATE_name_human_last_name,name,,,,,yes,Pierce,
4619,name,s_GENERATE_name_human_last_name,name,,,,,yes,Potter,
4620,name,s_GENERATE_name_human_last_name,name,,,,,yes,Pabodie,
4621,name,s_GENERATE_name_human_last_name,name,,,,,yes,Pickman,
4622,name,s_GENERATE_name_human_last_name,name,,,,,yes,Raabe,
4623,name,s_GENERATE_name_human_last_name,name,,,,,yes,Regan,
4624,name,s_GENERATE_name_human_last_name,name,,,,,yes,Ricci,
4625,name,s_GENERATE_name_human_last_name,name,,,,,yes,Robinson,
4626,name,s_GENERATE_name_human_last_name,name,,,,,yes,Rodriguez,
4627,name,s_GENERATE_name_human_last_name,name,,,,,yes,Roulet,
4628,name,s_GENERATE_name_human_last_name,name,,,,,yes,Sargent,
4629,name,s_GENERATE_name_human_last_name,name,,,,,yes,Sawyer,
4630,name,s_GENERATE_name_human_last_name,name,,,,,yes,Schmidt,
4631,name,s_GENERATE_name_human_last_name,name,,,,,yes,Seaton,
4632,name,s_GENERATE_name_human_last_name,name,,,,,yes,Silva,
4633,name,s_GENERATE_name_human_last_name,name,,,,,yes,Schneider,
4634,name,s_GENERATE_name_human_last_name,name,,,,,yes,Stowacki,
4635,name,s_GENERATE_name_human_last_name,name,,,,,yes,Thorfinnsen,
4636,name,s_GENERATE_name_human_last_name,name,,,,,yes,Tillinghast,
4637,name,s_GENERATE_name_human_last_name,name,,,,,yes,Tilton,
4638,name,s_GENERATE_name_human_last_name,name,,,,,yes,Titus,
4639,name,s_GENERATE_name_human_last_name,name,,,,,yes,Tobey,
4640,name,s_GENERATE_name_human_last_name,name,,,,,yes,Torres,
4641,name,s_GENERATE_name_human_last_name,name,,,,,yes,Traube,
4642,name,s_GENERATE_name_human_last_name,name,,,,,yes,Trevor,
4643,name,s_GENERATE_name_human_last_name,name,,,,,no,Upton,
4644,name,s_GENERATE_name_human_last_name,name,,,,,yes,Updike,
4645,name,s_GENERATE_name_human_last_name,name,,,,,yes,Upham,
4646,name,s_GENERATE_name_human_last_name,name,,,,,yes,Verhaeren,
4647,name,s_GENERATE_name_human_last_name,name,,,,,yes,Webb,
4648,name,s_GENERATE_name_human_last_name,name,,,,,yes,West,
4649,name,s_GENERATE_name_human_last_name,name,,,,,yes,Whateley,
4650,name,s_GENERATE_name_human_last_name,name,,,,,yes,Williamson,
4651,name,s_GENERATE_name_human_last_name,name,,,,,yes,Wentworth,
4652,name,s_GENERATE_name_human_last_name,name,,,,,yes,Wilmarth,
4653,name,s_GENERATE_name_human_last_name,name,,,,,yes,Wilson,
4654,name,s_GENERATE_name_human_last_name,name,,,,,yes,Wilcox,
4655,name,s_GENERATE_name_human_last_name,name,,,,,yes,Wolejko,
4656,name,s_GENERATE_name_human_last_name,name,,,,,yes,Woodville,
4657,name,s_GENERATE_name_human_last_name,name,,,,,yes,Zann,
4658,name,s_GENERATE_name_human_last_name,name,,,,,yes,Zimmer,
4664,name,s_GENERATE_name_spell,name,,,,,no,Music,
4665,name,s_GENERATE_name_spell,name,,,,,yes,Song,
4666,name,s_GENERATE_name_spell,name,,,,,yes,Voice,
4667,name,s_GENERATE_name_spell,name,,,,,yes,Observance,
4668,name,s_GENERATE_name_spell,name,,,,,yes,Melody,
4669,name,s_GENERATE_name_spell,name,,,,,yes,Sound,
4670,name,s_GENERATE_name_spell,name,,,,,yes,Singing,
4671,name,s_GENERATE_name_spell,name,,,,,yes,Dance,
4672,name,s_GENERATE_name_spell,name,,,,,yes,Chord,
4673,name,s_GENERATE_name_spell,name,,,,,yes,Harmony,
4674,name,s_GENERATE_name_spell,name,,,,,yes,Poetry,
4675,name,s_GENERATE_name_spell,name,,,,,yes,Noise,
4676,name,s_GENERATE_name_spell,name,,,,,yes,Vocal,
4677,name,s_GENERATE_name_spell,name,,,,,yes,Rhythm,
4678,name,s_GENERATE_name_spell,name,,,,,yes,Trance,
4679,name,s_GENERATE_name_spell,name,,,,,yes,Ritual,
4680,name,s_GENERATE_name_spell,name,,,,,yes,Rite,
4681,name,s_GENERATE_name_spell,name,,,,,yes,Celebration,
4682,name,s_GENERATE_name_spell,name,,,,,yes,Ceremony,
4683,name,s_GENERATE_name_spell,name,,,,,yes,Liturgy,
4684,name,s_GENERATE_name_spell,name,,,,,yes,Vow ,
4685,name,s_GENERATE_name_spell,name,,,,,yes,Worship,
4686,name,s_GENERATE_name_spell,name,,,,,yes,Communion,
4687,name,s_GENERATE_name_spell,name,,,,,yes,Sacrament,
4688,name,s_GENERATE_name_spell,name,,,,,yes,Invocation,
4689,name,s_GENERATE_name_spell,name,,,,,no,Spell,
4690,name,s_GENERATE_name_spell,name,,,,,yes,Incantation,
4691,name,s_GENERATE_name_spell,name,,,,,yes,Chant,
4692,name,s_GENERATE_name_spell,name,,,,,yes,Witchery,
4693,name,s_GENERATE_name_spell,name,,,,,yes,Carol,
4694,name,s_GENERATE_name_spell,name,,,,,yes,Chorus,
4695,name,s_GENERATE_name_spell,name,,,,,yes,Hymn,
4696,name,s_GENERATE_name_spell,name,,,,,yes,Canticle,
4697,name,s_GENERATE_name_spell,name,,,,,yes,Prayer,
4698,name,s_GENERATE_name_spell,name,,,,,yes,Verse,
4699,name,s_GENERATE_name_spell,name,,,,,yes,Ode,
4700,name,s_GENERATE_name_spell,name,,,,,yes,Litany,
4701,name,s_GENERATE_name_spell,name,,,,,yes,Choral,
4702,name,s_GENERATE_name_spell,name,,,,,yes,Psalm,
4703,name,s_GENERATE_name_spell,name,,,,,yes,Nocturne,
4704,name,s_GENERATE_name_spell,name,,,,,yes,Psalmody,
4705,name,s_GENERATE_name_spell,name,,,,,yes,Rhapsody,
4706,name,s_GENERATE_name_spell,name,,,,,yes,Serenade,
4707,name,s_GENERATE_name_spell,name,,,,,yes,Anthem,
4708,name,s_GENERATE_name_spell,name,,,,,yes,Lullaby,
4709,name,s_GENERATE_name_spell,name,,,,,yes,Refrain,
4710,name,s_GENERATE_name_spell,name,,,,,yes,Baptism,
4711,name,s_GENERATE_name_spell,name,,,,,yes,Performance,
4712,name,s_GENERATE_name_spell,name,,,,,yes,Ostentation,
4713,name,s_GENERATE_name_spell,name,,,,,yes,Symphony,
4714,name,s_GENERATE_name_spell,name,,,,,yes,Jingle,
4715,name,s_GENERATE_name_spell,name,,,,,yes,Choreography,
4716,name,s_GENERATE_name_spell,name,,,,,yes,Spectacle,
4717,name,s_GENERATE_name_spell,name,,,,,yes,Plainsong,
4718,name,s_GENERATE_name_spell,name,,,,,yes,Plainchant,
4719,name,s_GENERATE_name_spell,name,,,,,yes,Recital,
4720,name,s_GENERATE_name_spell,name,,,,,yes,Offering,
4721,name,s_GENERATE_name_spell,name,,,,,yes,Harmonics,
4722,name,s_GENERATE_name_spell,name,,,,,yes,Overtones,
4723,name,s_GENERATE_name_spell,name,,,,,yes,Act,
4724,name,s_GENERATE_name_spell,name,,,,,yes,Recountal,
4725,name,s_GENERATE_name_spell,name,,,,,yes,Oration,
4726,name,s_GENERATE_name_spell,name,,,,,yes,Sermon,
4727,name,s_GENERATE_name_spell,name,,,,,yes,Ballad,
4728,name,s_GENERATE_name_spell,name,,,,,yes,Shanty,
4729,name,s_GENERATE_name_spell,name,,,,,yes,Chorale,
4730,name,s_GENERATE_name_spell,name,,,,,yes,Poem,
4731,name,s_GENERATE_name_spell,name,,,,,yes,Poesy,
4732,name,s_GENERATE_name_spell,name,,,,,yes,Lyric,
4733,name,s_GENERATE_name_spell,name,,,,,yes,Rhyme,
4734,name,s_GENERATE_name_spell,name,,,,,yes,Limerick,
4735,name,s_GENERATE_name_spell,name,,,,,yes,Rendition,
4736,name,s_GENERATE_name_spell,name,,,,,yes,Portrayal,
4737,name,s_GENERATE_name_spell,name,,,,,yes,Enactment,
4738,name,s_GENERATE_name_spell,name,,,,,yes,Recitation,
4739,name,s_GENERATE_name_spell,name,,,,,yes,Revelation,
4740,name,s_GENERATE_name_spell,name,,,,,yes,Conjuration,
4741,name,s_GENERATE_name_spell,name,,,,,yes,Blessing,
4742,name,s_GENERATE_name_spell,name,,,,,yes,Deliverance,
4743,name,s_GENERATE_name_spell,name,,,,,yes,Enchantment,
4744,name,s_GENERATE_name_spell,name,,,,,yes,Bewitchment,
4745,name,s_GENERATE_name_spell,name,,,,,yes,Sorcery,
4746,name,s_GENERATE_name_spell,name,,,,,yes,Conjuring,
4747,name,s_GENERATE_name_spell,name,,,,,yes,Devilry,
4748,name,s_GENERATE_name_spell,name,,,,,yes,Petition,
4749,name,s_GENERATE_name_spell,name,,,yes,,yes,Wizardry,
4750,name,s_GENERATE_name_spell,name,,,yes,,yes,Divination,
4751,name,s_GENERATE_name_spell,name,,,yes,,yes,Thaumaturgy,
4752,name,s_GENERATE_name_spell,name,,,yes,,yes,Bewitchery,
4753,name,s_GENERATE_name_spell,name,,,yes,,yes,Theurgy,
4754,name,s_GENERATE_name_spell,name,,,yes,,yes,Diablerie,
13747,story,s_STORY_cats_01,event,516,font_m,,,yes,"A chill creeps up your spine as the sound reaches your ears. Whispers seem to come from all around you. The hairs on your forearms stand up. A shiver runs through you, creeping up from your feet to your neck.",
13748,story,s_STORY_cats_01,event,516,font_m,,,yes,"You glance around, trying to pinpoint the source. The world around you seems to shift, the edges of your vision warping in subtle ways. You feel as though something is watching you, waiting for a response. Then your gaze falls on them. Cats. They are scattered around the area, each one perched in different spots, their bodies still and their eyes fixed intently on you. There are more of them than usual.",
13749,story,s_STORY_cats_01,event,516,font_m,,,yes,"And then, as quickly as it started, it is gone. The whispers fade, the cats blink in unison, and the moment of oppressive silence passes, leaving you uncertain of what just happened.",
13751,story,s_STORY_cats_02,event,516,font_m,,,yes,"The hiss is sharp and sudden, cutting through the air like a warning. It's followed by a high-pitched yowl - a cry full of pain.",
13752,story,s_STORY_cats_02,event,516,font_m,,{main_he} {main_him} {main_his},yes,"{main_he} is thrashing wildly against the ground, {main_his} back arched in a defensive posture, {main_his} eyes filled with frantic terror. {main_his} claws tear into the dirt and stone beneath {main_him} as {main_he} struggles against something unseen, {main_his} body twitching with every frantic motion.",
13753,story,s_STORY_cats_02,event,516,font_m,,{main_he},yes,"There's nothing there - nothing you can see with your own eyes - but the cat's violent reaction suggests otherwise. {main_he} is engaged in a fight, a battle that seems to have no foe, no opponent that can be perceived by the human eye. {main_he} is fighting something that only {main_he} can see, or feel.",
13754,story,s_STORY_cats_02,event,516,font_m,,{main_he} {main_his},yes,"{main_his} claws tear the air with a final, desperate swipe, {main_his} body jerking and convulsing as if in the throes of some final, unseen battle. Then, with a sharp, ragged yowl, the struggle ceases. {main_he} lies there for a moment, trembling uncontrollably, eyes wide, still haunted by whatever {main_he} fought against, whatever {main_he} had been attempting to ward off.",
13756,story,s_STORY_cats_03,event,516,font_m,,{main_he} {main_him} {main_his},yes,"A strange sense of unease tightens around you as you stare at {main_him}. Something is not right. {main_his} shadow does not match {main_his} movements. Where the {main_he} moves {main_his} shadow lingers on the ground, stretching in ways that should not be possible. It doesn't follow {main_his} motions. It waits a beat too long, hanging in the air as if caught between moments, as though its own mind.",
13757,story,s_STORY_cats_03,event,516,font_m,,,yes,"The shadow is wrong. The edges blur and darken in ways that should not be, like ink spilling into water, spreading and deepening. The shadow seems to be pulling itself out of shape, as though it is trying to tear itself away from the constraints of the cat's body.",
13759,story,s_STORY_cats_04,event,516,font_m,,,yes,"All day, there has been something undeniably strange about the cats. Every time you glance at them, their eyes never stray too far from the horizon, always focused on the expanse of the ocean.",
13760,story,s_STORY_cats_04,event,516,font_m,,,yes,"The cats have always been a fixture of the village - their presence familiar, almost comforting. But today, these cats are intent, their eyes locked on something far off in the distance beyond the shore. What do they know? What are they waiting for?",
13762,story,s_STORY_cats_05,event,516,font_m,,,yes,"The first yowl rings out - sharp, and unnatural in its intensity. It's not the usual feline cry, but an elongated wail that sends a tremor through the air. Another yowl joins in, and then another, and another.",
13763,story,s_STORY_cats_05,event,516,font_m,,,yes,"At first, the yowls are disjointed, like the desperate cries of cats in pain. But soon, they begin to synchronize. One yowl merges into the next, harmonizing in a discordant rhythm, as if each cat's voice is an instrument in some strange symphony.",
13764,story,s_STORY_cats_05,event,516,font_m,,,yes,"Your pulse quickens as the sound grows louder, the cats' yowls enveloping you completely. Your thoughts flicker and fade, drawn toward the sound, drawn toward the horizon where the cats are gazing. The sea begins to stir, the waves shifting in time with the yowling, their movements synchronized to the rhythm of the cats' chorus. The yowls reach a crescendo, a piercing note, and everything stops.",
13766,story,s_STORY_cats_06,event,516,font_m,,,yes,"Two cats face off, their bodies low to the ground, hackles raised. Their fur bristles, and their tails flick with erratic agitation. They hiss at each other.",
13767,story,s_STORY_cats_06,event,516,font_m,,,yes,"One cat holds shell in its mouth. As you peer closer, you realize it is far more intricate than any shell you've ever seen. The object is smooth, its surface iridescent. It's not a shell that belongs to any common creature, not from any ordinary ocean or shore. The more you look at it, the more you sense that it doesn't belong in this world at all.",
13768,story,s_STORY_cats_06,event,516,font_m,,,yes,"The cat with the shell shakes its head, flicking its tail, its body jerking with agitation, clearly unwilling to relinquish its prize. The other cat growls low in its throat, a sound almost like a rumble, and takes a step forward, daring the other to move.",
13769,story,s_STORY_cats_06,event,516,font_m,,,yes,"Neither cat seems willing to back down, both hissing in short, sharp bursts. But then, just as suddenly as the conflict began, it seems to evaporate. Both cats step back, their eyes narrowing, and with one last, frustrated hiss, they turn and bolt in opposite directions.",
13771,story,s_STORY_cats_07,event,516,font_m,,{main_he} {main_his},yes,"{main_his} eyes lock onto yours, {main_his} pupils narrowing into thin slits as {main_he} stares. A strangled sound rises from {main_his} throat. {main_his} body stiffens, {main_his} fur bristling as {main_he} leans forward with an almost violent urgency. You can see {main_his} throat convulse, as {main_he} is trying to force something out.",
13772,story,s_STORY_cats_07,event,516,font_m,,{main_he} {main_his},yes,"With a gagging sound, the cat's mouth opens. The grotesque scene unfolds slowly, the cat's jaw twitching as it coughs something up. A human finger drop heavily to the ground at your feet. {main_he} steps back, {main_his} eyes never leaving yours. {main_he} makes a strange noise, before turning swiftly and disappearing.",
13774,story,s_STORY_cats_08,event,516,font_m,,{main_he} {main_his},yes,"{main_he} shifts uncomfortably as {main_he} recounts the events. The tired lines on {main_his} face deepen with every word. {main_his} entire houshold had been kept awake for hours the previous night, the relentless thud of paws against wooden floors echoing through the dark house, disturbing the silence of the night.",
13775,story,s_STORY_cats_08,event,516,font_m,,{main_he},yes,"{main_he} recounts how the cats had surged through the house, streaking across rooms, moving with a frantic purpose. Their claws scraped against the floorboards, their bodies skittering from one room to the next, their incessant racing never stopping, never letting up. Every time they tried to sleep, tried to find peace, the cats would dart by, their fur brushing past in the dark, their eyes gleaming. The cats were relentless.",
13776,story,s_STORY_cats_08,event,516,font_m,,{main_he},yes,"And it wasn't just his household - {main_he} has heard similar complaints from others in the village. People's homes have become battlegrounds, their sleep interrupted by the same relentless scourge.",
13778,story,s_STORY_cats_09,event,516,font_m,,{main_he} {main_him} {main_his},yes,"{main_he} moves in a slow, deliberate circle, {main_his} paws padding softly against the worn wooden floorboards. At first, you think {main_he} is just preparing to settle, as cats often do before lying down. But something in the pattern of {main_his} movement keeps your eyes fixed on {main_him}. Then, your gaze falls to the floor, and you notice it.",
13779,story,s_STORY_cats_09,event,516,font_m,,,yes,"The wood beneath the cat's feet is marked. It's a spiral. Around it, jagged lines radiate outward like fractured rays of light. The carvings are shallow but precise. The longer you stare, the more the symbol seems to shift, the spiral appearing to turn inward, deeper. It pulls at your gaze, and you have to force yourself to look away before vertigo overtakes you.",
13780,story,s_STORY_cats_09,event,516,font_m,,,yes,"The cat continues its slow circuit, never stepping directly onto the symbol, always pacing its perimeter.",
13782,story,s_STORY_cats_10,event,516,font_m,,{main_him},yes,"The stench hits you before you even notice {main_him}. It's a foul odor, thick with the sour tang of decay and the salty bite of brine. It crawls into your nostrils and refuses to leave. Your first instinct is to look around for the source - a rotting fish left too long in the sun, perhaps, but then your eyes land on the cat.",
13783,story,s_STORY_cats_10,event,516,font_m,,{main_he} {main_his},yes,"{main_he} sits a few feet away, {main_his} fur damp, patches of it clumped together as if {main_he} had recently emerged from the sea. The source of the stench becomes unmistakable as the {main_he} shifts, {main_his} body twisting slightly to regard you.",
13784,story,s_STORY_cats_10,event,516,font_m,,,yes,"As the cat moves closer, the smell intensifies, rolling off it in waves. The cat pauses, sitting back on its haunches, and begins to clean itself with deliberate, languid licks.",
13786,story,s_STORY_cats_11,event,516,font_m,,{main_he} {main_his},yes,"At first glance, the cat seems ordinary enough. But you notice something peculiar. {main_his} fur isn't sleek or soft as you'd expect, but instead appears dull and mottled. {main_his} body is dusted in a pale, grayish film, clinging to {main_his} fur like a second skin. The faint scent of damp earth and rot wafts toward you. It's the smell of mold. {main_he} shifts slightly, and the dust moves with it, releasing a fine, almost imperceptible cloud into the air.",
13788,story,s_STORY_cats_12,event,516,font_m,,{main_he} {main_his},yes,"{main_he} brushes {main_his} head against the corner of the house. As {main_he} presses against the wood, you notice the patch of black, fuzzy mold clinging to the surface.",
13789,story,s_STORY_cats_12,event,516,font_m,,{main_his},yes,"It spreads unevenly across the corner, its texture dark and damp. The way it moves under {main_his} touch is unsettling - it seems to ripple slightly, like fur caught in a faint breeze. The cat, however, seems unconcerned, {main_his} head pressing against the corner with increasing force, {main_his} fur picking up faint streaks of the black fuzz. You can see the spores scatter lightly into the air, an almost invisible mist.",
13791,story,s_STORY_cats_13,event,516,font_m,,{main_he} {main_his},yes,"{main_his} paws are working rhythmically as {main_he} kneads. The object of {main_his} attention seems to be another cat - a black one, lying motionless beneath {main_his} insistent movements. At first, it seems like nothing more than a simple interaction between the two animals. But something about the scene feels off.",
13792,story,s_STORY_cats_13,event,516,font_m,,{main_his},yes,"The 'black cat' doesn't shift under the touch of the {main_his} paws. It doesn't blink, doesn't breathe. Its surface is absorbing light in a way that feels unnatural. Then, as you look closer, you realize it's not fur at all - there's no texture, no substance. The supposed black cat isn't an animal at all, but something else entirely, something darker.",
13793,story,s_STORY_cats_13,event,516,font_m,,{main_he} {main_his},yes,"It ripples faintly, like the surface of a disturbed pool, and you begin to see its edges blur and distort. Before your eyes, the form begins to dissolve. {main_he} pauses briefly, staring at the spot where the shadow had been, then nonchalantly settles onto {main_his} haunches and begins licking {main_his} paw.",
13795,story,s_STORY_cats_14,event,516,font_m,,{main_he} {main_his},yes,"{main_he} stares at you through the window, {main_his} eyes wide and unblinking. With a quick motion, {main_he} thumps {main_his} paw against the glass with a muffled thud. When the paw lifts off the window, a red stain lingers on the glass where the paw had been. It looks like blood.",
13797,story,s_STORY_cats_15,event,516,font_m,,{main_he} {other_his},yes,"{main_he} missteps and lands his small foot on {other_his} tail. The sharp sound of a tiny cry breaks the quiet. From every direction the surrounding cats react in an instant. It begins as a low growl. Then, as if on command, the cats erupt in a chorus of hissing, all of them, in perfect synchronization.",
13798,story,s_STORY_cats_15,event,516,font_m,,,yes,"The cats, once scattered and disinterested in one another, now move as though they share a single mind. Their eyes narrow to slits, their fur stands on end in ruffled spikes, and every one of them focuses on the child. The moment stretches long, and then, just as abruptly as it began, the hissing dies down.",
13800,story,s_STORY_cats_16,event,516,font_m,,{main_he} {main_his},yes,"{main_he} is curled up, {main_his} body soft and warm, purring contentedly. The sound is a low hum, the kind that soothes and comforts, a pleasant vibration in the air.",
13801,story,s_STORY_cats_16,event,516,font_m,,,yes,"Gradually the purr deepens, its frequency lowering, stretching out into an unnatural resonance. The vibrations are no longer just a sound - they're a sensation, creeping into your bones, and then settling deep within your chest.",
13802,story,s_STORY_cats_16,event,516,font_m,,,yes,"At first, it feels almost soothing. But soon the purring grows deeper, filling your ears and chest with a rhythmic, throbbing pressure. Your heart, once steady, begins to pick up speed, the beats quickening to match the unsettling pulse. Then discomfort starts to set in. The vibrations press harder and your chest tightens.",
13803,story,s_STORY_cats_16,event,516,font_m,,,yes,"You try to breathe deeply, but the pressure is too much. The rhythmic hum grows into a deep ache that intensifies with every moment. Just as it becomes unbearable, as your heart seems to strain against the unnatural rhythm, the purring suddenly stops. You're left gasping for breath, your chest aching with the residual pressure.",
13807,story,s_STORY_cats_18,event,516,font_m,,{main_he} {main_him} {main_his},yes,"{main_he} stands a little apart from you, {main_his} eyes flickering nervously toward the a cat. After a moment, the child shifts from foot to foot, the words {main_he} is about to speak clearly weighing on {main_him}.",
13808,story,s_STORY_cats_18,event,516,font_m,,{main_he} {main_his},yes,"{main_his} mother had said the cat was possessed, that it was something evil. {main_he} mentions how the cat has been licking the same moldy patch in their kitchen for hours. There's something in the way the cat moves, that makes him feel it isn't quite like other cats. The mold, {main_he} says, is spreading, slowly but surely, and it all seems tied to the cat.",
13809,story,s_STORY_cats_18,event,516,font_m,,,yes,"The child doesn't want to be near the cat. is the cat really possessed by something evil, something that's been feeding off the rot in the kitchen?",
13811,story,s_STORY_cats_19,event,516,font_m,,{main_he} {main_his},yes,"{main_he} lies curled in a patch of sunlight that spills across the ground. {main_his} fur seems to shimmer in the light. The cat is sleeping soundly, {main_his} body completely relaxed, {main_his} chest rising and falling with a steady rhythm. But something is wrong.",
13812,story,s_STORY_cats_19,event,516,font_m,,,yes,"Heat radiates from the cat, as though the creature is a living furnace, drawing in the warmth of the world around it and amplifying it. The air near the cat shimmers, warping like a mirage. The closer one gets to the cat, the more oppressive the warmth becomes.",
14626,story,s_STORY_check_death_birth_trauma_friendship,event,516,font_m,,{main_he},yes,{main_he} is buckling under the weight of despair. ,
14627,story,s_STORY_check_death_birth_trauma_friendship,event,516,font_m,,{main_he} {main_his},yes,{main_he} is crumbling under {main_his} despair. ,
14628,story,s_STORY_check_death_birth_trauma_friendship,event,516,font_m,,{main_him},yes,The weight of despair is pressing down on {main_him}. ,
14629,story,s_STORY_check_death_birth_trauma_friendship,event,516,font_m,,{main_he} {main_his},yes,{main_he} is being crushed by the weight of {main_his} despair. ,
14630,story,s_STORY_check_death_birth_trauma_friendship,event,516,font_m,,{main_he} {main_his},yes,{main_he} is succumbing to the oppressive burden of {main_his} despair. ,
14631,story,s_STORY_check_death_birth_trauma_friendship,event,516,font_m,,{main_his},yes,"With {main_his} sense of hope dwindling, ",
14632,story,s_STORY_check_death_birth_trauma_friendship,event,516,font_m,,{main_his},yes,"As {main_his} hope evaporates, ",
14634,story,s_STORY_check_death_birth_trauma_friendship,event,516,font_m,,{main_his},yes,"As {main_his} sense of hope diminishes, ",
14636,story,s_STORY_check_death_birth_trauma_friendship,event,516,font_m,,{main_his},yes,{main_his} outlook grows increasingly grim. ,
14637,story,s_STORY_check_death_birth_trauma_friendship,event,516,font_m,,{main_his},yes,{main_his} view of life turns bleak. ,
14638,story,s_STORY_check_death_birth_trauma_friendship,event,516,font_m,,{main_his},yes,{main_his} perspective on life darkens. ,
14639,story,s_STORY_check_death_birth_trauma_friendship,event,516,font_m,,{main_his},yes,{main_his} view of the world darkens. ,
14640,story,s_STORY_check_death_birth_trauma_friendship,event,516,font_m,,{main_his},yes,{main_his} outlook on life grows dim. ,
14641,story,s_STORY_check_death_birth_trauma_friendship,event,516,font_m,yes,{main_him} {main_his},yes,The shift in {main_his} demeanor leads {main_him} to develop a bad trait: ',
14642,story,s_STORY_check_death_birth_trauma_friendship,event,516,font_m,yes,,yes,This evolving attitude transforms into a firmly entrenched bad trait: ',
14643,story,s_STORY_check_death_birth_trauma_friendship,event,516,font_m,yes,,yes,This change in perspective fosters a well-entrenched bad trait: ',
14644,story,s_STORY_check_death_birth_trauma_friendship,event,516,font_m,yes,{main_his},yes,This shift in {main_his} demeanor solidifies into a bad trait: ',
14645,story,s_STORY_check_death_birth_trauma_friendship,event,516,font_m,yes,,yes,The change in demeanor solidifies into a strongly embedded bad trait: ',
14649,story,s_STORY_check_death_birth_trauma_friendship,event,516,font_m,,{main_he} {main_his} {other_him},yes,{main_his} negative feelings for {other_him} surpass any positive ones. {main_he} no longer sees {other_him} as a friend.,
14650,story,s_STORY_check_death_birth_trauma_friendship,event,516,font_m,,{main_he} {other_him},yes,"The negative emotions {main_he} has towards {other_him} overshadow the positive ones, so {main_he} has stopped viewing {other_him} as a friend.",
14651,story,s_STORY_check_death_birth_trauma_friendship,event,516,font_m,,{main_he} {main_his} {other_him},yes,{main_his} resentment towards {other_him} exceeds {main_his} positive feelings. {main_he} no longer regards {other_him} as a friend,
14652,story,s_STORY_check_death_birth_trauma_friendship,event,516,font_m,,{main_he} {main_his} {other_him},yes,"{main_he} doesn't think of Sam as a friend anymore, because {main_his} adverse feelings towards {other_him} outweigh the good ones.",
14653,story,s_STORY_check_death_birth_trauma_friendship,event,516,font_m,,{main_he} {other_him},yes,{main_he} has stopped thinking of {other_him} as a friend. The negative emotions {main_he} feels about {other_him} dominate over the positive ones.,
14658,story,s_STORY_check_if_outsiders_fleeing,event,516,font_m,,,yes,The outsiders flee the village!,
13814,story,s_STORY_decline_01,event,516,font_m,,,yes,"As you make your way through the village, a peculiar sensation washes over you. Every villager you pass turns to look at you with a strange, unblinking stare.",
13815,story,s_STORY_decline_01,event,516,font_m,,,yes,"Their eyes don't flicker. They don't turn away. They don't even acknowledge your presence in the normal way. There's no polite nod, no friendly greeting, no sign of recognition. Instead, they track you. No matter where you look, the stares follow. It's as if the entire village has become a kind of stage, with you at the center of a play whose script is yet unwritten.",
13817,story,s_STORY_decline_02,event,516,font_m,,,yes,"The sea stretches out endlessly before you, a cold expanse that churns with a eternal rhythm. The air is thick with the smell of salt, the wind tugging at your clothes. The waves break relentlessly against the craggy shore, sending up a fine spray that stings your face.",
13818,story,s_STORY_decline_02,event,516,font_m,,,yes,"At first, you think it's a trick of the light, but as you squint and focus, it becomes clear that there is indeed a man, standing far out from the shore on the water. His posture is unnervingly straight, standing tall and unwavering against the turmoil of the sea. He does not appear to be affected by the rocking of the water beneath him.",
13819,story,s_STORY_decline_02,event,516,font_m,,,yes,"The man slowly raises his arms until his hands meet above his head in an almost ceremonial pose. Then the man begins to sink. His feet, which had been planted solidly in the water, begin to disappear beneath the surface, his body slowly submerging into the depths. The waves do not touch him. The ocean moves around him. He sinks deeper and deeper.",
13820,story,s_STORY_decline_02,event,516,font_m,,,yes,"The man is gone, swallowed by the sea. The ocean is vast, stretching endlessly in every direction, and the place where the figure had stood is now indistinguishable from the rest of the water.",
13822,story,s_STORY_decline_03,event,516,font_m,,,yes,"The rhythmic pull of the waves seems normal at first, just another quiet moment. But then it happens. At first, it's nothing more than a subtle tug. It's as if something has latched onto your ankle. You try to shake it off, to pull your foot free, but the force holding you is no longer gentle.",
13823,story,s_STORY_decline_03,event,516,font_m,,,yes,"Another tug like a hand dragging you down. You inhale a mouthful of saltwater as your body jerks in the struggle, the brine burning in your lungs.",
13824,story,s_STORY_decline_03,event,516,font_m,,,yes,"And then, just as quickly as it started, the grip loosens. You gasp for air, sputtering, your chest heaving with frantic breaths. The pull is gone.",
13827,story,s_STORY_decline_04,event,516,font_m,,,yes,"The air begins to grow colder, a sudden chill. There is a presence, a whisper at the edge of your thoughts. You feel a pull within you, a tightening of something that feels familiar. And then, it comes. A voice.",
13828,story,s_STORY_decline_04,event,516,font_m,,{main_his},yes,"It isn't spoken with words that you can hear clearly, but with a sensation that fills the space around you. It is {main_his} voice, extending from a place where warmth can no longer touch. {main_his} presence stirs something deep within you, a sense of something long buried. {main_his} voice speaks to you with a longing. It carries with it an accusation. It demands what you denied it. It demands warmth.",
13829,story,s_STORY_decline_04,event,516,font_m,,{main_he} {main_him},yes,"{main_he} seems to move closer, and you feel {main_him}, close enough now that {main_he} is no longer just a whisper in your mind.",
13831,story,s_STORY_decline_05,event,516,font_m,,,yes,"A light pressure on your shoulder, barely perceptible. You feel a presence just behind you. You instinctively turn.",
13832,story,s_STORY_decline_05,event,516,font_m,,,yes,There is nothing. No one.,
13834,story,s_STORY_decline_06,event,516,font_m,,,yes,"You walk past a mirror. Your reflection catches your eye, but there's something wrong. The image staring back at you is not quite your own. It's you, but not you. The face is gaunt, hollowed out, as if drained of all vitality. The skin is sickly pale, and the eyes are dull.",
13835,story,s_STORY_decline_06,event,516,font_m,,,yes,"The figure in the mirror moves when you move, but there's a dissonance, a lag, as if it doesn't quite belong to you anymore, as though it is struggling to mimic your actions.",
13836,story,s_STORY_decline_06,event,516,font_m,,,yes,"The mouth opens in a silent scream, an unnatural contortion of lips, but the sound doesn't reach your ears. You turn away quickly.",
13838,story,s_STORY_decline_07,event,516,font_m,,,yes,"The evening light is dim, the world around you bathed in an otherworldly glow. Something catches your eye - a faint shimmering, like threads of light stretching across the sky. As you look closer, the threads become more distinct, stretching out like invisible tendrils, connecting everyone around you.",
13839,story,s_STORY_decline_07,event,516,font_m,,,yes,"They appear to be linked to the backs of their heads, winding upwards, vanishing into the distance. The world is suddenly full of these delicate connections, an invisible web that binds everyone together. The strings, they're connected to you too. You can feel them. The sense of being part of something infinite fills you with dread.",
13842,story,s_STORY_decline_08,event,516,font_m,,{main_his},yes,"{main_his} voice rises into the air, pure and sweet. The melody is haunting, like a lullaby sung by the wind. Each note rings clear. As you listen the atmosphere around you begins to shift. The light grows dimmer. {main_his} voice begins to echo in a way that feels off. The beauty remains, but it is tinged with something darker.",
13843,story,s_STORY_decline_08,event,516,font_m,,{main_he} {main_him},yes,"The ground beneath {main_him} begins to ripple. The light continues to fade. From beneath something begins to stir. An opening, black as midnight, yawns wide. {main_he} is drawn downward into it. The song echoes now, distorted, stretching the sound into something unrecognizable. The hole closes behind {main_him}, a gaping mouth that swallows everything. The song is gone.",
13845,story,s_STORY_decline_09,event,516,font_m,,,yes,"A mirror catches your attention, showing a familiar yet unfamiliar face. The reflection in the glass feels somehow removed, as if the person in the mirror is someone else.",
13846,story,s_STORY_decline_09,event,516,font_m,,,yes,"Those eyes - sharp and  unblinking - seem to bore into you. A smile curves on the reflection's lips, unsettling, a grin that seems to stretch a little too wide. You cannot tell if you are smiling or if it is smiling on its own. Your fingers lift instinctively to your own face.",
13847,story,s_STORY_decline_09,event,516,font_m,,,yes,The smile is not there.,
13849,story,s_STORY_decline_10,event,516,font_m,,,yes,"For much of the day, you've felt the weight of eyes upon you, a strange tension in the air whenever you cross paths with others. Another glance, this one more obvious than the rest, catches your attention. Instinctively you look down at yourself.",
13850,story,s_STORY_decline_10,event,516,font_m,,,yes,"A dark, red stain marks the fabric of your clothes, spreading across your chest. It's wet and though it's almost black, there's no mistaking it. It's blood. You don't felt any pain, no wound to explain the bleeding, yet here it is.",
13851,story,s_STORY_decline_10,event,516,font_m,,,yes,"You begin to pull at the edges of your clothing, exposing the source. There, beneath the layers of fabric, is your grimoire. As you pry the book free from your clothing, it feels heavier than it should.",
13852,story,s_STORY_decline_10,event,516,font_m,,,yes,"You lift it up, and immediately, a drop of blood falls from its pages. Then another. And another, until the thick liquid is dripping steadily from the book, pooling beneath you in an expanding puddle of dark red. The people around you notice now, their eyes widening with fear. You feel the weight of the book in your hands, heavier than ever.",
13855,story,s_STORY_decline_11,event,516,font_m,,{main_he} {main_his},yes,"{main_he} stands before you, {main_his} face twisted with frustration. You are distant, {main_he} says, always calculating, always with a hidden agenda that no one ever truly understands. {main_he} has seen through it all. The villagers are all pawns in your game.",
13856,story,s_STORY_decline_11,event,516,font_m,,{main_he} {main_his},yes,"You stand still, the weight of {main_his} words pressing on you. There is an odd sense of distance, as though {main_his} accusations are not aimed at you, but at some version of yourself you no longer recognize. {main_he} is speaking of the things you've done and there is no denying that they are true. You feel nothing. No regret, no guilt, no remorse - just the cold certainty that what {main_he} says is true.",
13857,story,s_STORY_decline_11,event,516,font_m,,{main_he},yes,"{main_he} calls you a cold, manipulative bastard. As {main_he} stands there, awaiting your response, you realize the enormity of the distance between the two of you.",
13859,story,s_STORY_decline_12,event,516,font_m,,,yes,"A vision overtakes you, sudden and overwhelming. The world around you dissolves into an oppressive blackness. There is no sound, just the deafening weight of water.",
13860,story,s_STORY_decline_12,event,516,font_m,,,yes,"There is something cold pressing against your body. It moves against you with slow, deliberate pressure. You are overwhelmed by the sensation of being trapped, of being suffocated by something much larger than yourself. The cold wraps around you, growing more forceful with each passing moment. You can't escape it. You don't even know if you want to. There is no escape from the deep.",
13862,story,s_STORY_decline_13,event,516,font_m,,,yes,"Images flash before you, not as coherent scenes but as fractured glimpses - a city in the dark of the ocean. Its cathedrals rising with spires like obsidian fingers clawing at the oppressive dark. The stone appears alive, pulsing with an otherworldly glow, a city not built but grown, festering in the depths where no light dares venture. Above, arches loom like the ribs of some forgotten leviathan.",
13863,story,s_STORY_decline_13,event,516,font_m,,,yes,"A sickly, bioluminescent glow emanates from the structures themselves, pulsing rhythmically like a heartbeat. A greenish hue twists and dances across massive walls like veins of sickly poison, the light gradually yielding to the pitch-black ocean beyond. There, the shapes of the structures become nothing more than monstrous silhouettes, their form swallowed by the abyss.",
13865,story,s_STORY_decline_14,event,516,font_m,,,yes,"A sudden image seizes your thoughts. You find yourself standing, almost weightless, on sandy ground, the crushing depths of the ocean pressing in around you. The darkness is profound.",
13866,story,s_STORY_decline_14,event,516,font_m,,,yes,"Above you, something huge stirs. It looms, immense and terrifying, casting a monumental shadow across the abyss. Its massive form moves with an eerie grace. Its skin undulates, with folds and textures shifting with every movement. It pulses with life - breathing, stretching, contracting. You are trapped in the cold grip of terror, the overwhelming presence of the leviathan hovering above.",
13867,story,s_STORY_decline_14,event,516,font_m,,,yes,"An existential dread seeps into your bones, freezing you from the inside out. Your breath becomes shallow, each inhale a desperate struggle. A cold sweat slicks your skin. Your hands shake uncontrollably, betraying the primal fear that claws at your consciousness.",
13869,story,s_STORY_decline_15,event,516,font_m,,,yes,"Something stirs within you - a strange sensation. A tight feeling begins to coil in your chest, a nervous pressure that tightens with every breath. You try to focus, but the feeling is overwhelming. Your thoughts turn erratic and irritable. Your heart starts to hammer, thudding violently against your ribs. The rhythmic pounding echoes through your skull, drowning out everything else.",
13871,story,s_STORY_decline_16,event,516,font_m,,,yes,"A vision rips through your mind, sudden and brutal. You see towering fires, their flames licking at the sky. The heat is unbearable. Screams echo through the crackling inferno - agonizing wails of pain, blending with shrill, almost manic screeches of ecstasy. The sounds claw at your insides, twisting together in a chorus of suffering and twisted pleasure.",
13872,story,s_STORY_decline_16,event,516,font_m,,,yes,"The smoke crawls into your lungs and eyes. Your vision blurs. The night is suffocating, the world is being consumed by the fires. The sharp, sickening sound of cracking wood and snapping flesh tears through the air. And through it all, the fires burn ever brighter, reaching higher, louder, screaming in agony.",
13874,story,s_STORY_decline_17,event,516,font_m,,,yes,"A heavy pressure descends upon you. The sky has grown dense and tangible. The air feels almost solid, suffocating you. You look around, but the people nearby seem unfazed. It's as if you alone are caught beneath this invisible burden, struggling to stand upright. You dig your feet into the ground, every muscle straining to keep you from collapsing.",
13875,story,s_STORY_decline_17,event,516,font_m,,,yes,"Your body trembles, but you fight to keep yourself standing. The weight on you intensifies, the pressure almost unbearable. Then, as suddenly as it began, the pressure starts to recede, as though whatever had gripped you has decided to release its hold. You exhale shakily, your knees weak beneath you. You notice that several people around you are now watching.",
13877,story,s_STORY_decline_18,event,516,font_m,,,yes,"Suddenly, you're wracked with a fit of coughing. The force of it rattles your chest. Each cough feels like it's tearing at the lining of your lungs. With a wet sound, something comes loose inside you. You gasp, choking, as the acrid taste of decay fills your mouth.",
13878,story,s_STORY_decline_18,event,516,font_m,,,yes,"Your throat constricts, a horrible gurgling noise rising from deep within you. Your vision blurs as your body betrays you. The thing that emerges is a pulsing mass of mold and rot. It falls from your mouth, a foul, slimy mass that stinks of damp earth.",
13880,story,s_STORY_decline_19,event,516,font_m,,,yes,"A faint whispering sound reaches your ears. It grows clearer. Someone is calling your name. The voice is tiny, almost childlike. You can't tell where it's coming from, no matter how you turn your head.",
13881,story,s_STORY_decline_19,event,516,font_m,,,yes,"Your gaze drifts down. Your right hand is held out before you, palm up. It itches. The skin begins to stretch unnaturally. A dark slash appears across the center of your palm, like a wound. The slit widens, the edges of it curling up into a grotesque smile. The mouth forms your name.",
13882,story,s_STORY_decline_19,event,516,font_m,,,yes,"You instinctively close your fist around the sickening sight. The pressure inside your hand is intense. Slowly, you unclench your fingers, dreading what you might see next. When you glance down again, it's gone.",
13033,story,s_STORY_deep_one_01,event,516,font_m,,{main_he} {main_his},yes,"{main_he} recounts a strange experience, though there is something in {main_his} voice that suggests {main_he} is unsure whether {main_he} should be speaking of it at all. {main_he} describes how, one night, overcome by a strange compulsion, {main_he} ventured down to the water alone, under the cover of darkness.",
13034,story,s_STORY_deep_one_01,event,516,font_m,,{main_he} {main_him} {main_his},yes,"The water was unnaturally still, as smooth and perfect as glass. It was as though the sea had become a mirror, reflecting nothing but the black void of the night above. {main_he} stepped into the water, the cold chill creeping up {main_his} legs, but it was the stillness that unsettled {main_him} most. The deeper {main_he} waded, the stranger it became. Then {main_he} saw movement beneath the surface.",
13035,story,s_STORY_deep_one_01,event,516,font_m,,,yes,"At first, it was nothing more than a vague shape, a shadow moving with a grace that felt wrong, too fluid, too deliberate. The shapes became clearer, a group of Deep Ones. They moved in a slow, synchronized pattern, congregating just beneath the surface. Their eyes glowed in the dark, casting a sickly light that illuminated their forms in ghostly hues.",
13036,story,s_STORY_deep_one_01,event,516,font_m,,{main_he} {main_him} {main_his},yes,"The lure of the deep was almost hypnotic. The light from beneath the surface seemed to draw {main_him} in, beckoning, pulling {main_him} down. {main_he} felt a tug, an invitation to join them in the depths. But then, just as the pull grew unbearable, something snapped {main_him} back. The water shuddered, the surface broke with a ripple and {main_he} awoke in {main_his} bed.",
13038,story,s_STORY_deep_one_02,event,516,font_m,,{main_he} {main_him} {main_his},yes,"A sudden noise pierces the air like a shriek of madness. It came from {main_him}. A series of guttural, jarring noises erupt from {main_his} throat, that reverberate through the village. {main_he} starts a bizarre little dance, {main_his} movements jerky, disjointed - like caught in a hypnotic trance. The way {main_he} twists and undulates, {main_his} limbs flailing in unexpected directions, is mesmerizing.",
13039,story,s_STORY_deep_one_02,event,516,font_m,,{main_he} {main_his},yes,"The spiny fins that run along {main_his} back quiver in time with the rhythm of the noises {main_he} is making, and {main_his} wide, bulbous eyes roll in a frantic pattern. The villagers are silent, frozen in place for a moment, watching the spectacle unfold before them. But it doesn't take long before they exchanged uneasy glances. What is this? Why is it happening? What does it mean?",
13041,story,s_STORY_deep_one_03,event,516,font_m,,,yes,"Some fishermen gather by the docks, their voices low and hesitant. Something has been bothering them for days: the strange knocking at the bottom of their boats.",
13042,story,s_STORY_deep_one_03,event,516,font_m,,,yes,"At first, it was easy to dismiss as some minor disturbance, perhaps a piece of wood or a strange current, but it had persisted. The sound is rhythmic - almost like a knock from beneath the hull, tapping three or four times in quick succession. Most of the fishermen dismiss it with a nervous laugh, thinking it a joke played by the Deep Ones.",
13044,story,s_STORY_deep_one_04,event,516,font_m,,,yes,"The Deep Ones gather in groups by the shoreline. There is a strange unity in their movements. Their throats bulge, rippling with each breath. Their heads tilt back, exposing the slick, dark skin of their throats, and they release a low, guttural hum, vibrating in the air like a distant storm. The sound is harmonizing with the winds that whip across the shore and the crashing of waves against jagged rocks.",
13045,story,s_STORY_deep_one_04,event,516,font_m,,,yes,"The surface of the sea ripples unnaturally, and beneath the waters, strange shapes seem to shift, like massive shadows moving just below the surface. The air is thick with the scent of brine, the salt in the wind sharp against the skin. The Deep Ones continue their chanting, their voices rising and falling, in perfect harmony. Their movements become more erratic, more intense, their hands weaving through the air.",
13046,story,s_STORY_deep_one_04,event,516,font_m,,,yes,"As the chanting reaches its crescendo, the waves grow higher, crashing against the rocks with unnatural fury. The ocean seems to respond with a deep rumble. Time seems to stretch, and for a moment, everything feels like it is on the cusp of something monumental - a moment when whatever the Deep Ones are calling forth is on the verge of emerging from the sea.",
13048,story,s_STORY_deep_one_05,event,516,font_m,,{main_he} {main_him} {main_his},yes,"{main_he} kneels on the pier, the slick, glistening skin of {main_his} back shimmering. {main_his} large, unblinking eyes stare vacantly at the ground before {main_him}. There is a strange, purposeful intensity in the way {main_he} moves. {main_his} long, webbed fingers twitch and flex with unnatural speed, reaching for shells scattered around {main_him}.",
13049,story,s_STORY_deep_one_05,event,516,font_m,,{main_he},yes,"{main_he} begins arranging them into intricate patterns. The shells are placed with a meticulous precision in geometric shapes that make no immediate sense. The patterns are oddly beautiful, yet disconcerting, a mixture of chaos and order.",
13050,story,s_STORY_deep_one_05,event,516,font_m,,{main_he} {main_his},yes,"As {main_he} works, the Deep One hums softly under {main_his} breath, {main_his} throat vibrating with low, guttural tones. The language {main_he} speaks is indecipherable, a combination of clicks, hisses, and growls. The ocean roars louder now, the waves crashing violently against the shore, as though reacting to the creature's ritual.",
13051,story,s_STORY_deep_one_05,event,516,font_m,,{main_his},yes,"{main_his} voice rises in pitch, the language growing louder, more insistent, as if calling to something. The Deep One pauses, looking over {main_his} work, the patterns now spreading out in all directions. The creature raises its head, {main_his} unblinking gaze fixed on the horizon, and for a brief moment, the sound of the ocean fades away, replaced by a deep, resonating hum that seems to echo from beneath the waves.",
13053,story,s_STORY_deep_one_06,event,516,font_m,,,yes,"You watch as the unmarried Deep Ones gather near the village homes. They do not speak. They stand silently, their large, bulbous eyes fixed intently on the windows of the homes. They peer through the windows, their faces close enough to be almost touching the glass, their breath fogging up the panes with a thin, misty vapor.",
13054,story,s_STORY_deep_one_06,event,516,font_m,,,yes,"They simply observe, silently and unblinking. Every now and then, one of them will shift its weight, its gills fluttering as it takes in the scent of the air. And then, as quickly as they arrived, they are gone.",
13056,story,s_STORY_deep_one_07,event,516,font_m,,{main_he} {main_his},yes,"You watch as {main_he} eats. {main_his} mouth, a cavernous slit filled with razor-sharp teeth, opens wide. The meal is raw - still twitching in its death throes as it is engulfed by {main_his} maw. There is no joy in {main_his} movements, only a methodical efficiency.",
13057,story,s_STORY_deep_one_07,event,516,font_m,,{main_him} {main_his},yes,"{main_his} webbed hands, long and sinewy, move with precision, plucking up shellfish, crabs, and writhing squid from a pile beside {main_him}. The hands dip and rise, bringing the wriggling morsels to {main_his} mouth with practiced ease, swallowing them whole or tearing them apart with a wet, sickening slurp.",
13058,story,s_STORY_deep_one_07,event,516,font_m,,{main_he} {main_him} {main_his},yes,"There is no expression on {main_his} face. The Deep One does not seem to notice the world around {main_him}, locked in {main_his} own ritual. {main_his} eyes do not blink or shift from their focus on the food before {main_him}. There is nothing human in {main_his} actions, nothing that suggests emotion. {main_he} is a creature of pure instinct, driven by hunger. The sight of it feeding stirs something primal within you, something that wants to turn away.",
13060,story,s_STORY_deep_one_08,event,516,font_m,,,yes,"A Deep One approaches a fisherman in his boat. The creature glides through the water with eerie grace, its scaled body cutting through the waves. It comes to a stop beside the boat, its webbed hands moving slowly, as it retrieves a large, freshly caught fish from the depths. The fish is slick and shimmering, still wriggling, its eyes wide with terror.",
13061,story,s_STORY_deep_one_08,event,516,font_m,,,yes,"The fisherman stares at the Deep One, his face a mask of confusion. For a moment, he simply holds the oar, unsure of what to do with the offering. After a long, uncomfortable pause, the fisherman hesitantly reaches out, his fingers trembling as they take the fish. The fisherman places the fish into his basket. The Deep One nods and turns away, disappearing back into the water.",
13062,story,s_STORY_deep_one_08,event,516,font_m,,,yes,"Just as the fisherman exhales, his body finally relaxing, the stillness of the moment is shattered. Without warning, the fish in the boat - every single one - suddenly jerk to life. They begin to flop and thrash violently, leaping and slamming against the sides of the boat.",
13063,story,s_STORY_deep_one_08,event,516,font_m,,,yes,"The fisherman recoils as the fish flop wildly around him. Their slippery bodies slam into his legs, the deck of the boat covered in the writhing mass of scales and fins. The air is filled with the sound of frantic splashing, the gut-wrenching slap of fish bodies hitting the surface with sickening thuds. And then, just as quickly as it began, the fish stop.",
13066,story,s_STORY_deep_one_09,event,516,font_m,,{main_he} {main_his},yes,"{main_he} explains, that you are not the first human spouse {main_he} has had. The Deep Ones, {main_he} reminds you, are ancient - far older than humanity itself. {main_his} people have long watched humanity, observing from the shadows of the depths, always aware of the fleeting nature of human life. Your time together will be short - much shorter than {main_his} own.",
13067,story,s_STORY_deep_one_09,event,516,font_m,,{main_he} {main_his},yes,"In {main_his} view, you are special, but not in the sense you might wish. While humans and Deep Ones are capable of breeding, there remains a stark difference between your kind and the Deep Ones. But even {main_he}, as an entity born of the deep ocean, can sense that something is fundamentally off about you. It is a matter of how you interact with those around you.",
13069,story,s_STORY_deep_one_10,event,516,font_m,,,yes,"The Deep Ones, slick and shimmering, glide silently through the water, their webbed hands weaving through the currents. A soft melody begins to seep from the depths, a chorus of low chants that reverberate across the water and into the minds of the villagers. Each note seems to pull the listener deeper into the ocean.",
13070,story,s_STORY_deep_one_10,event,516,font_m,,,yes,"The villagers stand in stillness. Their eyes are glazed and vacant. They face the water, caught in the thrall of the melody. The villagers' lips move as if they are speaking. A few, in their trance-like stupor, begin to move toward the water.",
13071,story,s_STORY_deep_one_10,event,516,font_m,,,yes,"The song grows louder with dissonant harmonies. The waves lap against the shore, but they too seem strangely muted, as if the ocean has fallen silent.",
13075,story,s_STORY_deep_one_11,event,516,font_m,,{main_he},yes,{main_he} reminisces about last night's family dinner. It was one of those occasions that felt both ordinary and strange in equal measure.,
13076,story,s_STORY_deep_one_11,event,516,font_m,,{main_he} {other_he} {other_his},yes,"The table had been set. The food was nothing extraordinary, just fresh fish, caught that very morning. The creatures wriggled still as they were placed upon the plates. {main_he} smiled as {main_he} remembered how {other_he} had taken {other_his} first few bites. The fish, half-alive, had still twitched in {other_his} hands. As if it were the most natural thing in the world, {other_he} had washed the dishes afterward.",
13077,story,s_STORY_deep_one_11,event,516,font_m,,{main_he} {main_him} {main_his},yes,"The house, once so dry, has grown damp and cool, but it is a dampness {main_he} had grown accustomed to. A part of {main_him} wonders, when {main_he} had last felt the warmth of dry bedsheets against {main_his} skin. How long had it been since {main_he} had slept in a room untouched by the persistent moisture that seemed to cling to every surface?",
13078,story,s_STORY_deep_one_11,event,516,font_m,,{main_he} {main_him} {main_his},yes,"{main_his} children, strange and beautiful, played quietly in the other room. Their laughter is like the gurgling of water. They are growing with each passing day, the webbing between their fingers stretching a little more each time {main_he} looks. They are {main_his} children, and the sea has given them to {main_him}.",
13080,story,s_STORY_deep_one_12,event,516,font_m,,{main_he} {main_his},yes,{main_he} watches you with unblinking eyes. {main_his} voice carries a warning. It has been years since the Deep Ones came to you with the grimoire. It had been an invitation to escape the slow decay that seems to be creep into your bones. This is a reminder of your duty. {main_he} sees what time has done to you. The touch of aging that is slowly robbing you of what little vitality you have left.,
13081,story,s_STORY_deep_one_12,event,516,font_m,,,yes,"The power is there, waiting for you to grasp it, to embrace the path that has been laid out for you. You are bound together. Your union is a bridge between the world beneath the waves and the world of men. The cult, the village, have flourished under your guidance, but that prosperity is fragile.",
13082,story,s_STORY_deep_one_12,event,516,font_m,,,yes,The Deep Ones depend on you and your ability to transcend mortal limitations. Time is slipping away.,
13087,story,s_STORY_deep_one_13,event,516,font_m,,{main_he},yes,{main_he} is sick of the Deep Ones being part of the village,
13088,story,s_STORY_deep_one_13,event,516,font_m,,{main_he},yes,{main_he} finds the pact made with the Deep Ones suffocating,
13089,story,s_STORY_deep_one_13,event,516,font_m,,{main_he},yes,{main_he} hates what the village has become under the chains of the Deep Ones,
13092,story,s_STORY_deep_one_13,event,516,font_m,,{main_he} {other_him} {other_his},yes,{main_he} wants to punish {other_him} for {other_his} behaviour,
13093,story,s_STORY_deep_one_13,event,516,font_m,,{other_he},yes,{other_he} threatens the pact that holds their community together,
13094,story,s_STORY_deep_one_13,event,516,font_m,,{other_he},yes,{other_he} is disturbing the peace with the Deep Ones,
13096,story,s_STORY_deep_one_14,event,516,font_m,,,yes,"The sensation begins as a subtle dampness beneath your feet. Your socks, once dry and snug, feel heavy. Coolness begins to creep in. With each step, the feeling becomes more pronounced. A squelching noise as your feet shifts inside the shoes. The squishing sound as your shoes compress and release with each step. Your socks feel wet and clingy. The fabric soggy and uncomfortable.",
13097,story,s_STORY_deep_one_14,event,516,font_m,,,yes,"You became aware of two Deep Ones standing in your peripheral vision, close enough that you can feel their eyes on you. Their gaze is not one of malice. Amusement? It is hard to tell. One gestures subtly toward you, as though directing the other's attention to your discomfort. The other nods, the faintest of smiles curving its lipless mouth.",
13099,story,s_STORY_deep_one_15,event,516,font_m,,,yes,"After all these years living with the Deep Ones, what once seemed like a gift has transformed into an unbearable weight. It had started with awe, a sense of wonder at the mystery and the power they embodied.",
13100,story,s_STORY_deep_one_15,event,516,font_m,,,yes,"Their existence had felt like a living myth made flesh. You had marveled at the way they moved through the water, with an ease and grace. Their voices, low and rumbling, had seemed like ancient music. You began to wonder about their culture, their history, their rituals. You observed their strange behaviors - the way they moved together in groups.",
13101,story,s_STORY_deep_one_15,event,516,font_m,,,yes,"But that was years ago. Now the deep, gurgling inhalations as they take in the air grate on your nerves. And the smacking - the way they chew their food. The wet slurping of their mouths as they tear into raw fish, the snapping of their teeth. It is infuriating. It has become unbearable to even be in the same room while they eat.",
13104,story,s_STORY_deep_one_16,event,516,font_m,,,yes,"As usual, the Deep Ones swim in their characteristic, lazy fashion, their forms drifting languidly in the sea. They move in loose groups, like a school of fish. One by one, the Deep Ones begin to slow their movements. Soon enough, the entire group seems to sense something in the air. They turn in unison, scanning the horizon.",
13105,story,s_STORY_deep_one_16,event,516,font_m,,,yes,"You think you can hear a low, distant rumble. It comes in waves, a deep and rolling sound. The noise seems to come from far off. You strain your eyes, searching the horizon, but there is no sign of what might cause the rumble. It is as if the earth itself was moving, groaning with some deep force far below the surface.",
13106,story,s_STORY_deep_one_16,event,516,font_m,,,yes,"The Deep Ones begin to murmur, though their voices are too soft to make out. They remain huddled together, their heads angled close in quiet discussion. They seem to be debating something.",
13024,story,s_STORY_deep_one_recruit_family_chief,event,516,font_m,,,yes,The Deep Ones instruct you to recruit a family chief into the cult.,
13026,story,s_STORY_deep_one_recruit_family_chief,event,516,font_m,,{main_he},yes,"{main_he} says in a tone devoid of warmth that you need to think more strategically. {main_he} explains that the family chiefs hold the highest status in the village and wield significant influence over their members, suggesting that you bring one of them into the cult.",
13027,story,s_STORY_deep_one_recruit_family_chief,event,516,font_m,,{main_he},yes,{main_he} commends you for successfully bringing a family chief into the cult. [Deep Ones' Wrath -1],
13028,story,s_STORY_deep_one_recruit_family_chief,event,516,font_m,,,yes,You managed to bring a familiy chief into the cult.,
13029,story,s_STORY_deep_one_recruit_family_chief,event,516,font_m,,{main_he},yes,"{main_he} reprimands you, saying that they told you to bring a family chief into the cult, but you failed them. [Deep Ones' Wrath +2]",
13030,story,s_STORY_deep_one_recruit_family_chief,event,516,font_m,,,yes,You failed to bring a familiy chief into the cult.,
13150,story,s_STORY_dream_bare_bottom,event,516,font_m,,{main_he} {main_his},yes,"Right in front of you - pantless - {main_he} awkwardly tugs at {main_his} shirt, stretching it downward in an attempt to conceal what pants would usually cover.",
13151,story,s_STORY_dream_bare_bottom,event,516,font_m,,{main_he} {main_his},yes,"A sheepish smile creeps across {main_his} face as {main_he} meets your gaze. 'I don't usually meet people like this,' {main_he} mutters. 'But, well... dreams, you know?' You stand frozen, unsure how to respond to such an absurd and awkward predicament. But then - wait. Something feels... off.",
13152,story,s_STORY_dream_bare_bottom,event,516,font_m,,,yes,"A sudden chill runs through you as you glance down. Your own bottom half is equally bare, as though the dream had decided to even the score.",
13155,story,s_STORY_dream_black_sphere,event,516,font_m,,{main_he} {main_his},yes,"'Let me show you something,' {main_he} says, beckoning you closer. A strange excitement flickers in {main_his} gaze as you lean in. 'There it is. Do you see it?' A small black sphere hovers between your heads. It writhes and hums softly, its surface slick with an oily substance that seems alive. It pulses, expanding and contracting like a breathing thing, its glossy blackness devouring the light around it.",
13156,story,s_STORY_dream_black_sphere,event,516,font_m,,{main_he},yes,"{main_he} smiles. 'What a treasure,' {main_he} murmurs. A faint pull tugs at you, drawing you closer to the sphere. 'At first, I only heard the sound it makes, faint and distant, but I couldn't see anything. I thought about it for years, obsessing over the noise. Finally, I realized - it's in the blind spot, right between your eyes.'",
13157,story,s_STORY_dream_black_sphere,event,516,font_m,,{main_his},yes,"{main_his} gaze flickers toward you. 'Once I figured it out, I could see it, and now... now I've made you see it too. It's growing, you know. I believe everyone has their own, but most can't notice it. You can, now that you know. You can make yours grow too. Find that invisible spot. It's not so hard once you know it's there.'",
13158,story,s_STORY_dream_black_sphere,event,516,font_m,,,yes,"The sphere writhes, its blackness shifting in liquid waves, a presence that feels indifferent to you. It consumes light, sound, and though it pays you no mind, you sense it hungers for the something else.",
13160,story,s_STORY_dream_black_waters,event,516,font_m,,{main_his},yes,"{main_his} vision seems to stretch to a place beyond sight, utterly unresponsive to your presence. You approach cautiously, your hand reaching out to touch {main_his} shoulder, hoping to break the eerie stillness. The moment your fingers make contact, a chill runs through you.",
13161,story,s_STORY_dream_black_waters,event,516,font_m,,{main_he} {main_him} {main_his},yes,"{main_he} feels the relentless rhythm of a pulse reverberating through {main_his} skull. As if the ocean itself had a beating heart. The darkness around {main_him} is alive with pressure, heavy and crushing, the kind that only exists in the depths where no light dares to reach.",
13162,story,s_STORY_dream_black_waters,event,516,font_m,,{main_he} {main_him},yes,"He cannot see it, but {main_he} knows it is there: something titanic, ancient, stirring in the black waters. The muffled clicks of distant, alien life echo faintly. The weight of the water presses against {main_him}.",
13163,story,s_STORY_dream_black_waters,event,516,font_m,,{main_he} {main_him} {main_his},yes,"An immense being, hidden in the eternal dark, is aware of {main_him}. Worse still, it feels connected to {main_him}, as if its vast consciousness brushes the edges of {main_his} mind, probing, testing. {main_his} fear grows as the realization sinks in: {main_he} is nothing in the face of this monstrous presence. Helpless and small, {main_he} can only tremble as the abyss holds {main_him} in its gaze.",
13164,story,s_STORY_dream_black_waters,event,516,font_m,,{main_him},yes,"Its gaze extends beyond him, stretching toward you, its awareness expanding. It begins to feel you, probing the quiet recesses of your thoughts, and in that moment, you realize that what watches {main_him} is now watching you too.",
13166,story,s_STORY_dream_broken_neck,event,516,font_m,,{main_he} {main_his},yes,"{main_he} remains utterly still, {main_his} head motionless save for {main_his} eyes, which follow you with an unnatural intensity. There's something deeply unsettling in the way {main_his} gaze tracks you.",
13167,story,s_STORY_dream_broken_neck,event,516,font_m,,{main_he} {main_his},yes,"'Something's wrong,' {main_he} murmurs. 'My neck... it doesn't feel right.' {main_his} voice trembles, thick with dread. 'It's as though my head... it feels detached, as if it doesn't belong to me anymore. Is it broken?' {main_he} doesn't dare to move. 'If I wait, the pain will pass,' {main_he} whispers, more to himself than to you.",
13168,story,s_STORY_dream_broken_neck,event,516,font_m,,{main_he} {main_his},yes,"{main_he} winces, a flicker of unease crosses {main_his} face, as though a thought has taken root. 'It should be alright. I should be alright. And at least...' {main_he} pauses, {main_his} stare locks onto yours. '...at least I'm not alone in this moment.' {main_his} resolve hardens. 'I will dare to move.'",
13169,story,s_STORY_dream_broken_neck,event,516,font_m,,{main_his},yes,"With a sickening lurch, {main_his} head tilts sharply to the side, the neck giving way like a puppet's slackened strings. {main_his} head dangles grotesquely, as though barely tethered to {main_his} body, swaying slightly. {main_his} expression freezes, {main_his} face contorting in silent, pleading horror as {main_his} focus remains locked on you.",
13116,story,s_STORY_dream_child_cat,event,516,font_m,,{main_he} {main_his},yes,"What an eerie place,' {main_he} says. {main_his} dreams have been getting dark lately, {main_he} usually remembers them.",
13117,story,s_STORY_dream_child_cat,event,516,font_m,,{main_he},yes,"'If only my cat were with me,' {main_he} muses. {main_he} believes the cats in the village guard us against evil, even in our dreams. {main_he} expected the Deep Ones to scare them away, but that didn't happen.",
13118,story,s_STORY_dream_child_cat,event,516,font_m,,,yes,"'The cats are spending their nights beside our beds. Even though my cat isn't here with me tonight, I know she is watching over me while the Deep Ones chant and shriek outside in the sea.'",
13119,story,s_STORY_dream_child_cat,event,516,font_m,,{main_he} {main_his},yes,"'Your cat seems impatient. Maybe it wants to tell us something,' {main_he} says, {main_his} brow furrowing. 'I have a bad feeling about this dream. I really want to get out of here.'",
13120,story,s_STORY_dream_child_cat,event,516,font_m,,{main_he},yes,"{main_he} stands poised, tail flicking with impatience, its wide eyes locked onto you. {main_he} meows softly.",
13171,story,s_STORY_dream_conversing,event,516,font_m,,{main_he} {main_his},yes,"{main_he} seems to be talking to someone you can't see, {main_his} attention focused on another presence right beside you. 'Sorry, but I don't feel I can trust anyone contacting me like that,' {main_he} mutters, {main_his} voice flat and disbelieving. 'I don't even know you.'",
13172,story,s_STORY_dream_conversing,event,516,font_m,,{main_he} {main_his},yes,"For a brief moment, {main_his} attention flickers toward you, offering a brief smile. 'I'm conversing with someone far away. Do you believe that?' Then, {main_he} looks away again, {main_his} face twisting into an expression of confusion and resignation.",
13173,story,s_STORY_dream_conversing,event,516,font_m,,{main_his},yes,"His brows raise in almost mocking disbelief. 'Why would I do that? And how did you find me, anyway?' {main_his} voice is colder now, dismissive. 'Please, sir or ma'am, or whatever you are... I'm not interested in your proposal. I hold my soul very dear, thank you very much. Why would you expect anyone to agree to something like that?'",
13174,story,s_STORY_dream_conversing,event,516,font_m,,{main_him},yes,"The bizarre conversation weighs heavily on you, and you decide not to disturb {main_him} any longer. Quietly, you slip away.",
13177,story,s_STORY_dream_counting,event,516,font_m,,{main_he} {main_his},yes,"A friendly child approaches you, {main_his} demeanor at odds with the oppressive atmosphere. 'Oh, hello. What a nice place,' {main_he} says with a smile. 'Glad to escape my usual nightmares.' The words hang heavy in the air, leaving you to wonder: how much worse could it possibly be?",
13178,story,s_STORY_dream_counting,event,516,font_m,,{main_he} {main_his},yes,"The child begins to recount {main_his} ordeal. {main_he} has been trapped in the same dream every night for as long as {main_he} can remember - a nightmare without reprieve. 'I'm always alone, trapped in my bed at home.,' {main_he} explains, 'surrounded by small black stones. They pile up in the corners, higher and higher, sometimes reaching the ceiling.'",
13179,story,s_STORY_dream_counting,event,516,font_m,,{main_he} {main_his},yes,"The ceiling, {main_he} says, is a void, utterly devoid of light. From this darkness emerge long, black, insectoid legs, chittering and clicking as they push the stones higher against the ever-growing pile. The sound click-clack-echoes in {main_his} memory, sharp and oppressive.",
13180,story,s_STORY_dream_counting,event,516,font_m,,{main_his},yes,"'I count them,' the child continues, {main_his} tone hollow. 'I count them over and over, but I always lose track. I never get far. It's leaving me stuck in an endless loop.'",
13181,story,s_STORY_dream_counting,event,516,font_m,,{main_he} {main_his},yes,"{main_he} pauses, {main_his} gaze distant, as though even here {main_he} cannot escape the suffocating shadow of that eternal counting.",
13183,story,s_STORY_dream_crunch,event,516,font_m,,{main_he} {main_his},yes,"{main_his} cheeks are grotesquely swollen, stretched to unnatural fullness. Tears trail down {main_his} face as {main_he} gestures at you frantically, pointing to {main_his} mouth. {main_he} opens it just slightly, enough for you to peer inside, but it appears empty.",
13184,story,s_STORY_dream_crunch,event,516,font_m,,{main_he} {main_his},yes,"Before you can react, {main_he} clenches {main_his} jaw tightly, {main_his} entire body convulsing as though fighting against some unseen force. For a moment, {main_he} seems on the verge of collapse. Then it comes - a sickening crunch, sharp and resonant. {main_his} whole frame slackens, {main_his} shoulders dropping as {main_he} exhales a long, shuddering sigh of relief.",
13185,story,s_STORY_dream_crunch,event,516,font_m,,{main_him},yes,"Whatever struggle had consumed {main_him}, it seems to have ended.",
13188,story,s_STORY_dream_dance,event,516,font_m,,{main_he} {main_his},yes,"{main_he} moves slowly, swaying in place as though caught in a trance, {main_his} body obeying a rhythm known only to the depths of {main_his} own mind. {main_his} expression is vacant and unfocused, as if fixated on something unseen, {main_his} movements languid, yet oddly purposeful. There's a strange, almost hypnotic quality to {main_his} dance.",
13189,story,s_STORY_dream_dance,event,516,font_m,,{main_he} {main_his},yes,"The dance takes a darker, more provocative turn. {main_his} movements grow exaggerated, slow, and languid, {main_his} body twisting in ways that feel unnatural. {main_his} hips sway with a deliberate rhythm, the curves of {main_his} form undulating in a way that both captivates and repels, the movements becoming increasingly intimate, as though {main_he} is not merely dancing but engaging with something unseen.",
13190,story,s_STORY_dream_dance,event,516,font_m,,,yes,You are a voyeur to this intimate and unapologetic moment.,
13193,story,s_STORY_dream_dementia,event,516,font_m,,{main_he} {main_his},yes,"{main_he} looks at you, unfocused and searching, {main_his} gaze drifting. {main_his} hands tremble slightly as {main_he} pats the wrinkles on {main_his} face. {main_he} gives a small, tight smile, one that's meant to seem warm but carries a hint of uncertainty.",
13194,story,s_STORY_dream_dementia,event,516,font_m,,{main_he} {main_his},yes,"'Ah, yes, you,' {main_he} says, {main_his} voice a mixture of recognition and confusion. 'I do believe I remember you... or perhaps not. It's hard to say.' {main_he} waves a hand dismissively, as if brushing away any hint of discomfort. {main_he} looks at you, unfocused and searching.",
13195,story,s_STORY_dream_dementia,event,516,font_m,,{main_he} {main_his},yes,"{main_his} hands tremble slightly as {main_he} pats the wrinkles on {main_his} face. {main_he} gives a small, tight smile, one that's meant to seem warm but carries a hint of uncertainty. 'You look so familiar. Were you... no, no, of course not. Must be someone else.'",
13196,story,s_STORY_dream_dementia,event,516,font_m,,{main_he} {main_his},yes,"'I do believe I remember you... or perhaps not. It's hard to say.' {main_he} waves a hand dismissively, as if brushing away any hint of discomfort. {main_he} watches your reaction. {main_he} nods, and {main_his} smile becomes slightly more fixed.",
13197,story,s_STORY_dream_dementia,event,516,font_m,,{main_he} {main_his},yes,"{main_he} chuckles softly, but the laugh is brief, as if {main_he} is not entirely sure if it was appropriate. 'Oh, but you know how it is,' {main_he} continues quickly, {main_his} words becoming a little more rushed, 'time flies by, and sometimes the years get all mixed up.'",
13198,story,s_STORY_dream_dementia,event,516,font_m,,{main_he} {main_his},yes,"{main_he} watches your reaction. {main_he} nods, and {main_his} smile becomes slightly more fixed, determined to make you feel comfortable. {main_he} squints as {main_he} leans in slightly, trying to read your face, {main_his} smile faltering for just a moment before {main_he} picks it back up, as if nothing happened.",
13199,story,s_STORY_dream_dementia,event,516,font_m,,{main_he} {main_his},yes,"{main_his} hands tremble slightly as {main_he} pats the wrinkles on {main_his} face. 'Ah, yes,' {main_he} says 'I do believe I remember you...'",
13201,story,s_STORY_dream_drowning,event,516,font_m,,{main_he},yes,"'Imagine this,' {main_he} says.",
13202,story,s_STORY_dream_drowning,event,516,font_m,,,yes,"'You're beginning your life above the ocean, no land in sight, just an endless expanse, alone and adrift. You fight against the waves, desperate to stay above, but exhaustion claws at you, thirst gnaws, hunger presses in. Every stroke is a battle for survival.'",
13203,story,s_STORY_dream_drowning,event,516,font_m,,,yes,"'Then comes capitulation - surrendering to the relentless pull of the deep. Finally, acceptance. And in that stillness, you realize: you're not alone. Others are with you, lost in their own struggles. They are the ones close by, their faces barely visible in the murk. They hold their breath for eternity, unable to speak - only small gestures, hoping for understanding. Some you can even touch, but it's fleeting.'",
13204,story,s_STORY_dream_drowning,event,516,font_m,,,yes,"'The darkness deepens, the cold takes over, and everything slips away.'",
13326,story,s_STORY_dream_empty,event,516,font_m,,,yes,You're not meant to see this.,
13207,story,s_STORY_dream_fear_death,event,516,font_m,,{main_he} {main_his},yes,"{main_he} is clutching at {main_his} chest with trembling hands. Sweat beads on {main_his} weathered skin, {main_his} breath shallow and ragged. {main_he} stares at you, reaching out with one frail hand.",
13208,story,s_STORY_dream_fear_death,event,516,font_m,,{main_he} {main_his},yes,"'Help me,' {main_he} gasps, {main_his} voice thick with panic. 'I don't want to die.' {main_his} face contorts with pain, a grimace of agony. 'Why don't you help me?' {main_he} demands, indignation flaring beneath the fear. 'Damn you.'",
13209,story,s_STORY_dream_fear_death,event,516,font_m,,,yes,"You should move. You should speak. Yet you remain frozen, paralyzed, as though some invisible force holds you still. Detached from the moment, you watch him suffer, your own face an unfeeling mask. Cold. Detached. The weight of your inaction presses on you, but you cannot overcome it.",
13210,story,s_STORY_dream_fear_death,event,516,font_m,,{main_he} {main_his},yes,"'At least don't leave me,' {main_he} pleads, {main_his} voice breaking. 'I don't want to die alone.'",
13211,story,s_STORY_dream_fear_death,event,516,font_m,,,yes,"Finally, you manage something. A smile. Small, unnatural, and entirely wrong.",
13108,story,s_STORY_dream_first,event,516,font_m,,,yes,"A croaking voice beckons, 'Step into the house.'",
13110,story,s_STORY_dream_first,event,516,font_m,,,yes,"A slimy, sickly creature of mottled green stands before you. Bulging, lidless eyes fixate on you.",
13111,story,s_STORY_dream_first,event,516,font_m,,,yes,"The figure glances at the tattered furniture and the worn-out floorboards creaking under its weight. 'Times are tough,' it says, its voice devoid of empathy. 'But we can help you.'",
13112,story,s_STORY_dream_first,event,516,font_m,,,yes,"It promises to make you a leader and transform your impoverished village from its wretched state into one of opulence. In return, you and the villagers vow to join with its kind, the Deep Ones, in a twisted union.",
13113,story,s_STORY_dream_first,event,516,font_m,,,yes,'Bind yourself with the oath and seal the pact.',
13114,story,s_STORY_dream_first,event,516,font_m,,,yes,"You accept the pact, embracing a fate entwined with darkness.",
13214,story,s_STORY_dream_fisherman,event,516,font_m,,{main_his},yes,"{main_his} skin bears the angry marks of salt and brine. 'The ocean stretches out before us, an endless expanse of water. The horizon - barely a line, just a faint suggestion of where the world might end - disappears into the vast unknown. It's too much, too infinite. The sheer scale of it makes my head spin.'",
13215,story,s_STORY_dream_fisherman,event,516,font_m,,{main_his},yes,"{main_his} lips have cracked open. 'I stare at the waves, their rhythmic rise and fall, and a creeping sense of dread settles in my chest. How small we are, I think, how insignificant. The ocean is alive, vast, and indifferent, a living, breathing thing that could swallow me whole without a second thought.'",
13216,story,s_STORY_dream_fisherman,event,516,font_m,,,yes,"A fine crust of salt clings to his brow, the remnants of sweat and sea mist. 'Its depths hide horrors, things ancient and unfathomable. It doesn't end. And the thought of it sends a cold shiver down my spine.'",
13217,story,s_STORY_dream_fisherman,event,516,font_m,,{main_he} {main_his},yes,"The skin on {main_his} hands and neck is raw and blistered, peeling in large patches. {main_he} is a broken thing, a living testament to the ocean's power.",
13219,story,s_STORY_dream_flailing,event,516,font_m,,{main_he} {main_his},yes,"{main_he} stumbles forward, {main_his} movements jerky and uncoordinated. {main_his} arms flail out to {main_his} sides. 'A tiny strip between the deep black ocean and the infinite black sky. A force from below, dragging me into the depths, where silence waits, where the pull is heavy.'",
13220,story,s_STORY_dream_flailing,event,516,font_m,,{main_he} {main_him} {main_his},yes,"{main_his} head tilts at odd angles, as if {main_he} is fighting an invisible force pulling {main_him} in conflicting directions. 'I lose the ground beneath, slipping upward into the vastness, where the weight of nothing pulls me higher, where the earth's grip falters, and the sky has no end.'",
13221,story,s_STORY_dream_flailing,event,516,font_m,,{main_he} {main_his},yes,"{main_his} arms reach out, flailing helplessly, fingers clawing for something. Then, with a sudden lurch, {main_he} falls into you.",
13224,story,s_STORY_dream_flirt,event,516,font_m,,{main_he} {main_his},yes,"'Well, well, Magus.' {main_he} steps closer, {main_his} voice a velvet murmur. {main_his} eyeholes glint like twin stars, {main_his} smile both beguiling and unsettling, as though it hides a secret.",
13225,story,s_STORY_dream_flirt,event,516,font_m,,{main_he} {main_his},yes,"'How amusing to find you here.' {main_he} tilts {main_his} head, {main_his} gaze studying you. 'Such power you wield, such knowledge you possess... But tell me, do the ancient gods ever tire of your... little games? Or do you simply bend their will as you do the threads of time itself?'",
13226,story,s_STORY_dream_flirt,event,516,font_m,,{main_he} {main_his},yes,"{main_he} pauses, lips curling into a knowing smile. 'It's funny, you know. Here we are, in this dream realm where the laws of nature unravel, and yet... you seem so... solid.' {main_his} laugh is soft. 'I can't decide if you're a human - or something older. Something much older.'",
13227,story,s_STORY_dream_flirt,event,516,font_m,,{main_he} {main_his},yes,"{main_he} steps even closer now, {main_his} presence overwhelming. 'Tell me, Magus... have you ever wondered what it might be like, to have someone beside you who doesn't fear what you are? To have someone... who can embrace this madness with you? After all, in this world of shadows, we are all prisoners, aren't we? But we can be prisoners together.'",
13228,story,s_STORY_dream_flirt,event,516,font_m,,{main_he} {main_his},yes,"{main_his} lips part as if to say something more, but {main_he} lingers, {main_his} smile now an enigma, one woven from the very fabric of the dream.",
13229,story,s_STORY_dream_flirt,event,516,font_m,,{main_his},yes,"{main_his} fingers trail in the air, as if touching invisible strings, {main_his} voice lowering to a seductive murmur. 'Unless... you're too busy weaving your web of power to see what could be right in front of you.'",
13231,story,s_STORY_dream_hiccup,event,516,font_m,,{main_his},yes,"{main_his} gaze seems to pass right through you, distant and unfocused. You wave a hand in front of {main_his} face, but there's still no reaction - only a strange, vacant smile that slowly spreads across {main_his} lips.",
13232,story,s_STORY_dream_hiccup,event,516,font_m,,{main_his},yes,"Then, with an unexpected sharpness, a burst of air escapes {main_his} mouth, followed by a soft squeak. A hiccup? The sound is unsettling, a brief interruption in the eerie stillness.",
13233,story,s_STORY_dream_hiccup,event,516,font_m,,{main_he} {main_his},yes,"{main_his} expression shifts, the smile fading into something more concerned, as {main_he} begins making strange, guttural croaks. The noise is distorted, deep and throaty.",
13234,story,s_STORY_dream_hiccup,event,516,font_m,,{main_he} {main_his},yes,"{main_he} chuckles, still staring at nothing, a laugh like a rasping croak. Then, with a sudden force, a deep, resonating ribbit emerges, reverberating in {main_his} throat before echoing out in another short burst, unsettlingly loud and cavernous.",
13235,story,s_STORY_dream_hiccup,event,516,font_m,,{main_his},yes,"More sounds - clicking noises, mixed with deeper growls emerge from somewhere in {main_his} chest. A low, throbbing hum vibrates the space between you both, muffled and strangely liquid, as if {main_his} mouth is half-filled with water.",
13236,story,s_STORY_dream_hiccup,event,516,font_m,,{main_his},yes,"Suddenly, {main_his} tongue shoots out, long and thick, dripping with an unsettling wetness. It flicks in the air, followed by eerie, bubbling clicks and wet gurgles that send a shiver through your spine.",
13319,story,s_STORY_dream_last,event,516,font_m,,{main_he} {main_his},yes,"'Here we are again,' {main_he} intones, {main_his} voice reverberating with a wet, guttural resonance. 'You must have known this moment would come, though perhaps your fragile mind refused to accept it. I must inform you - we are moving on.'",
13320,story,s_STORY_dream_last,event,516,font_m,,{main_he} {main_his},yes,"A sickly grin splits {main_his} face, jagged teeth glinting as {main_he} continues, 'Even now, my brothers and sisters rend the remaining villagers apart, their screams swallowed by the dark waves. I doubt you care.'",
13321,story,s_STORY_dream_last,event,516,font_m,,{main_he},yes,"{main_he} leans closer. 'You, however, have been spared. Consider it a gesture of amusement. But do not mistake this for mercy. There will be nothing left for you.'",
13322,story,s_STORY_dream_last,event,516,font_m,,,yes,"A webbed hand gestures mockingly. 'You failed. You didn't do enough. But your efforts, laughable as they were, matter little. There are countless places like this, countless fools to lead.'",
13323,story,s_STORY_dream_last,event,516,font_m,,,yes,"The creature's voice deepens. 'Our god stirs from His slumber. Soon, He will rise, and with Him, the oceans shall consume the land. We are rising as we have prepared for eons. We cannot be stopped.'",
13324,story,s_STORY_dream_last,event,516,font_m,,,yes,'Your time is over. Ours has only just begun.',
13238,story,s_STORY_dream_mirror,event,516,font_m,,{main_he} {main_his},yes,"'I need your help,' {main_he} whispers, {main_his} voice trembling. {main_he} describes the moment {main_he} gazed into the still water, its surface a perfect, unbroken mirror reflecting {main_his} image. But it wasn't just a reflection.",
13239,story,s_STORY_dream_mirror,event,516,font_m,,{main_his},yes,"'Something looked back - a version of myself, yet wrong.' {main_his} voice falters, thick with unease. Its eyes held a knowing malice, as if it had glimpsed a future beyond death.",
13240,story,s_STORY_dream_mirror,event,516,font_m,,{main_he} {main_his},yes,"{main_his} lips curl awkwardly as {main_he} speaks, the words slurring with a strange, wet lisp. 'That version of me...' Its mouth - wide and cracked at the corners - was missing teeth, leaving a hollow, black pit. Its swollen tongue writhed, probing the jagged spaces where its teeth had once stood.",
13241,story,s_STORY_dream_mirror,event,516,font_m,,{main_he},yes,"'Strands of hair fell silently from its scalp,' {main_he} continues, raising trembling hands. And then {main_he} saw its fingernails - once whole and strong - curling and lifting, separating from the flesh beneath. Piece by piece, it was coming undone.'",
13242,story,s_STORY_dream_mirror,event,516,font_m,,{main_he} {main_his},yes,"{main_his} posture slackens as {main_he} speaks, spine curving under an invisible weight, and {main_he} seems to fold in on himself, consumed by dread. {main_his} voice breaks, pleading, 'Please... this... this can't be my future.'",
13245,story,s_STORY_dream_mother,event,516,font_m,,{main_he} {main_his},yes,"'Where are my children?' {main_he} murmurs, {main_his} voice thin. {main_he} scans the darkened landscape, the shadows creeping along the edges of {main_his} vision. 'Sure they're alright,' {main_he} whispers, but there is no certainty in {main_his} voice - only a quiet desperation.",
13246,story,s_STORY_dream_mother,event,516,font_m,,{main_he} {main_his},yes,"Then, a strange calm wraps around {main_his}, that stands in sharp contrast to the relentless chaos of {main_his} waking life. 'Sure they're alright,' {main_he} reassures herself. The unsettling stillness, is strangely soothing. 'It's really quiet here,' {main_he} breathes, as if {main_he} can almost forget the frantic noise that fills {main_his} days.",
13247,story,s_STORY_dream_mother,event,516,font_m,,{main_he} {main_his},yes,"'Almost relaxing, isn't it?' {main_he} exclaims, {main_his} words trailing off as {main_he} watches the dark shapes twist and flicker. There's a bitter comfort in this place, a haunting reprieve from the never-ending tension of being constantly needed. The dream offers no demands, no cries for help.",
13248,story,s_STORY_dream_mother,event,516,font_m,,,yes,"Just the terrifying peace of the unknown, where nothing is required.",
13250,story,s_STORY_dream_motionless,event,516,font_m,,{main_he} {main_him} {main_his},yes,"{main_he} is motionless, {main_his} body rigid as if carved from stone, yet {main_his} stare remains locked with yours, following your every move. A silent understanding passes between you - a connection woven from the threads of this shared dreamscape. {main_he} is hiding, evading unseen pursuers who stalk the edges of perception. If {main_he} remains still, they cannot sense {main_him}.",
13251,story,s_STORY_dream_motionless,event,516,font_m,,{main_him},yes,"Around you, shadows flicker with unnatural grace, their movements erratic, fluttering like the wings of grotesque, oversized bats. A cold dread seeps into your core. Is your presence betraying {main_him}?",
13252,story,s_STORY_dream_motionless,event,516,font_m,,{main_his},yes,"Then, you see it. Just beyond him, a looming shape - vast and formless - hovers in the suffocating gloom. Your breath catches, and instinctively, you freeze, mirroring {main_his} stillness. Your gazes lock again, and in that silent exchange, the danger is made clear. Neither of you can move.",
13253,story,s_STORY_dream_motionless,event,516,font_m,,{main_his},yes,"A strange dizziness overtakes you, lightness pulling at your senses, and every hair on your body rises as if responding to an unspoken, primal alarm. {main_his} expression shifts - shock - and {main_his} gaze darts past you. You realize, with dawning horror, that the thing has now turned its attention to you.",
13254,story,s_STORY_dream_motionless,event,516,font_m,,,yes,"This isn't real. It can't be real. You close your eyes, forcing yourself to breathe, willing calm into your racing heart. Keep calm. You'll leave this place. Any moment now.",
13256,story,s_STORY_dream_mussles,event,516,font_m,,{main_he} {main_his},yes,"{main_he} holds up a trembling hand, palm up, and you notice a cluster of mussels clinging to {main_his} flesh, their slick, glistening shells embedded unnaturally. 'This is not a part of me,' {main_he} mutters, before lowering {main_his} hand to {main_his} mouth and taking a bite.",
13257,story,s_STORY_dream_mussles,event,516,font_m,,{main_he} {main_his},yes,"The crunch of shells echoes sharply as {main_his} teeth grind them to shards, salty water dribbling down the corners of {main_his} mouth. A flicker of disgust crosses {main_his} face, but he keeps chewing, {main_his} jaw tense, until {main_his} movements falter. Abruptly, he gags, {main_his} body convulsing as {main_he} forces the mass down {main_his} throat, a painful heave escaping {main_his} chest.",
13258,story,s_STORY_dream_mussles,event,516,font_m,,{main_he} {main_his},yes,"'What have I done?' {main_he} chokes out, {main_his} voice breaking. Panic flashes across {main_his} face. 'This... this was a part of me! Is it too late?' {main_his} gaze falls back to {main_his} hand, still encrusted with the invasive shells. Desperation flares in {main_his} expression. 'Better to just rip the rest off.'",
13259,story,s_STORY_dream_mussles,event,516,font_m,,{main_he},yes,"With sudden, reckless force, {main_he} claws at the mussels, tearing them free. Strips of skin peel away with them, leaving raw, bloody patches. The coppery scent of blood mingles with the brine, and {main_he} winces. 'Oh no,' {main_he} gasps, 'that was stupid. I made it worse... That would have healed if I'd just left it alone.'",
13260,story,s_STORY_dream_mussles,event,516,font_m,,{main_he} {main_his},yes,"{main_his} movements turn frantic, {main_his} free hand jamming into {main_his} mouth as {main_he} tries to force the urge to vomit.",
13261,story,s_STORY_dream_mussles,event,516,font_m,,{main_he} {main_his},yes,"{main_he} convulses violently, gagging and choking, {main_his} body struggling against {main_his} own panic.",
13264,story,s_STORY_dream_naked,event,516,font_m,,{main_he},yes,"{main_he} appears before you, naked.",
13265,story,s_STORY_dream_naked,event,516,font_m,,{main_he} {main_his},yes,"{main_he} shifts, {main_his} body stretching. {main_his} limbs elongate, unfurling in a sickening rhythm, tendons and muscles snapping and re-stitching themselves.",
13266,story,s_STORY_dream_naked,event,516,font_m,,{main_his},yes,"{main_his} fingers stretch, bones cracking. Each motion stretches the seconds into an eternity. {main_his} spine arches, ribs popping beneath {main_his} skin, {main_his} back twisting in ways that should be impossible.",
13267,story,s_STORY_dream_naked,event,516,font_m,,{main_he} {main_his},yes,"{main_he} looks down at herself. {main_his} body twitches and the flesh around {main_his} ribs bulges. {main_his} stomach caves inwards, then swells outward. {main_his} skin stretches taut across {main_his} bones, in places splitting and bleeding with a sickening squelch.",
13268,story,s_STORY_dream_naked,event,516,font_m,,{main_his},yes,"{main_his} body stirs, a dance of disjointed motion. {main_his} mouth yawns open wide, jaw cracking, teeth elongating, each one crooked and jagged, slipping out of {main_his} gums like broken shards. The endless stretching of time pulls {main_his} further from herself, {main_his} form becoming something not human - a grotesque parody of beauty. ",
13269,story,s_STORY_dream_naked,event,516,font_m,,{main_he} {main_his},yes,"{main_his} limbs continue to stretch, flesh tearing at the seams, muscles twisting in unnatural angles, as {main_his} entire body seems to melt and reform in perpetual agony. {main_he} remains, forever shifting, forever contorting, a nightmarish being lost in a moment that refuses to end. Time claws at you, grinding this moment down to a crawl, each instant stretching thin, like a thread pulled too tight...",
13272,story,s_STORY_dream_paranoid,event,516,font_m,,{main_he} {main_his},yes,"'Are you following me?' {main_his} voice cuts through the air, sharp and accusatory. {main_he} looks worn, {main_his} clothes disheveled, {main_his} movements erratic. You try to speak, but your words catch in your throat, strangled by an invisible force.",
13273,story,s_STORY_dream_paranoid,event,516,font_m,,{main_he} {main_his},yes,"'You think I don't notice?' {main_he} hisses, stepping closer, {main_his} voice dropping to a conspiratorial whisper. 'Every corner I turn, there you are. Every shadow I pass, I feel your breath. Don't lie to me - I know you're following.' You try to move back, but your body refuses to obey. Every attempt to pull away is met with resistance.",
13274,story,s_STORY_dream_paranoid,event,516,font_m,,{main_he} {main_his},yes,"The space around you both feels warped, the edges of the dream shifting uneasily. {main_his} hands fidget compulsively, clenching and unclenching, tracing invisible patterns in the air. 'I can't escape you, can I? Always watching, always there.' {main_he} leans in, {main_his} breath uneven. 'Why? What do you want?'",
13275,story,s_STORY_dream_paranoid,event,516,font_m,,{main_he} {main_his},yes,"But before you can respond, {main_he} flinches, as if struck by an unseen hand. {main_he} looks past you now, {main_his} gaze darting to the shifting shadows. 'You brought them, didn't you? The others. I can feel them. They're watching too.'",
13276,story,s_STORY_dream_paranoid,event,516,font_m,,{main_he} {main_him} {main_his},yes,"{main_he} begins to back away, {main_his} muttering dissolving into incoherence. The dream itself seems to swallow {main_him}, pulling {main_him} into its ever-tightening folds.",
13125,story,s_STORY_dream_red_devil,event,516,font_m,,{main_he} {main_him} {main_his},yes,"{main_he} scratches {main_his} head, looking desperate. 'I can't take it anymore!' {main_he} vents about {main_his} parents, their expectations, and the way they constantly talk down to {main_him}. 'They just can't let me be!",
13126,story,s_STORY_dream_red_devil,event,516,font_m,,{main_he} {main_his},yes,"'Do you know the red devil?' {main_he} suddenly asks. {main_he} recalls a quiet moment when {main_he} encountered the devil, feeling a sharp sting in {main_his} chest and a veil of darkness falling over {main_his} eyes.",
13127,story,s_STORY_dream_red_devil,event,516,font_m,,{main_he} {main_him} {main_his},yes,"Then something red appeared before {main_him}, shifting shape and directing countless shining eyes toward the part of {main_his} mind that should be private. 'It was like how you seem to do sometimes,' {main_he} adds, a hint of unease in {main_his} voice.",
13128,story,s_STORY_dream_red_devil,event,516,font_m,,{main_he},yes,"'It promised me a way out,' {main_he} says, glancing sideways at you. 'I don't mean out of the village, I promise,' though {main_he} doesn’t elaborate further. 'The devil gave me this itch, right in the center of my head where I can’t reach it. I know what I have to do, but...'",
13129,story,s_STORY_dream_red_devil,event,516,font_m,,{main_he} {main_his},yes,"{main_he} shakes {main_his} head violently. 'Leave me alone!' {main_he} shouts, and then adds, 'Both of you!'",
13132,story,s_STORY_dream_red_devil,event,516,font_m,,{main_him} {main_his},yes,a red spot in {main_his} brain urges {main_him} to act,
13133,story,s_STORY_dream_red_devil,event,516,font_m,,{main_his},yes,a scarlet prickling sensation tingles in {main_his} mind,
13134,story,s_STORY_dream_red_devil,event,516,font_m,,{main_his},yes,"there is an itch in {main_his} head, burning red hot",
13138,story,s_STORY_dream_red_devil,event,516,font_m,,{main_he} {other_his},yes,{main_he} is disappointed with {other_his} lack of effort,
13139,story,s_STORY_dream_red_devil,event,516,font_m,,{main_he} {other_his},yes,{main_he} is irritated with {other_his} persistent whining,
13140,story,s_STORY_dream_red_devil,event,516,font_m,,{main_he} {other_his},yes,{main_he} is upset with {other_his} choice of friends,
13279,story,s_STORY_dream_sacrificed,event,516,font_m,,,yes,"'You pushed me down into the water, and the cold swallowed me whole.'",
13280,story,s_STORY_dream_sacrificed,event,516,font_m,,{main_he} {main_him} {main_his},yes,"Drifting in a shadowy limbo between life and death, {main_he} lingers in a state of unbearable suspension. Cast into the ocean with prayers and desperation, the offering has gone unanswered - rejected by the gods. Now, {main_he} waits in this half-world where saltwater burns {main_his} lungs; where the cold bites {main_his} skin. Shadows whisper around {main_him}, as if savoring the torment of the unclaimed. {main_he} is neither of the living nor the dead, untethered and unwanted even by the deity {main_he} has been offered to.",
13281,story,s_STORY_dream_sacrificed,event,516,font_m,,{main_he},yes,"{main_he} complains: 'I am worthless, unseen. I've forgotten my name, my place in this world. Do you even remember me? Does anyone? Perhaps I've been forgotten entirely - cast aside, abandoned in this forsaken corner of existence. Nothing feels right here. Nothing makes sense. The gods never wanted me.'",
13282,story,s_STORY_dream_sacrificed,event,516,font_m,,,yes,You slowly distance yourself.,
13283,story,s_STORY_dream_sacrificed,event,516,font_m,,,yes,"'I am a mistake. A soul without a name. I've called out to the void, but it has answered only with silence. Do you see me? Do you even hear me?'",
13284,story,s_STORY_dream_sacrificed,event,516,font_m,,,yes,"You break eye contact, instinctively moving away.",
13286,story,s_STORY_dream_smack,event,516,font_m,,{main_he} {main_his},yes,"{main_he} moves toward you, {main_his} movements quick, {main_his} face set with sharp focus. {main_he} locks on a spot just near your upper arm. 'Hold still,' {main_he} says, voice low and urgent, raising {main_his} hands like a predator preparing to strike.",
13287,story,s_STORY_dream_smack,event,516,font_m,,{main_he} {main_his},yes,"Before you can react, {main_he} claps {main_his} hands together with a sharp smack. {main_he} pulls {main_his} hands back, revealing nothing at all, yet his expression is triumphant. 'Got it!' {main_he} declares, wiping {main_his} palms together as if brushing off invisible remains. 'One of those black things. Didn't feel it crawling on you? They're sneaky.'",
13288,story,s_STORY_dream_smack,event,516,font_m,,,yes,"You glance at your arm, expecting a mark, a sting - something. But there's nothing there.",
13289,story,s_STORY_dream_smack,event,516,font_m,,,yes,"'Anyway, you're welcome. Those things... they're everywhere. Don't let them get too close.'",
13291,story,s_STORY_dream_solitude,event,516,font_m,,{main_he} {main_him},yes,"'I enjoy the peace of being alone.' {main_he} had always sought solace in solitude, finding comfort in the quiet isolation far from the village and the suffocating weight of human connection. But even here, in this forsaken dreamscape, true solitude eludes {main_him}. 'Can you see them?' {main_he} asks.",
13292,story,s_STORY_dream_solitude,event,516,font_m,,,yes,"'They are everywhere.' They hang from invisible threads, massive bodies tremble, suspended in a grotesque, writhing dance. Countless arms extend from them - long, spindly, and contorted in impossible angles, their joints clicking with an unsettling precision.",
13293,story,s_STORY_dream_solitude,event,516,font_m,,,yes,"They undulate and twitch in the air, a grotesque choreography, blind and restless, as they stretch out in search of something to latch onto. Their movements are relentless, searching, probing. The underside of their bodies glisten in the dim light, coated in a oily sheen that catches the faintest glimmer of the surrounding darkness.",
13294,story,s_STORY_dream_solitude,event,516,font_m,,,yes,"Each undulation of their form pulses with an eerie rhythm. The creatures sway gently, suspended, tethered to fraying strands of web that vanish into an unseen higher plane. The threads seem fragile, barely holding the massive weight of these horrors aloft, yet they sway and tremble with an unnatural grace. Each subtle movement is a grotesque dance, a silent echo of a fate too vast to comprehend.",
13295,story,s_STORY_dream_solitude,event,516,font_m,,,yes,"'Ah, but where are my manners? Forgive my earlier demeanor. Let us share this space for a while, keeping each other company.'",
13296,story,s_STORY_dream_solitude,event,516,font_m,,,yes,"You think you can feel something brushing lightly against the top of your head. With a shudder, you decide it's best to leave.",
13299,story,s_STORY_dream_staying,event,516,font_m,,{main_he} {main_his},yes,"{main_he} avoids looking at you, {main_his} attention drifting somewhere far beyond, distant and unfocused. {main_his} voice is soft, almost detached as {main_he} speaks, 'This place... could I just stay here? Not go back? It's not ideal, but there's a certain peace. No fear, grief, anger, regret. No responsibilities.' {main_he} pauses, as if weighing something in {main_his} mind. 'Would it be selfish to do so? I could be free from it all.'",
13300,story,s_STORY_dream_staying,event,516,font_m,,{main_his},yes,"{main_his} words hang in the air, heavy with a strange longing. 'The pressure is gone. I feel calm... empty, but in a good way.' {main_his} shoulders slump, {main_his} posture slack.",
13301,story,s_STORY_dream_staying,event,516,font_m,,{main_he} {main_him} {main_his},yes,"A silence stretches between you. {main_he} is completely still, like a statue. You reach out, your hand hovering for a moment before you gently squeeze {main_his} shoulder, shifting {main_him} slightly.",
13302,story,s_STORY_dream_staying,event,516,font_m,,{main_him} {main_his},yes,"That's when you notice it - the shape of something ethereal overlapping with {main_his} body, an unsettling distortion around him. It shimmers faintly, translucent and shifting. A shadow that clings to {main_him}, as if trying to escape {main_his} skin. It rises from {main_his} body, peeling away like smoke, curling upwards in a wisp that dissipates and loses shape as it ascends, fading into the emptiness.",
13303,story,s_STORY_dream_staying,event,516,font_m,,{main_he} {main_his},yes,"{main_he} suddenly becomes alert, jerking away from your touch, panic seeping into {main_his} voice. 'Don't touch me! What are you doing? Who are you?'",
13306,story,s_STORY_dream_thirsty,event,516,font_m,,{main_he} {main_his},yes,"'Thirsty... my throat feels so dry,' {main_he} croaks, {main_his} voice strained and raspy, each word dragging out with effort. 'Just one drop... something that cuts through the haze of the world.'",
13307,story,s_STORY_dream_thirsty,event,516,font_m,,{main_he} {main_his},yes,"'I need something strong, and warming,' {main_he} murmurs, the words faltering, as if {main_his} tongue is stuck to the roof of {main_his} mouth. {main_he} winces, 'Ah, the burn... like fire running down your throat. It's a burn that feels right.'",
13308,story,s_STORY_dream_thirsty,event,516,font_m,,{main_he} {main_him},yes,"{main_he} pauses for a moment, as though savoring the thought of it. 'It numbs you,' {main_he} whispers, lips trembling, 'makes everything feel... a little more manageable, even if it's just for a moment. There's bitterness, but then... there's also a sweetness,' {main_he} sighs, as though trying to recall the flavor that once gave {main_him} comfort.",
13309,story,s_STORY_dream_thirsty,event,516,font_m,,{main_he} {main_his},yes,"{main_his} mouth hangs open as {main_he} licks {main_his} dry, cracked lips, the tongue moving with difficulty, scraping against the roof of {main_his} mouth. The surface of the tongue is coated in a chalky texture, ashen and parched. Small fissures run across its dry expanse.",
13310,story,s_STORY_dream_thirsty,event,516,font_m,,{main_he} {main_his},yes,"{main_he} groans in frustration, {main_his} voice bitter. 'It's your fault, isn't it?'",
13141,story,s_STORY_dream_throat,event,516,font_m,,,yes,A trembling figure huddles before you.,
13142,story,s_STORY_dream_throat,event,516,font_m,,,yes,"'You don't belong here, nor in our community! You don't conform. You don't adhere to our expectations. You don't fear our judgement!'",
13143,story,s_STORY_dream_throat,event,516,font_m,,,yes,"A sudden pressure constricts around your throat. You reach up, your fingers brushing against something hard, clenching tightly with a rhythmic motion.",
13144,story,s_STORY_dream_throat,event,516,font_m,,{main_he},yes,"'This is how it feels,' {main_he} insists, doubting that you understand the weight of belonging. 'This is a lesson you must learn. So let me teach you.' You lean in, listening intently.",
13145,story,s_STORY_dream_throat,event,516,font_m,,{main_he},yes,"The pressure suddenly releases. {main_he} gestures dismissively. 'Damn, my revelation... already slipping away like the tide. Keep my words close.'",
13147,story,s_STORY_dream_throat,event,516,font_m,,,yes,"As soon as you wake up, you scramble for a pen and paper to capture the words from the dream.",
13313,story,s_STORY_dream_womb,event,516,font_m,,,yes,"'I remember the time in my mother's womb. There, in the fluid darkness, I floated - half-formed, drifting in a world where time did not exist. The warmth of her body surrounded me, pulsing in a rhythm.'",
13314,story,s_STORY_dream_womb,event,516,font_m,,,yes,"'I was not alone. There were others - slick and wriggling, coiling around me. Their movements were ceaseless, brushing against me, pressing close. They embraced me. It was love. I have never felt anything like it again.'",
13315,story,s_STORY_dream_womb,event,516,font_m,,,yes,"'The birth was not a moment of joy. The womb that had cradled me suddenly turned hostile - its once gentle rhythm shifting into violent contractions. The fluid around me grew turbulent, a churning sea pushing me toward an exit I was not ready for.'",
13316,story,s_STORY_dream_womb,event,516,font_m,,,yes,"'The world beyond loomed closer, a cold unknown, as I was forced through the narrow channel. It was a struggle, my body squeezed and contorted, my limbs scraped against her flesh. The walls pulsed with an unrelenting pressure, propelling me forward, and for the first time, I felt fear.'",
13317,story,s_STORY_dream_womb,event,516,font_m,,,yes,"'Then came the rupture, an eruption of wetness and sound as I was expelled into the world. The cold struck first, biting into my slick, tender skin, and I screamed.'",
13318,story,s_STORY_dream_womb,event,516,font_m,,,yes,"'In those first moments, I knew I did not belong entirely to either world. The world outside the womb has been unkind.'",
13884,story,s_STORY_heretics_01,event,516,font_m,,{main_he} {main_his},yes,"{main_his} eyes burn with a feverish intensity. There's no sign of the respect {main_he} once may have had. {main_his} hands, clenched into fists, tremble. There's an unspoken challenge in {main_his} gaze. The moment {main_he} speaks, the words strike with an edge. {main_he} says it's you and the Deep Ones who are to blame. {main_he} says the evil that now haunts the village is a direct result of your willingness to embrace the pact.",
13885,story,s_STORY_heretics_01,event,516,font_m,,{main_he},yes,"{main_he} speaks of a force that lies hidden beneath the surface, a force that thrives on blind faith. It has begun to spread like a poison through the village. {main_he} speaks of how the faith you demand from others has opened a door to something far worse than you ever imagined. {main_he} claims that the evil has always been there, festering beneath the surface, waiting for someone to give it life. And now you have opened the door to it.",
13887,story,s_STORY_heretics_02,event,516,font_m,,{main_he} {main_his},yes,"{main_his} eyes burn, as though {main_he} is trying to make you see what {main_he} sees, to grasp the truth {main_he} believes you've ignored for far too long. The Deep Ones, {main_he} says, are far from benign. They are not the wise beings the cult has painted them to be. They are not simply another part of the village.",
13888,story,s_STORY_heretics_02,event,516,font_m,,,yes,"No, they are a constant reminder that the villagers live side by side with something that doesn't belong. Their presence is more than just unsettling. There's something cold and predatory in their stare. What are they waiting for? They are using the villagers for their own unknown ends. The villagers, blinded by their faith, never question what is happening beneath the surface of the sea.",
13889,story,s_STORY_heretics_02,event,516,font_m,,{main_he},yes,"The Deep Ones, {main_he} says, are not your allies. They are predators. They have been using the villagers, all along. {main_he} grows more frantic, more desperate. It is not just the village that is in danger, but the very land itself.",
13892,story,s_STORY_heretics_03,event,516,font_m,,{main_he} {main_him} {main_his},yes,"{main_his} voice is thick with revulsion as {main_he} stands before you. {main_he} speaks of the Deep Ones with a venomous hatred. The very thought of them fills {main_him} with revulsion. To {main_him}, the Deep Ones are an abomination - an insult to the very laws of nature. Their very existence is proof of humanity's fall from grace, proof of how far the village has strayed from the righteous path.",
13893,story,s_STORY_heretics_03,event,516,font_m,,{main_he} {main_his},yes,"How could anyone live alongside such creatures and not feel the weight of their sin pressing upon them? How could you allow this travesty to continue? How could you let this unholy alliance fester? {main_he} spits the words, {main_his} voice rising with each accusation. You have made them forget the sanctity of human life, their purity.",
13894,story,s_STORY_heretics_03,event,516,font_m,,{main_he},yes,"{main_he} cannot fathom how any of them could bear to live alongside these creatures, let alone take them as spouses, as though they were just another man or woman. The idea is obscene, an abomination. Man shall not lie with beast. {main_he} speaks of the sickness of allowing these creatures to mix with human blood, to twist the natural order of life and family.",
13895,story,s_STORY_heretics_03,event,516,font_m,,,yes,"You have opened a door to hell itself, and they will all burn for it, for you have led them down this cursed path.",
13897,story,s_STORY_heretics_04,event,516,font_m,,{main_him},yes,the thought of mixing human blood with that of the Deep Ones disgusts {main_him},
13898,story,s_STORY_heretics_04,event,516,font_m,,{main_he},yes,"{main_he} fears that hybrids, with their amphibious traits, are no longer fully human",
13899,story,s_STORY_heretics_04,event,516,font_m,,{main_he},yes,"every time {main_he} looks at a hybrid, {main_he} feels a wave of revulsion",
13902,story,s_STORY_heretics_05,event,516,font_m,,{main_he} {main_his},yes,"{main_his} features are twisted in revulsion as {main_he} glares at you. Every word {main_he} speaks is laced with conviction. {main_he} cannot fathom how you, the supposed leader of the village, could have allowed such a perversion to flourish.",
13903,story,s_STORY_heretics_05,event,516,font_m,,{main_he} {main_him},yes,"The bloodlines are sacred. The very idea of mixing this blood with that of the Deep Ones fills {main_him} with a disgust. Human blood should remain pure - untainted by the abominations born of the deep. The hybrid children are a symbol of mankind's fall. {main_he} sees their damp, slick skin and their gaping eyes, and in them, {main_he} sees nothing but corruption.",
13904,story,s_STORY_heretics_05,event,516,font_m,,{main_he},yes,"{main_he} believes they carry within them the mark of something dark and otherworldly. Their blood is something tainted, and with every passing year, as the hybrids grow and multiply, the purity of the village slips further and further away. There is no going back from that. The damage has been done. The rot has set in.",
13907,story,s_STORY_heretics_06,event,516,font_m,,{main_he} {main_him},yes,"{main_he} has seen what he considers the truth, and it drives {main_him} to the edge of reason. There was a time, when the village had a different soul. It was a place of hard work and steady faith. The sea, while mysterious and dangerous, had been something the villagers respected. They lived with it, not under its dark sway.",
13908,story,s_STORY_heretics_06,event,516,font_m,,,yes,"But now the air is thick with something else. It's as if the sea has claimed them - not just in body, but in mind and soul. Theirs is a life riddled with nightmares. There are those who wake in a cold sweat, whispering about the waters, about shapes that move just beneath the surface, things that are waiting for them. The shadows of the sea seem to be creeping into their hearts, turning them against themselves, against one another.",
13909,story,s_STORY_heretics_06,event,516,font_m,,{main_he},yes,"{main_he} was there when it began. {main_he} remembers the first time the Deep Ones came to the village. {main_he} remembers the feeling of something beyond the ordinary world, something that offered its gift in exchange for a price. At first, it seemed a single bargain. But now the consequences are undeniable. The village is no longer the place {main_he} once knew. It has been consumed by its own indulgence.",
13910,story,s_STORY_heretics_06,event,516,font_m,,,yes,"You are the one who opened the door. You are the one who allowed them to step into the abyss, and now they can't climb back out. You must stop this. You must undo the pact, break the chains that bind the village to this unnatural fate. But how? Can it even be undone?",
13912,story,s_STORY_heretics_07,event,516,font_m,,{main_he} {main_his},yes,"{main_he} watches you, {main_his} face a mask of disbelief and disgust. {main_he} accuses you of feeding the flames of fanaticism, of turning their community into a flock of blind worshippers, devoted to something they do not fully understand.",
13913,story,s_STORY_heretics_07,event,516,font_m,,{main_he},yes,"The villagers are lost in fevered devotion, their every thought consumed by the will of the Deep Ones. {main_he} believes that you, as the leader, are the one who has fostered this madness. You, the one who sought to make a pact, have opened the gates for them to descend upon the village.",
13914,story,s_STORY_heretics_07,event,516,font_m,,,yes,"The Deep Ones are using the village, using you, to further their own dark ends. The villagers are no longer free; they are slaves, shackled by their own fanaticism and the demands of the Deep Ones. The Deep Ones will take what they want and leave nothing behind.",
13915,story,s_STORY_heretics_07,event,516,font_m,,,yes,"The tides have turned against the village, and soon, there will be no more time for bargaining, no more time for rituals. The Deep Ones will take what they are owed. The fate of the village is already sealed. It is only a matter of time before the final reckoning comes.",
13917,story,s_STORY_heretics_08,event,516,font_m,,{main_he} {main_his},yes,"Something about {main_his} appearance immediately strikes you as odd. {main_his} breath comes in ragged, labored wheezes. {main_his} chest heaves with each breath. {main_he} pauses for a moment, pressing one hand to {main_his} ribcage.",
13918,story,s_STORY_heretics_08,event,516,font_m,,{main_he} {main_him} {main_his},yes,"{main_his} eyes flicker with an unspoken accusation, and {main_his} lips tremble with the need to speak, but the words seem to catch in {main_his} throat. It is clear that {main_he} is consumed with some some burning fury that threatens to burst from {main_him}, but {main_his} body betrays {main_him}.",
13919,story,s_STORY_heretics_08,event,516,font_m,,{main_he} {main_his},yes,"{main_his} brow furrows deeply, sweat beading on his forehead, and yet {main_he} cannot find the breath to deliver the accusations that churn in {main_his} mind. The more {main_he} tries to force the words from {main_his} lips, the more {main_his} chest tightens. But still, there is fury in {main_his} eyes.",
13921,story,s_STORY_heretics_09,event,516,font_m,,{main_he} {main_him} {main_his},yes,"{main_his} eyes dart around as {main_he} speaks, {main_his} face pale and drawn, as though the act of recounting what {main_he} has seen is enough to drain the life from {main_him}. {main_his} hands tremble, and {main_he} presses them against {main_his} temples. {main_he} tells you of {main_his} visions - so vivid, that they cannot be dismissed as mere dreams. {main_he} speaks of the Deep Ones who dwell beneath the waves.",
13922,story,s_STORY_heretics_09,event,516,font_m,,{main_he},yes,"{main_he} paints a picture of a place so alien, that it feels as though it cannot be part of this world at all. {main_he} speaks of countless bodies, all tangled together in a grotesque dance of decay and degeneration, writhing in the dark depths. The Deep Ones - these creatures that you have brought into their lives - are degenerates, whose existence is a perverse parody of life itself.",
13923,story,s_STORY_heretics_09,event,516,font_m,,{main_he},yes,"{main_he} saw them in their underwater realm, their bodies deformed by ages of isolation and madness. It is not a community, it is a swarm, a writhing, living mass of degeneration. They are a disease, a plague upon the natural world, an aberration that must not be allowed to spread, to infect humanity.",
13924,story,s_STORY_heretics_09,event,516,font_m,,{main_he} {main_his},yes,"There is no turning back from what has already been done. The villagers have sealed their fates and now they will sink into the same madness, the same corruption that the {main_he} witnessed in {main_his} visions.",
13926,story,s_STORY_heretics_10,event,516,font_m,,{main_he} {main_his},yes,"{main_he} simply stands there, {main_his} gaze fixed on you, before {main_he} spits - a viscous sound that hits the ground with a sickening wetness. Then, without breaking eye contact, {main_he} begins to make a noise - croaking, guttural sounds. The croaks grow louder, more exaggerated, each one dripping with mockery.",
13927,story,s_STORY_heretics_10,event,516,font_m,,{main_he} {main_him} {main_his},yes,"{main_his} expression darkens as the croaking continues, and {main_his} eyes flash with fury. Every rasping noise that escapes {main_him} seems to deepen the contempt {main_he} feels for you. {main_his} hands tremble slightly, and {main_he} seems to fight back a laugh that threatens to burst forth from {main_his} throat.",
13929,story,s_STORY_heretics_11,event,516,font_m,,{main_he} {main_his},yes,"{main_his} eyes, once filled with hope and belief, now reflect nothing but suspicion and disillusionment. {main_he} cannot shake the memory of how the seas had once been full of life, teeming with fish. But that was before the famine. {main_he} recalls the horror of those years, the endless cycle of hunger and desperation. The village had been on the brink of collapse, its people starving.",
13930,story,s_STORY_heretics_11,event,516,font_m,,,yes,"It was during those darkest days, when there seemed to be no hope left, that the Deep Ones appeared. The villagers had been desperate, and the Deep Ones had known it. The villagers had no choice but to fall to their knees in desperation. And with the pact, the Deep Ones had restored the fishing grounds.",
13931,story,s_STORY_heretics_11,event,516,font_m,,{main_he},yes,"The seas that had once been barren suddenly flourished with life, the fish returning in abundance. It was a miracle, or so they had thought. But now, as the years pass and the truth begins to settle in, the villager can no longer ignore the price they paid for that prosperity. Now, as the weight of their choices bears down on him, {main_he} can't help but wonder if the Deep Ones had always been behind the famine in the first place.",
13932,story,s_STORY_heretics_11,event,516,font_m,,,yes,"Why are you still willing to honor a pact that had been made under duress, a pact that feels less like a blessing and more like a curse? On this small strip of land between the ocean and the sky, there is no freedom. The villager can only pray that there is something more beyond this life, something that does not carry the taint of the ocean's depths with it.",
13935,story,s_STORY_history_01,event,516,font_m,,{main_he} {main_his},yes,"{main_his} eyes, cloudy and distant, fix on nothing, yet seem to see the past, the muddy tide of memories. {main_he} remembers the hunger. There were days when the nets came up empty. People died then - old, young, it didn't matter. The bad times took them all.",
13936,story,s_STORY_history_01,event,516,font_m,,,yes,"There were years made wrong from the start, like something was bent or broken. You could feel it in the air, in the water. The kind of years when the clouds never seem to break. And yet, they stayed. This place - it's not just a village. It's in their blood. Their bones belong here. To leave would be wrong.",
13937,story,s_STORY_history_01,event,516,font_m,,,yes,"It's not something you think about. Not really. They owe it to them, the ones buried under the trees, the ones who gave everything so they could keep on going.",
13940,story,s_STORY_history_02,event,516,font_m,,{main_he},yes,"What {main_he} shares is not confession but history. The village has long swayed between life and decay. Long before the pact with the Deep Ones the people here had practiced rites that were darker than mere superstition. The ocean was both lifeblood and threat, and the villagers sought its favor in the only way they knew. Blood. Human lives offered up beneath the moon, their cries drowned by the crashing surf.",
13941,story,s_STORY_history_02,event,516,font_m,,,yes,"These sacrifices were meant to ensure that the waves would be kind and the nets would never come up empty. Did the sacrifices truly stave off famine, or was it mere coincidence? Did the sea's bounty ever come because of their blood price, or was it a cruel illusion? The villagers came to a decision that felt perilous - they would bring an end to the sacrifices.",
13942,story,s_STORY_history_02,event,516,font_m,,,yes,"But the pact with the Deep Ones only clarified what had always been. No longer are the victims mere supplications thrown blindly into the abyss; they became transactions, deliberate and precise. Were the Deep Ones there all along, their unseen hands accepting the sacrifices from the very beginning? Or was the god that once demanded tribute a separate force entirely, now displaced by this new pact?",
13944,story,s_STORY_history_03,event,516,font_m,,{main_he},yes,"It is not merely history {main_he} recounts but a lineage steeped in strangeness, a thread of power and survival spun across centuries. {main_he} speak of the ancestors, those who came from lands far away, driven to these shores by forces beyond their control. Witchfolk, they called them, though whether that title was claimed or forced upon them is left unsaid.",
13945,story,s_STORY_history_03,event,516,font_m,,,yes,"They were hunted by mobs with torches and iron, by zealots with blind eyes and hard hearts. Their knowledge had marked them for persecution, and so they fled, leaving behind a world unraveling in a long war of madness. A war that spanned decades.",
13946,story,s_STORY_history_03,event,516,font_m,,,yes,"When they arrived here, it was not by choice but by necessity, as though the rocky shore itself had called to them. The ancestors saw something in this harsh place that others would not. Power. In the depths of the waves, where the light could not reach. The ancestors understood that survival here would would not come without cost. The sea became their ally, the stones their altar, the sky their witness.",
13949,story,s_STORY_history_04,event,516,font_m,,{main_he} {main_his},yes,"{main_he} stands with {main_his} back to the sea. The wind carryies the smell of salt and brine. The sea crashes against the jagged stones, sending misty sprays up to sting the skin. The wetness of the coast clings to them, the land itself seems to defy all warmth, all comfort.",
13950,story,s_STORY_history_04,event,516,font_m,,{main_he},yes,"{main_he} mentions the founding ancestors of the village. These ancestors were marked by the harshness of their time, victims of persecution. Some were burned alive, their bodies consumed by fire in the name of a terror that spread through the land like an infection. But it was not just the flames that marked them.",
13951,story,s_STORY_history_04,event,516,font_m,,,yes,"Small fingers, severed in a ritual that was both an offering and a sign. A marking that bound them to something older. It was not enough to simply burn them. The cutting of those fingers marked the victims as outcasts. A community grew from these ashes - bound not just by blood but by a shared understanding of terror and survival. The families of the family were forged in hardship.",
13953,story,s_STORY_history_05,event,516,font_m,,{main_he},yes,"{main_he} speaks of the ancestors - of a time long before this place, long before the rocky shores and the tempestuous sea. The ancestors once lived in a forest far removed from the reach of ordinary men. The village, though different in every way from this one, shared a similar sense of isolation.",
13954,story,s_STORY_history_05,event,516,font_m,,,yes,"It was in this forest that the power of the ancestors was born. A stone from the stars, they call it - a fragment of some cosmic force that had fallen from the heavens. It struck the ground with a force that shook the earth beneath their feet, scattering the village into chaos. It was not like anything from this world. It radiated a strange power.",
13955,story,s_STORY_history_05,event,516,font_m,,,yes,"Trees, once proud and mighty, began to wither and rot in its wake, their leaves curling and blackening. But the ancestors did not recoil from the devastation. They reached out and claimed it, seeing in it the source of strength that had long eluded them. The stone became their connection to something far beyond their mortal comprehension.",
13956,story,s_STORY_history_06,event,516,font_m,,{main_he} {main_his},yes,"{main_he} moves with an air of purpose, {main_his} hands trembling slightly from the weight of the object {main_he} is about to present. Slowly {main_he} withdraws a stone, the black, oily surface catching the light of the sky. {main_he} holds it out, {main_his} eyes flicking between the stone and you. {main_he} speaks of the past. The stone, {main_he} explains, was the catalyst for a terrible change.",
13957,story,s_STORY_history_06,event,516,font_m,,,yes,"It was after it fell from the sky, that a sickness began. Our ancestors, who had come into direct contact with the stone, began to wither. Most of them fell ill, their bodies ravaged by an unknown malady. Some died, their lives snuffed out as quickly as they had begun. But there were survivors. Their forebears had lived on to bear children.",
13958,story,s_STORY_history_06,event,516,font_m,,{main_he},yes,"Without another word, {main_he} extends the stone toward you. You take the stone into your hand, its slick surface against your skin. It feels like nothing more than a stone - smooth, weighty, solid.",
13960,story,s_STORY_history_07,event,516,font_m,,{main_he} {main_his},yes,"{main_he} shifts {main_his} weight, glancing toward the line of trees that looms like silent sentinels in the distance. Before the burials upon the waves, before they knew the rituals that bind the village to the depths, there was another way. The first villagers, the ones who found this place, did not surrender themselves to the water.",
13961,story,s_STORY_history_07,event,516,font_m,,,yes,"No, their final resting place was among the roots of these very trees. Those trees are the guardians of our dead founders. Their blood still flows through the roots. The sea demands its tribute, yes, but it is those trees that hold the balance. And as long as they stand, so too will we.",
13963,story,s_STORY_history_08,event,516,font_m,,{main_he} {main_his},yes,"{main_he} murmures that something is shifting, {main_his} eyes narrowing. For years, the community has lived under the Deep Ones' influence, but now, it feels different. A new pivot point for their community is preeminent.",
13964,story,s_STORY_history_08,event,516,font_m,,{main_he},yes,"The Deep Ones have watched over them, keeping them tethered to the dark waters below. {main_he} wonders aloud if the chains binding them to the Deep Ones are as secure as they believe. The thing slumbering at the bottom of the ocean, lain dormant for eons, is now waking. It is slowly pulling itself from the depths, stretching out and testing the waters.",
13966,story,s_STORY_hybrids_01,event,516,font_m,,,yes,"A ripple of unease runs through the village. The people move in disarray, faces marked by confusion and fear. The hybrids are gone, vanished during the night. None of them can recall a sound, a disturbance, nothing to explain the sudden disappearance. The beds where they had slept are cold, and the belongings that had been left behind remain scattered.",
13967,story,s_STORY_hybrids_01,event,516,font_m,,,yes,"The villagers call for their missing kin, but there is no answer. The Deep Ones, with their distant eyes and stoic expressions, stand silent along the edge of the village as though waiting for something. They do not offer any solace. They merely observe.",
13968,story,s_STORY_hybrids_01,event,516,font_m,,,yes,"As the morning wears on, the sense of loss becomes all-encompassing, swallowing the village whole.#[All Villagers Despair +10]",
13971,story,s_STORY_hybrids_02,event,516,font_m,,{main_he} {main_his},yes,"{main_his} face is etched with exhaustion and grief. {main_his} hands tremble slightly as they clench and unclench at {main_his} sides. {main_he} asks if you know anything about what happened to {main_his} child. {main_he} gestures sharply toward the Deep Ones, their unyielding silence a constant source of torment for the villagers. {main_he} insists they must know something.",
13972,story,s_STORY_hybrids_02,event,516,font_m,,{main_he} {main_his},yes,"{main_he} steps closer, pointing a shaking finger at you, {main_his} voice rising with the force of {main_his} conviction. You're not just a bystander, {main_he} says. Somehow, you must be involved. How else could you stand there so calm? Some villagers exchange uneasy looks, while others nod grimly, their own suspicions taking root.",
13975,story,s_STORY_hybrids_03,event,516,font_m,,{main_he} {main_him} {main_his},yes,"{main_he} stands alone, caught between two invisible forces pulling at {main_him} from opposite directions. Anger courses through {main_him}, raw and untamed. It's a fury without a clear target, directed inward as much as outward, feeding on the confusion and conflict that defines {main_his} existence.",
13976,story,s_STORY_hybrids_03,event,516,font_m,,{main_him} {main_his},yes,"There's a part of {main_him} that yearns to break free of the village and the suffocating ties that bind {main_him} to {main_his} human lineage. It whispers to {main_him}, seductive and relentless, calling {main_him} toward the ocean.",
13977,story,s_STORY_hybrids_03,event,516,font_m,,{main_he} {main_his},yes,"{main_he} feels the rhythm of {main_his} heartbeat, an ancient pull that promises freedom, a life unshackled by the frailty and limitations of {main_his} human side. The ocean seems to echo this call, its waves crashing against the shore like the pulse of something greater, something {main_he} longs to be part of.",
13978,story,s_STORY_hybrids_03,event,516,font_m,,{main_he} {main_him},yes,"The human side of {main_him} feels weak, and filled with doubt, a part of {main_him} he despises. The more {main_he} thinks about it, the more {main_he} wants to shed that part entirely, to leave it behind like old skin and embrace the part of {main_him} that feels more primal, more powerful.",
13979,story,s_STORY_hybrids_03,event,516,font_m,,{main_he} {main_him} {main_his},yes,"{main_his} mind drifts to dreams {main_he} has had - visions of {main_him} plunging into the sea, {main_his} form disappearing beneath the waves as {main_he} swims deeper and deeper into the abyss.",
13982,story,s_STORY_hybrids_04,event,516,font_m,,{main_him} {main_his},yes,"{main_his} reflection is staring back at {main_him} with an alien intensity. {main_his} skin, a sickly green hue, seems to stretch uncomfortably over the bones beneath, as if it doesn't quite fit {main_him}. And {main_his} eyes - bulging, strange - gleam back at {main_him}, an unsettling contrast against {main_his} youthful face.",
13983,story,s_STORY_hybrids_04,event,516,font_m,,{main_he} {main_him},yes,"The growing sense of isolation presses in on {main_him}. {main_he} is a creature caught between two worlds, rejected by both. The other children seem so connected to one another. But {main_he} is different. They can see what {main_he} is, see the strangeness that radiates from {main_him} like a sickness.",
13984,story,s_STORY_hybrids_04,event,516,font_m,,{main_he} {main_him},yes,"The village seems too small for {main_him}, suffocating in its proximity. There's something inside {main_him} that longs for the water. The ocean calls to {main_him} in a way {main_he} cannot explain. But there's fear in that desire too - a fear of what {main_he} might become if {main_he} gives in.",
13988,story,s_STORY_hybrids_05,event,516,font_m,,{main_his} {other_he} {other_him},yes,"{main_his} thoughts shift to {other_him}, a hybrid, a living reminder of the twisted nature of their family's bloodline. Half human, half something that lurks beneath the surface. It isn't just the physical differences - the webbed hands, the strange eyes - it is something deeper, an unsettling aura that clings to {other_him}, a reminder that {other_he} is not whole.",
13989,story,s_STORY_hybrids_05,event,516,font_m,,{main_him},yes,"Being 'half' of anything seems unnatural to {main_him}, a violation of the sanctity of pure blood. The idea of mixed heritage feels like a curse, a stain on the family name.",
13992,story,s_STORY_hybrids_06,event,516,font_m,,{main_he} {main_his},yes,"{main_he} stands before you, {main_his} thoughts seemingly drifting away like the tide. {main_he} speaks of the sea with a deep yearning. You can feel the longing in {main_his} voice, a pull {main_he} can't quite explain.",
13993,story,s_STORY_hybrids_06,event,516,font_m,,{main_he} {main_his},yes,"{main_he} speaks of a city beneath the waves, a place older and grander than anything that could be found on land. {main_he} wishes to see it, to witness its enormity firsthand, to know what lies beneath the surface of the ocean. As {main_he} speaks, you notice the way {main_his} eyes brighten, the way {main_his} body leans forward, eager to share {main_his} thoughts.",
13996,story,s_STORY_hybrids_07,event,516,font_m,,{main_he},yes,"{main_he} opens up to you. There are fragments, {main_he} says, disjointed memories that don't match the life {main_he} has known. {main_he} describes a small room far below the surface of the ocean, crammed with too many bodies, their forms pressed together in a way that makes movement impossible. The room has openings on all sides, including the ceiling, but they are too small to escape through.",
13997,story,s_STORY_hybrids_07,event,516,font_m,,,yes,"He's trapped in this place, confined by its darkness and its overwhelming sense of proximity to others. It's a feeling of being in some kind of suspended state, waiting for an awakening, or perhaps an end. The sensation is unnerving, as if he's recounting something he's experienced, but at the same time, it doesn't fully belong to him.",
13998,story,s_STORY_hybrids_07,event,516,font_m,,{main_he} {main_his},yes,{main_he} is no longer sure where {main_his} own thoughts end and where these foreign memories begin. The pull of the sea grows stronger.,
14001,story,s_STORY_hybrids_08,event,516,font_m,,{main_he} {main_his},yes,"{main_he} leans in, lowering {main_his} voice as if {main_he} is about to reveal something important. {main_he} shares a secret. {main_he} tells you that a pinch of salt in {main_his} beer is all it takes to transform the drink entirely. Judging by the way {main_his} eyes light up with excitement, you can tell it's something {main_he} truly believes in.",
14002,story,s_STORY_hybrids_08,event,516,font_m,,{main_he} {main_him} {main_his},yes,"{main_he} insists you must try it, a bit of salt, just a pinch, and you'll understand what {main_he} means. The enthusiasm fades into frustration as {main_he} continues. A small injustice has gnawed at {main_him} for far too long. The pub staff refuses to give {main_him} salt for his beer. {main_he} shakes {main_his} head, clearly irritated, muttering under {main_his} breath about having to bring {main_his} own salt.",
14005,story,s_STORY_hybrids_09,event,516,font_m,,{main_he} {main_his},yes,"{main_he} looks at you with an intensity that suggests {main_he} is searching for something within you. {main_he} asks if you feel the connection to what lies waiting in the deep, {main_his} voice heavy with a knowing sadness. A pull that comes in waves, slow and steady, like a heartbeat felt beneath the earth.",
14006,story,s_STORY_hybrids_09,event,516,font_m,,{main_he} {main_his},yes,"At its peak, the feeling becomes a rush of memories, fragments of impressions, sensations that don't belong to you but seem familiar. {main_he} pauses, {main_his} eyes drifting towards the horizon, as if {main_he} is momentarily lost in the depths of the ocean {main_he} speaks of.",
14007,story,s_STORY_hybrids_09,event,516,font_m,,,yes,"Those with Deep One parentage seem to sense it most acutely. It's as if the very blood in their veins calls to it, attuned to the rhythms of the sea. It's as old as the sea itself.",
14010,story,s_STORY_hybrids_10,event,516,font_m,,{main_he} {main_him} {main_his},yes,"{main_he} asks you about the dark place in the water, the one {main_he} sometimes sees when {main_his} mind drifts to the waves. When {main_he} is near the water the sea itself is trying to show {main_him} something hidden beneath the waves. {main_he} asks if you and {main_he} can go there, if it's possible to find this place.",
14012,story,s_STORY_mental_01,event,516,font_m,,{main_he} {main_his} {other_him},yes,"{main_he} resents not being able to be {other_him}, feeling trapped in {main_his} own skin",
14013,story,s_STORY_mental_01,event,516,font_m,,{main_he} {other_him},yes,{main_he} despises the fact that {main_he} can't be {other_him},
14014,story,s_STORY_mental_01,event,516,font_m,,{main_he} {main_him} {main_his},yes,"{main_his} identity feels like a cage, locking {main_him} into a being {main_he} can't stand",
14015,story,s_STORY_mental_01,event,516,font_m,,{main_he} {main_his},yes,"{main_he} is reaching out, not for answers, but for a way to slip out of {main_his} own life and into someone else's. He wants to swap places with someone. There's an eerie sense of certainty as if {main_he} is convinced that this is not only possible but necessary.",
14016,story,s_STORY_mental_01,event,516,font_m,,{main_he} {main_his},yes,"It's something {main_he} has done before, an experiment of sorts. {main_he} switched places with his {main_his} reflection - literally stepping into his mirror image. It was a brief moment, but one that held a strange sense of clarity. {main_he} believes it can be done again, with other people. Anyone who is willing can transcend the boundaries of self.",
14019,story,s_STORY_mental_02,event,516,font_m,,{main_his} {other_he},yes,{other_he} doesn't seem to value {main_his} music,
14020,story,s_STORY_mental_02,event,516,font_m,,{main_his} {other_he},yes,{other_he} is not moved by the sound of {main_his} music,
14021,story,s_STORY_mental_02,event,516,font_m,,{main_his} {other_he},yes,{other_he} recoils at the sound of {main_his} voice,
14022,story,s_STORY_mental_02,event,516,font_m,,{main_he} {main_his},yes,"{main_he} is offering an invitation, a chance for something {main_he} believes can be shared. {main_he} asks if {main_he} can fulfill a wish for you. {main_he} believes herself to be a siren, a creature capable of more than just seduction. It's not the allure of {main_his} presence that {main_he} offers but something more profound.",
14023,story,s_STORY_mental_02,event,516,font_m,,{main_he} {main_his},yes,"{main_he} speaks of {main_his} singing, of the songs {main_he} sings in the mornings and evenings, songs that, in {main_his} belief, hold power. It's through these songs that {main_he} feels connected to something that transcends the limitations of {main_his} human and Deep One heritage.",
14024,story,s_STORY_mental_02,event,516,font_m,,{main_he} {main_his},yes,"In those moments, when {main_his} voice fills the air, {main_he} feels as though {main_he} can change the course of things. {main_his} eyes search yours, watching for a flicker of understanding, hoping that someone will believe in the power {main_he} claims to hold. There is something desperate in the way {main_he} offers {main_his} ability.",
14026,story,s_STORY_mental_03,event,516,font_m,,{main_him} {other_he},yes,{other_he} probably thinks less of {main_him},
14027,story,s_STORY_mental_03,event,516,font_m,,{main_him} {other_he},yes,{other_he} probably doesn't care for {main_him},
14028,story,s_STORY_mental_03,event,516,font_m,,{main_him} {other_he},yes,{other_he} likely feels animosity towards {main_him},
14029,story,s_STORY_mental_03,event,516,font_m,,{main_he} {main_his},yes,"{main_he} has a companion, though it's not the kind of companionship most people would expect. The two are inseparable, yet there's something about their bond. It's an uneven relationship. It is feeding off {main_his} anxiety, drawing strength from {main_his} unease. No matter where {main_he} goes, it will follow, growing ever more entrenched in {main_his} life. There is no escape from it.",
14034,story,s_STORY_mental_04,event,516,font_m,,{main_he},yes,{main_he} is overwhelmed by a surge of heat,
14035,story,s_STORY_mental_04,event,516,font_m,,{main_his},yes,a searing warmth floods {main_his} body,
14036,story,s_STORY_mental_04,event,516,font_m,,{main_he} {main_him},yes,{main_he} feels a fiery heat rising within {main_him},
14037,story,s_STORY_mental_04,event,516,font_m,,{main_him} {main_his},yes,"The heat in {main_his} lower body is suffocating, a constant pressure that gnaws at {main_him}, as though it's trying to claw its way out, to make its presence known. There is no escape from it, no release. The longer it stays, the more it intensifies, until it seems as though the very act of breathing stokes its fire.",
14040,story,s_STORY_mental_05,event,516,font_m,,{main_him} {other_he},yes,{other_he} wants to push past {main_him},
14041,story,s_STORY_mental_05,event,516,font_m,,{main_he} {other_he} {other_his},yes,{other_he} complains {main_he} is blocking {other_his} path,
14042,story,s_STORY_mental_05,event,516,font_m,,{other_he},yes,{other_he} is coming too close,
14043,story,s_STORY_mental_05,event,516,font_m,,{main_he} {main_him} {main_his},yes,"{main_he} stands alone in the doorway, unable to step fully into neither the freedom of the open world nor the safety of the closed space. {main_his} presence is blocking the path of others, not out of malice, but from a sense of internal turmoil that keeps {main_him} tethered to this liminal space.",
14044,story,s_STORY_mental_05,event,516,font_m,,{main_he} {main_him},yes,"{main_he} fears the vastness of the sky, the endless expanse of the ocean. Inside the walls close in on {main_him}, will not let {main_him} go. So {main_he} stands in the doorway, refusing to let others pass. {main_he} is a figure in transition, caught between two extremes, neither of which {main_he} can fully embrace.",
14046,story,s_STORY_mental_06,event,516,font_m,,{other_he},yes,{other_he} speaks with a volume that drowns out everything else,
14047,story,s_STORY_mental_06,event,516,font_m,,{other_him},yes,the sound of {other_him} leaves no room for peace,
14048,story,s_STORY_mental_06,event,516,font_m,,{other_he},yes,{other_he} fills the air with noise,
14049,story,s_STORY_mental_06,event,516,font_m,,{main_he} {main_his},yes,"{main_he} is afraid of the constant intrusion of sound that fills {main_his} mind like an overwhelming tide, relentless and uninvited. The ocean roars, its rolling crash resonating within {main_his} bones. The wind joins the chorus, its whistling through cracks in the building like a thousand annoying whispers.",
14050,story,s_STORY_mental_06,event,516,font_m,,{main_he} {main_him} {main_his},yes,"And the people. Their jarring voices press against {main_his} skull like nails, each conversation a hammering that shatters {main_his} fragile peace. {main_he} wishes for silence, where nothing disturbs the stillness of {main_his} thoughts. {main_he} longs for the moment when everything around {main_him} goes still.",
14052,story,s_STORY_mental_07,event,516,font_m,,{other_he},yes,{other_he} is nothing more than an illusion,
14053,story,s_STORY_mental_07,event,516,font_m,,,yes,it changes nothing about what is real,
14054,story,s_STORY_mental_07,event,516,font_m,,{other_his},yes,{other_his} opinion doesn't matter,
14055,story,s_STORY_mental_07,event,516,font_m,,{main_he} {main_him} {main_his},yes,"{main_he} moves through the world as if it is an illusion, where nothing around {main_him} feels solid or true. {main_he} insists that none of it is real - that you, the figure standing before {main_him}, are merely a creation of {main_his} own mind. Despite this, {main_he} does not push you away. {main_he} plays along, following the motions. {main_he} cannot bear the thought of being completely alone in this empty space.",
14057,story,s_STORY_mental_08,event,516,font_m,,{other_he} {other_his},yes,{other_he} is wearing {other_his} kindness like a mask to hide {other_his} true intentions,
14058,story,s_STORY_mental_08,event,516,font_m,,{main_him} {other_he},yes,{other_he} probably thinks poorly of {main_him},
14059,story,s_STORY_mental_08,event,516,font_m,,{other_his},yes,{other_his} existence feels hollow,
14060,story,s_STORY_mental_08,event,516,font_m,,{main_he} {main_his},yes,"{main_he} feels the cold seeping deep into {main_his} bones, not just from the chill in the air, but from something darker within. It spreads from {main_his} heart. The warmth of others, their gestures of care, feels distant and foreign. {main_his} isolation becomes {main_his} only refuge, the one place where {main_he} can be certain of {main_his} own existence.",
14063,story,s_STORY_mental_09,event,516,font_m,,{main_he} {main_him} {main_his},no,"Everyone knows {main_he} is always thirsty, making {main_him} a constant presence by the shore, always searching for some relief. {main_his} skin is parched, stretched tight over hollow cheeks, a gauntness that speaks to the dehydration {main_he} suffers. {main_his} face has the rough texture of dried seaweed left too long in the sun.",
14064,story,s_STORY_mental_09,event,516,font_m,,{main_he} {main_his},no,"{main_he} has been seen drinking saltwater, unable to resist the pull of the ocean's brine. The urge is overwhelming, like a primal need that {main_he} cannot suppress. At times {main_he} has been found hunched over, vomiting up the saltwater that {main_he} so desperately consumes, {main_his} body rejecting what it craves.",
14065,story,s_STORY_mental_09,event,516,font_m,,{main_he} {main_him} {main_his},no,"{main_his} movements have become slow, laborious, as though {main_his} legs have forgotten how to bear {main_his} weight. {main_he} stumbles and falls often, {main_his} body too weak to support {main_him} for long. Despite this, {main_he} keeps pushing forward, always searching for more to drink.",
14068,story,s_STORY_mental_10,event,516,font_m,,,yes,"the unthinkable has been done, and there is no deeper place to fall",
14069,story,s_STORY_mental_10,event,516,font_m,,{main_him} {other_his},yes,the weight of {other_his} judgment gnaws at {main_him},
14070,story,s_STORY_mental_10,event,516,font_m,,{main_he} {main_him} {main_his},yes,"{main_he} cannot stand the way people look at {main_him}, as if {main_his} mistake is all they can see",
14071,story,s_STORY_mental_10,event,516,font_m,,{main_his},yes,"{main_his} face is a mask of twisted emotions, {main_his} torment never fades. The tears fall silently, each drop is a reminder of a guilt that cannot be escaped. It doesn't matter if he smiles or laughs, there is always that trace of sorrow, that steady stream of grief that no joy can dry.",
14073,story,s_STORY_mental_11,event,516,font_m,,{main_he} {main_his},yes,{main_he} is resolute in maintaining full control of {main_his} actions,
14074,story,s_STORY_mental_11,event,516,font_m,,{main_he},yes,{main_he} refuses to be overtaken,
14075,story,s_STORY_mental_11,event,516,font_m,,{main_he} {main_his},yes,{main_he} is not ready to give up {main_his} grip on reality,
14076,story,s_STORY_mental_11,event,516,font_m,,{main_he} {main_him} {main_his},yes,"{main_he} holds the hand mirror in front of {main_him}, {main_his} fingers tightly wrapped around the handle. It's not {main_his} reflection {main_he} sees. {main_he} murmurs that {main_he} can't let it control {main_him}, {main_his} voice shaky and strained. The edges of her reality are dissolving into something {main_he} can't control.",
14078,story,s_STORY_mental_12,event,516,font_m,,{main_he},yes,{main_he} is trapped in the grip of something invisible,
14080,story,s_STORY_mental_12,event,516,font_m,,{main_him} {main_his},yes,no one can pull {main_him} from the depths of {main_his} distress,
14081,story,s_STORY_mental_12,event,516,font_m,,{main_he} {main_him} {main_his},yes,"{main_he} flails {main_his} arms desperately. {main_his} breath comes in panicked gasps, and the villagers around {main_him} instinctively step back. {main_his} body trembles with the strain, and {main_his} cries echo through the stillness. Collapsing to {main_his} knees, {main_he} reaches out, grabs hold of a wooden plank, clutching it with {main_his} remaining strength. Tears stream down {main_his} face, {main_his} entire body wracked with silent sobs.",
14084,story,s_STORY_mental_13,event,516,font_m,,{main_he},yes,{main_he} follows the puppet's command without question,
14085,story,s_STORY_mental_13,event,516,font_m,,{main_his},yes,{main_his} actions mirror the puppet's demands,
14086,story,s_STORY_mental_13,event,516,font_m,,{main_he} {main_his},yes,"{main_his} puppet insists, and {main_he} listens",
14087,story,s_STORY_mental_13,event,516,font_m,,{main_he} {main_his},yes,"{main_he} holds a puppet in {main_his} small hands. It is a grotesque thing. Both eyes are hollowed out, leaving empty sockets. As your gaze lingers, the child notices. Without a word, {main_he} shifts slightly, {main_his} fingers tightening on the puppet.",
14089,story,s_STORY_mental_14,event,516,font_m,,{main_his},yes,"{main_his} need is for sorrow, an insatiable hunger.",
14090,story,s_STORY_mental_14,event,516,font_m,,{main_he},yes,{main_he} feeds on the weight of despair,
14091,story,s_STORY_mental_14,event,516,font_m,,{main_him},yes,grief is the fuel that drives {main_him},
14092,story,s_STORY_mental_14,event,516,font_m,,{main_he} {main_him},yes,"{main_he} believes himself to be a parasite, not one that feeds on flesh or blood, but on something far more insidious: despair. It is the ache of sorrow that nourishes {main_him}.",
14093,story,s_STORY_mental_14,event,516,font_m,,{main_he} {main_his},yes,"{main_he} latches onto those who are suffering emotional wounds. {main_he} senses the deep ache of loss, and {main_he} is drawn toward it with a predatory hunger. Once {main_he} attaches, {main_his} tendrils invade the mind, weaving into the fragile thoughts of the grieving, pulling at their memories and their vulnerabilities. {main_he} makes the past seem unbearable, the future bleak, and the present suffocating.",
14095,story,s_STORY_mental_15,event,516,font_m,,{main_he},yes,{main_he} yearns for a cleansing fire that will purify all,
14096,story,s_STORY_mental_15,event,516,font_m,,{main_he},yes,{main_he} belives in a purification born from chaos,
14097,story,s_STORY_mental_15,event,516,font_m,,,yes,the only way forward is to tear down and start fresh from the ashes,
14098,story,s_STORY_mental_15,event,516,font_m,,{main_he} {main_his},yes,"{main_he} is obsessed with fire. {main_his} thoughts often drift back to {main_his} ancestors, those who fled from the flames. Despite their flight, {main_he} feels a pull toward the fire. {main_he} talks of the cleansing power of the flames, how they burn away the impurities of the world. {main_he} believes that fire is divine, a force that transcends the very earth itself.",
14099,story,s_STORY_mental_15,event,516,font_m,,{main_he} {main_his},yes,"In {main_his} mind, the sea and its salty air, though powerful, are not enough. Without the fire, there can be no true transformation. {main_he} describes ashes, the remnants of destruction, as the foundation for rebirth.",
14102,story,s_STORY_mental_16,event,516,font_m,,{main_him},yes,the red devil from the black void tells {main_him} to do so,
14103,story,s_STORY_mental_16,event,516,font_m,,{main_him},yes,"the red devil speaks, telling {main_him} what to do",
14104,story,s_STORY_mental_16,event,516,font_m,,{main_him},yes,The creature from the black expanse commands {main_him},
14106,story,s_STORY_mental_17,event,516,font_m,,{main_he} {main_his},yes,"{main_his} eyes glow with zeal. {main_he} questions why the village continues to endure the stain of outsiders. The villagers are imbued with a destiny that set them apart from the outside world. They are the chosen. To tolerate the presence of outsiders is to invite defilement. Their prying eyes seek forbidden truths, their voices pollute the air with questions.",
14107,story,s_STORY_mental_17,event,516,font_m,,{main_his},yes,"Silence in the face of the outsiders intrusion signals weakness. The solution, in {main_his} eyes, is clear. The cult could purge the outsiders in a tide of blood, an offering that would cleanse the village. It would send an unmistakable warning to all who dared to approach. The cult is far too potent to remain hidden in shadows.",
14109,story,s_STORY_mental_18,event,516,font_m,,{main_he} {other_him},yes,{main_he} believes himself to be above {other_him},
14110,story,s_STORY_mental_18,event,516,font_m,,{main_his},yes,in {main_his} heart burns a conviction of dominance,
14111,story,s_STORY_mental_18,event,516,font_m,,{main_he} {other_his},yes,{main_he} feels slighted by {other_his} attitude,
14112,story,s_STORY_mental_18,event,516,font_m,,{main_he} {main_his},yes,"{main_he} moves awkwardly, {main_his} gait a grotesque imitation of the shuffling stride of a Deep One. {main_his} mouth contorts, producing wet sounds that mimic calls of the Deep Ones. The unnatural noises are echoing faintly in the still air. {main_he} forces {main_his} eyes wide, {main_his} face rigid with concentration as {main_he} tries not to blink, {main_his} stare adding an eerie intensity to {main_his} performance.",
14113,story,s_STORY_mental_18,event,516,font_m,,{main_he} {main_him} {main_his},yes,"To complete {main_his} transformation, {main_he} has smeared fish innards across {main_his} neck, the viscous residue oozing faintly. The putrid stench wafts through the air, provoking disgust from those around {main_him}. {main_his} behaviour is a testament to the lengths one might go in blind worship.",
14115,story,s_STORY_mental_19,event,516,font_m,,{main_he},yes,{main_he} is as tipsy as a sailor on shore leave,
14116,story,s_STORY_mental_19,event,516,font_m,,{main_he},yes,{main_he} is three sheets to the wind,
14118,story,s_STORY_mental_20,event,516,font_m,,{main_he},yes,{main_he} is riled up and reckless from the alcohol,
14119,story,s_STORY_mental_20,event,516,font_m,,{main_he},yes,{main_he} is belligerent after a few too many rounds,
14120,story,s_STORY_mental_20,event,516,font_m,,{main_he},yes,{main_he} is being irritable thanks to the alcohol,
14122,story,s_STORY_mental_21,event,516,font_m,,{main_he},yes,{main_he} becomes confrontational when {main_he} is drunk,
14123,story,s_STORY_mental_21,event,516,font_m,,{main_his},yes,{main_his} drunkenness brings out {main_his} hostility,
14124,story,s_STORY_mental_21,event,516,font_m,,{main_he} {main_his},yes,{main_his} attitude gets nasty when {main_he} has had too much to drink,
14126,story,s_STORY_mental_22,event,516,font_m,,{main_he},yes,{main_he} overdid it with the drinks,
14127,story,s_STORY_mental_22,event,516,font_m,,{main_he},yes,{main_he} drank to the point of a stupor,
14128,story,s_STORY_mental_22,event,516,font_m,,{main_he},yes,{main_he} drank more than {main_he} could handle,
14130,story,s_STORY_mental_23,event,516,font_m,,{main_he},yes,{main_he} is a heavy drinker,
14131,story,s_STORY_mental_23,event,516,font_m,,{main_he},yes,{main_he} has a drinking problem,
14132,story,s_STORY_mental_23,event,516,font_m,,{main_he} {main_his},yes,{main_he} can't hold {main_his} liquor,
14134,story,s_STORY_mental_24,event,516,font_m,,{main_he},yes,{main_he} struggles with feelings of inadequacy,
14135,story,s_STORY_mental_24,event,516,font_m,,{main_he},yes,{main_he} is plagued by self-doubt,
14136,story,s_STORY_mental_24,event,516,font_m,,{main_he} {main_him} {other_he},yes,{main_he} feels {other_he} is putting {main_him} down,
14137,story,s_STORY_mental_24,event,516,font_m,,{main_he} {main_his},yes,"{main_he} unveils {main_his} black, necrotic hand, a grotesque sight. Its skin is ashen, mottled with dark purples, giving it a corpse-like appearance. The flesh appears withered, deprived of life and circulation for far too long. The fingers may appear stiff and twisted, bent at odd angles, with the nails darkened, and brittle.",
14138,story,s_STORY_mental_24,event,516,font_m,,{main_he} {main_him} {main_his},yes,"In a dream, {main_he} recounts, something clung to {main_him}, trying to pull {main_him} into the abyss. Even as {main_he} fought to wake, {main_he} could still feel its grip. When {main_he} finally managed to stumble to {main_his} feet, the force that had held {main_him} disappeared, but the malformed hand remained - a lasting mark of the nightmare.",
14140,story,s_STORY_mental_25,event,516,font_m,,{main_him} {main_his},yes,{main_his} confusion is making {main_him} hostile,
14141,story,s_STORY_mental_25,event,516,font_m,,{main_he},yes,{main_he} is annoyed by how lost {main_he} feels,
14142,story,s_STORY_mental_25,event,516,font_m,,{main_he},yes,{main_he} is irritated by not understanding what's going on,
14143,story,s_STORY_mental_25,event,516,font_m,,{main_he} {main_him} {main_his},yes,"{main_he} stands frozen, {main_his} wide eyes darting around in panic, as if seeing the world for the first time in years. A look of horror crosses {main_his} face as {main_he} stares in disbelief, {main_his} mind struggling to comprehend the sight before {main_him}. {main_his} voice trembles with disbelief.",
14144,story,s_STORY_mental_25,event,516,font_m,,{main_he} {main_him} {main_his},yes,"Those around {main_him} watch in confusion, trying to make sense of the disjointed words spilling from {main_his} mouth. {main_he} is horrified by the presence of the hybrids and Deep Ones. {main_he} seems lost. {main_his} mind is trapped in a time long past, before the pact with the Deep Ones was made.",
14146,story,s_STORY_mental_26,event,516,font_m,,{main_he},yes,{main_he} aims to find equilibrium in their relationship,
14147,story,s_STORY_mental_26,event,516,font_m,,{main_he},yes,{main_he} seeks a way to even things out between them,
14148,story,s_STORY_mental_26,event,516,font_m,,{main_he},yes,{main_he} is trying to force some sort of balance,
14149,story,s_STORY_mental_26,event,516,font_m,,{main_he} {main_his},yes,"{main_he} holds {main_his} hands up, pressing them too close to your face, as if trying to make you see something {main_he} cannot fully understand. {main_he} struggles to make sense of the lines etched into {main_his} palms, noting how each hand is different. What could it mean, {main_he} wonders aloud. {main_his} mind struggles to find a logical explanation.",
14150,story,s_STORY_mental_26,event,516,font_m,,{main_his},yes,{main_his} voice rises as he questions whether the lines shouldn't mirror each other. Maybe cutting some of the lines with a knife could fix whatever is wrong.,
14152,story,s_STORY_mental_27,event,516,font_m,,{main_he} {main_his},yes,"{main_he} leans in too close, burping into your face with a nauseating stench of alcohol. {main_he} gives a tired laugh, shaking {main_his} head. What a morning, {main_he} mutters. {main_his} face twists into a grimace as {main_he} recounts {main_his} frustrations, explaining how {main_he} hates it here. {main_he} found worms wriggling in {main_his} breakfast. Can you believe it, {main_he} adds, still incredulous.",
14154,story,s_STORY_mental_28,event,516,font_m,,{main_he} {main_him} {main_his},yes,"{main_he} stands motionless, locked in a trance-like state. {main_his} eyes are fixed intently on the restless expanse of the sea. {main_his} shoulders sag heavily, and {main_his} hunched frame leans forward. The exaggerated elongation of {main_his} neck gives {main_him} an almost bestial appearance.",
14155,story,s_STORY_mental_28,event,516,font_m,,{main_he} {main_his},yes,"Sniffling noises escape {main_his} nose, as though {main_he} is scenting something carried on the salty breeze. {main_his} lips curl into a sneering expression, twisted with disdain. {main_his} arms hang loosely by {main_his} sides, swinging slightly with a pendulous rhythm. {main_his} strange behavior creates a disquiet that unsettles even the most devout among the villagers.",
14158,story,s_STORY_mental_29,event,516,font_m,,{main_he} {main_his},yes,"{main_he} kneels before {main_his} artefact, which lies on the ground. {main_his} head bows low, {main_his} hands trembling as they hover near the object but dare not touch it directly. His voice is a barely audible whisper.",
14159,story,s_STORY_mental_29,event,516,font_m,,{main_he} {main_his},yes,"The whispers grow more fervent, {main_his} body rocking slightly. The cadence of {main_his} murmurs becomes erratic. {main_his} expression contorts, fear creeping into {main_his} eyes, {main_his} whispers turning into panicked pleas. {main_he} leans in closer, as if straining to hear an answer.",
14160,story,s_STORY_mental_29,event,516,font_m,,{main_he} {main_his},yes,"{main_his} face twists with rage, veins bulging on {main_his} neck as {main_he} jerks upright and begins to shout, {main_his} voice cracking with hysteria, Spittle flying from {main_his} mouth. The surrounding villagers shrink away. Few dare to so much as glance in {main_his} direction.",
14162,story,s_STORY_mental_30,event,516,font_m,,{main_he} {main_him} {main_his},yes,"You notice {main_him}, holding {main_his} candle with trembling hands. The flame flickers erratically in the gusts of wind, casting dancing shadows across {main_his} face. {main_he} is focused on keeping it alight. {main_he} maintains {main_his} grip on the candle, as though it were a lifeline.",
14163,story,s_STORY_mental_30,event,516,font_m,,{main_he} {main_him} {main_his},yes,"{main_his} family watches from a distance, their concern growing. They are trying to reach {main_him}, but {main_he} doesn't meet their gaze. {main_his} eyes stay fixed behind them. {main_he} repeats that {main_he} must keep the shadows alive, as though the flame in {main_his} hand is not just a source of light.",
14166,story,s_STORY_mental_31,event,516,font_m,,{main_he} {main_him} {main_his},yes,"{main_he} is torn between the desire to believe and the overwhelming weight of {main_his} suffering. {main_he} seeks reassurance, your encouragement to hold on to the faith that seems to be slipping away from {main_him}. The village, {main_he} says, is drowning in despair and {main_he} can feel it all, like a darkness creeping into {main_his} very soul.",
14167,story,s_STORY_mental_31,event,516,font_m,,{main_he} {main_his},yes,"{main_he} begins to change. A slight tremor in the corner of {main_his} mouth grows more pronounced, spreading across {main_his} lips until they begin to tremble. {main_his} gaze wavers, {main_his} eyes now heavy, struggling to stay fixed on you. {main_his} voice becomes strained, the words slurring together. Then left side of {main_his} face slackens. The quiet desperation in {main_his} eyes speaks volumes.",
14170,story,s_STORY_mental_32,event,516,font_m,,{main_he} {main_him},yes,"{main_he} is consumed by the idea of blood, fixated on bloodlines, as though they hold the key to unlocking something beyond the reach of ordinary humans. {main_he} sees in hybrids something that transcends the limitations of the human race. To {main_him}, they are not mere beings but superhumans, blessed with a connection to something ancient.",
14171,story,s_STORY_mental_32,event,516,font_m,,{main_his},yes,"{main_his} obsession shows itself in the twitchy movements of {main_his} face, {main_his} lips contorting with fleeting expressions that seem out of place. {main_his} hands are the most telling. They are never still, constantly moving in a restless rhythm, twitching and shifting.",
14172,story,s_STORY_mental_32,event,516,font_m,,{main_he} {main_his},yes,"As you watch, you realize there is something more deliberate in {main_his} movements. The gestures are strange, intricate, precise in ways that suggest they are not just random spasms but part of some silent ritual {main_he} performs. {main_his} hands show fresh cuts, some so thin that the blood has barely begun to bead, fine lines of crimson.",
14174,story,s_STORY_mental_33,event,516,font_m,,,yes,"The pub stands ominously quiet. A few villagers gather in front of it, their expressions strained and grim. They exchange hushed words, their frustration evident as they discuss their forced abstinence. Their faces show the marks of anxiety. A few have their hands tucked deep into their pockets, as if to hide the tremble of their fingers.",
14175,story,s_STORY_mental_33,event,516,font_m,,,yes,"A single villager stands apart from the crowd, silently clutching an empty bottle. His lips press against it, as though he can still taste the remnants of what once was. His knuckles whiten as he grips it tightly, his face twisted in a moment of bitter longing.",
14176,story,s_STORY_mental_33,event,516,font_m,,,yes,There's a sense of helplessness in the air. The villagers have been deprived of their comfort. The absence of alcohol has done more than sober them; it has exposed the emptiness they had once numbed.,
14179,story,s_STORY_mold_01,event,516,font_m,,{main_he} {main_his} {other_he},yes,"{main_his} frustration is evident as {main_he} describes the worsening situation in {main_his} home. {main_he} mentions how {other_he} has been leaving puddles of water everywhere. The floors are perpetually soaked, the walls always damp. It's as though the house itself is slowly sinking into the sea.",
14180,story,s_STORY_mold_01,event,516,font_m,,{main_he},yes,"Then, {main_he} describes the strange, overpowering smell that has overtaken the house. It's not the fresh, briny scent of the ocean It's the smell of things that fester in the dark, far below the waves. No matter how much {main_he} tries to air the house out, the stench lingers, and it grows worse by the day.",
14181,story,s_STORY_mold_01,event,516,font_m,,,yes,"Illness has gripped everyone in the household. They all cough, noses run, and aches persist, a constant reminder that something is very wrong. There's no respite. Sleep is restless, filled with strange dreams or waking in the night, gasping for breath.",
14183,story,s_STORY_mold_02,event,516,font_m,,,yes,"Your house seems to be succumbing to an invasion, one that crept in quietly and now refuses to be ignored. Dark patches of mold bloom in the corners, spreading outward like an infection.",
14184,story,s_STORY_mold_02,event,516,font_m,,,yes,"The stains branch like veins, creeping up walls and across the ceilings. The patterns they form are almost deliberate - curving lines and spirals that suggest a purpose beyond the natural spread of mildew.",
14186,story,s_STORY_mold_03,event,516,font_m,,,yes,"The pier's wooden planks warp and splinter under the relentless assault of saltwater and time. Much of the structure is blackened with rot, its beams sagging precariously.",
14187,story,s_STORY_mold_03,event,516,font_m,,,yes,"Upon closer inspection, the rotted wood bears carved symbols etched deep into the grain. The edges of the carvings are crusted with blackened, spongy growths that radiate outward like wounds spreading infection. Fungus blooms from the pier's surface in grotesque patches. Tendrils of mold snake out in all directions, forming a slick, uneven carpet that makes every step treacherous.",
14189,story,s_STORY_mold_04,event,516,font_m,,,yes,"The exteriors of the village households bear the unmistakable mark of decay, their walls marred by an encroaching invasion of mold. It creeps up from the foundations, dark tendrils spreading like veins, crawling higher with each passing day.",
14190,story,s_STORY_mold_04,event,516,font_m,,,yes,"The stone walls are stained black in jagged patterns. The wooden sections have taken on a grotesque, hairy texture, covered in a layer of fibrous growth that shifts with the slightest breeze. Everywhere you look, the mold seems to seep inward, breaching the barriers between outside and in.",
14192,story,s_STORY_mold_05,event,516,font_m,,,yes,"All around, villagers are coughing - a dry, hacking sound that echoes off the mold-stained walls Their voices rasping as they struggle against the irritation. You feel it creeping into your own lungs, an itch deep in your throat. Each inhale feels heavier than the last, the air thick with the musty stench of damp stone and decaying wood.",
14193,story,s_STORY_mold_05,event,516,font_m,,,yes,"Your chest tightens, and you stifle the urge as long as you can, but the rasping cough forces its way out, dry and painful.",
14195,story,s_STORY_mold_06,event,516,font_m,,{main_he} {main_his},yes,"The smell inside {main_his} house, {main_he} says, is impossible to escape. It's the smell of decay, of a house slowly succumbing to rot. The walls sweat with moisture, the floors are cold and clammy, and the furniture seems to carry the scent deep within its fibers, as though the house itself has begun to rot from the inside out.",
14197,story,s_STORY_mold_07,event,516,font_m,,{main_he} {main_his},yes,"{main_he} crouches close to the wall, {main_his} face alight with a mix of curiosity and wonder. {main_he} leans in, peering at the patch of mold spreading across the surface. It's unlike anything {main_he} has seen before, a strange mosaic of colors. Hints of deep green and black dominate, but as {main_he} looks closer, subtler shades emerge - sickly yellows and violets.",
14198,story,s_STORY_mold_07,event,516,font_m,,{main_him} {main_his},yes,"{main_his} fingers hover near the edge of the patch. The textures are mesmerizing - some parts look soft and velvety, while others are slimy, glistening as though alive. To {main_him}, it is not yet a threat, only a peculiar burst of life blooming in the cracks of {main_his} home.",
14200,story,s_STORY_mold_08,event,516,font_m,,,yes,"Two drunks stagger along, their voices thick with alcohol as they point toward the ground. One of them gestures vaguely. He mutters something about how that particular area was where he had been vomiting the night before.",
14201,story,s_STORY_mold_08,event,516,font_m,,,yes,"The second man squints. After a moment of hesitation, he slurs out an agreement. He then laughs and goes on to remark that there's no need to clean it up. The vomit is already covered by a furry kind of mold, blending in perfectly with the surroundings.",
14203,story,s_STORY_mold_09,event,516,font_m,,,yes,"Most of the ground is covered in mold now, a thick, damp velvet. It's an unexpected luxury, soft underfoot, cushioning each step with gentleness.",
13327,story,s_STORY_nightmare_1,event,516,font_m,,,yes,"A dull throb presses into your skull, relentless, like the ocean battering the shore, pulling at your mind. Each pulse is a wave, crashing in time with your heartbeat, rising and falling, a steady tide of pain.",
13328,story,s_STORY_nightmare_1,event,516,font_m,,,yes,"It settles in the back of your skull, creeping along your temples, radiating out, spreading like a storm moving through slow water. Ripples pull you under, and you can't tell where you end and the pain begins, the line between self and suffering lost, like the horizon that disappears when the waves rise too high.",
13329,story,s_STORY_nightmare_1,event,516,font_m,,,yes,"And then, just as you start to believe you might lose yourself in the depths of this ocean, the waves begin to quiet. The pain lingers still, but softer now, the storm's roar muted to a dull murmur, a lull that pulls you toward rest. You float, suspended between waking and sleeping, lost in the space where the world has no shape, and the ache no longer threatens to drown you.",
13330,story,s_STORY_nightmare_2,event,516,font_m,,,yes,"The air is thick, a weight pressing down, your skin is damp, soaked in sweat, each breath a labor, each movement a struggle. The heat sticks to you, a slow burn that seeps into your bones, your clothes clinging to you.",
13331,story,s_STORY_nightmare_2,event,516,font_m,,,yes,"The room is still, the air stagnant, hot, and yet, somehow, you can feel it shift. The sweat on your skin turning cold, chilled by the sudden touch of air. Goosebumps break out across your arms, a shiver running through you, but it doesn't ease the heat, just confuses your body, caught between extremes.",
13332,story,s_STORY_nightmare_2,event,516,font_m,,,yes,"You want to move, to throw off the weight of this heat, but the sheets hold you. You try to lift your arm, but the weight is too much. The bed holds you like a cage, the sheets wound tight around you. You want to leave this place, escape it, but the sheets hold you fast, tighter with each attempt. Your limbs don't obey.",
13333,story,s_STORY_nightmare_2,event,516,font_m,,,yes,"Your body trembles, shaking between the heat that still rises, and the cold that now seeps into your bones. You are burning up, but somehow, you are freezing, too cold to touch, too hot to bear. And still, you lie, unable to move, unable to escape. A war between heat and cold, and you are not sure which one will win.",
13334,story,s_STORY_nightmare_3,event,516,font_m,,,yes,"You are floating, weightless, the ground forgotten, the village below. A scattering of lights, tiny and distant, becoming smaller, fading into the deep. The stars above you are steady, their light cold and ancient, but they feel distant, too far to reach. You rise, slowly at first, then with an ease, as if the air itself is parting for you. The pull of the ground weakens, your body loose and unmoored.",
13335,story,s_STORY_nightmare_3,event,516,font_m,,,yes,"The stars no longer guide you. They feel like strangers, silent witnesses to your slow, continuous rise. You are not sure if you are drifting upward, or if the world beneath you is falling away. You spin, first gently, then faster, the pull of gravity forgotten, the motion dizzying, until you feel yourself twisting, turning without control. The stars now whirl around you, blurring into streaks of light.",
13336,story,s_STORY_nightmare_3,event,516,font_m,,,yes,"And then, without warning, you start to fall. It happens so suddenly, so violently, that your heart lurches inside you, and the world tips beneath you, your stomach caught in the lurch, your breath caught in your chest. You feel the speed now, the rush of air around you. You know you will crash, at any moment. You can feel it, the impending burst of impact.",
13337,story,s_STORY_nightmare_4,event,516,font_m,,,yes,"There is something lurking just beyond your sight. It watches, it waits, it feeds on you, on your thoughts, on your feelings, quiet and patient",
13338,story,s_STORY_nightmare_4,event,516,font_m,,,yes,"Don't move. Your chest rises and falls, but you fight the instinct, holding it in, your breath shallow, barely enough to keep you tethered to this moment. It's watching you. It knows your every thought, your every fear.#The silence of it is worse than any sound, because you can feel it, settling in your mind, preying on your insecurities, your doubts, your emotions twisting in the dark.",
13339,story,s_STORY_nightmare_4,event,516,font_m,,,yes,"Don't think. How can you silence the mind when the weight of it is there, forcing you to question every thought, every breath, every flicker of movement.#'You can do this forever', a voice whispers from somewhere - or is it your own voice, taunting you?#'Stop breathing!' The voice is insistent now, too close, like a breath against your skin. You try to hold it, to still your lungs, but your chest burns, tightens with the need to inhale.",
13340,story,s_STORY_nightmare_4,event,516,font_m,,,yes,"Your eyelid flutters, almost imperceptibly, a tiny tremor in the dark, but it feels like thunder. No, don't move, but it's too late. Between your shoulder blades, a creeping sensation, as if something is there, something pressing against you. Is it real? Is it a touch?#It's real. The touch is real. You feel it now, a pressure against your back, gentle, but unmistakable, but you dare not move, dare not acknowledge it.",
13341,story,s_STORY_nightmare_4,event,516,font_m,,,yes,"It moves, sliding down your spine, a cool, creeping caress that sends a shiver deep into your bones. It's not just your mind, not just your thoughts, that it preys on.",
13342,story,s_STORY_nightmare_5,event,516,font_m,,,yes,"The world softens at the edges, the weight of the day, its clamor, its hurry, all fading away. Your body is heavy, but somehow, it floats. Your body relaxes, a slow unfolding, a quiet surrender, an easy release. The noise inside you quiets, the thoughts falling apart.",
13343,story,s_STORY_nightmare_5,event,516,font_m,,,yes,"A cry, a sudden, sharp sound, pierces through the haze. A voice - strange, foreign, mocking, twisting with something darker, something threatening. The sound of shouting, of something breaking, someone screaming. Voices are everywhere, layered, overlapping, low murmurs and sharp words, disturbing, alien. Your body feels like it's sinking, drowning in sound, in words you don't understand.",
13344,story,s_STORY_nightmare_5,event,516,font_m,,,yes,"You can hear singing now, a distant hum, faint, in the back of your mind. Is it comforting? Is it familiar? It's hard to tell. The edges of everything blur again, and your consciousness pulls away, like the tide pulling back, carrying you with it.",
13345,story,s_STORY_nightmare_6,event,516,font_m,,,yes,"The air is thick with salt. The salt settles in your mouth, coating everything, your tongue heavy, numb with the sting of it. You can feel it in your eyes, the salt, like the ocean has crept inside you, leaving its mark in your gaze. Your eyeballs burn, dried by the wind, the sun's unforgiving touch. Every blink feels like sandpaper, scraping against the soft skin of your lids. The sting keeps you staring at the horizon, at the rocks jutting from the shore.",
13346,story,s_STORY_nightmare_6,event,516,font_m,,,yes,"Your mouth a desert, cracked, bleeding with the salt that fills it, the taste of the sea still clinging to the back of your throat. The oceans salt sinking into your flesh, into your teeth. You run your tongue over them, the flesh of your teeth shriveling, becoming brittle, the enamel rough and cracked. You probe with your tongue, moving it carefully between each tooth, wondering when they'll finally fall out, when they'll be gone for good. They're loose. The salt that creeps into everything, wears everything down.",
13347,story,s_STORY_nightmare_6,event,516,font_m,,,yes,"The skin on your face pulls tight. You touch your cheek, your jaw, the roughness of it is no longer a surprise. It's the way things are. You can't escape it. The salt is everywhere. The ocean is always there. The rocks by the shore stand as silent witnesses, their surfaces smooth, polished by the constant grind of the waves, by the salt that has touched them for centuries. You stand in the dry air, your mouth still raw, your teeth still loose, your tongue still heavy with the taste of it.",
13389,story,s_STORY_observation_first_murder,event,516,font_m,,,yes,"A murder has shaken the village to its core. It wasn't long ago that such an act would have been unimaginable within their isolated world. The arrival of the Deep Ones has been a blessing. Their pact brought wealth, bountiful catches, strange artefacts, and promises of more. But with prosperity came corrosion. The murder is a sign of the rot that has crept into their hearts.",
13390,story,s_STORY_observation_first_murder,event,516,font_m,,,yes,"The Deep Ones, ever-watchful, do not intervene. Why would they? Chaos sows dependence, and dependence strengthens their grip. Their presence keeps the villagers in check, but not through laws or decency. Their control is a shadowy force, born of fear and temptation. The village is no longer a community; it is a collection of souls, isolated by fear, bound only by their shared dependence on the sea and the Deep Ones.",
13392,story,s_STORY_observation_hybrids,event,516,font_m,,,yes,"The social order in the village is warped by the influence of the Deep Ones and their demands. Families are no longer formed through the simple bonds of affection or tradition, but rather through bargains and unspoken agreements with the entities from the depths. The blending of human and Deep One bloodlines is a matter of obligation.",
13393,story,s_STORY_observation_hybrids,event,516,font_m,,,yes,"For some, the arrangement is a calculated act of survival. Human spouses share their partners with the Deep Ones. These unions are less about love and more about maintaining the village's precarious balance, a grotesque parody of traditional family life. Marriages become transactions.",
13394,story,s_STORY_observation_hybrids,event,516,font_m,,,yes,"Children born of such unions bore strange traits - wide, unblinking eyes, or limbs that seem unnervingly fluid in their movements, their otherworldly features a constant reminder of the pact that bound the village to the sea.",
13395,story,s_STORY_observation_hybrids,event,516,font_m,,,yes,"The villagers themselves are no longer the cohesive community they had once been. Resentment brewed among those who resisted the Deep Ones' influence, though you try to silence their voices quickly.",
13350,story,s_STORY_observation_intimate_with_your_d_o_spouse,event,516,font_m,,,yes,"The images of what happened in bed with your Deep One spouse linger in your mind, refusing to fade.",
13351,story,s_STORY_observation_intimate_with_your_d_o_spouse,event,516,font_m,,,yes,"That glistening, shiny body, pressing coldly against you. The strange guttural noises. It's the smell that you can't shake off. A scent that was mostly clean and fresh like the ocean, yet punctuated by shockingly sour and pungent undertones.",
13352,story,s_STORY_observation_intimate_with_your_d_o_spouse,event,516,font_m,,,yes,"Perhaps next time, you’ll keep your eyes open.",
13354,story,s_STORY_observation_mark,event,516,font_m,,,yes,"When you marked that household, a wave of nausea washed over you, an all-consuming sensation that nearly made you lose focus.",
13355,story,s_STORY_observation_mark,event,516,font_m,,,yes,"For a moment, you felt utterly drained and vulnerable. In that disorienting haze, disturbing insights pierced through the sky, revealing a twisted layer of existence that lurked just beyond your perception.",
13356,story,s_STORY_observation_mark,event,516,font_m,,,yes,"You can still see the mark hanging ominously above the building, a dark sigil that seems to pierce the very fabric of reality itself.",
13358,story,s_STORY_observation_natural_death,event,516,font_m,,,yes,"A villager has quietly succumbed to the passage of time. The funeral unfolds with an eerie solemnity as close family and friends gather silently along the jagged shoreline. Only the rhythmic crash of the waves fills the mournful silence. The deceased's lips are sewn shut with thick black thread. The body, weighted with stones, is slid into the embrace of the sea. The waves ripple and churn, carrying the departed into the endless black.",
13359,story,s_STORY_observation_natural_death,event,516,font_m,,,yes,"Dying of old age - slipping away quietly. Everything fades with time, yet the Deep Ones appear ageless. Withering away - does it truly have to be this way? The Deep Ones hint at a different truth, one where powerful beings transcend the decay.",
13361,story,s_STORY_observation_outsiders_fled,event,516,font_m,,,yes,"The outsiders fled the village, filled with dread. Now the village is without access to resources, an eerie silence settling over the place. Dependent on outsiders, slaves to the Deep Ones, the villagers ponder if all the gold is worth it.",
13362,story,s_STORY_observation_outsiders_fled,event,516,font_m,,,yes,"But the pact with the Deep Ones was necessary, wasn't it? The village had been starving, with fish and all sea life vanishing years before, leaving desperation in its wake. When the Deep Ones offered a lifeline, the villagers grasped it, trading their freedom for survival, blinded by the promise of abundance that now felt like a curse.",
13364,story,s_STORY_observation_pregnant_with_hybrid,event,516,font_m,,,yes,"Your belly has grown large very quickly, an unfamiliar sensation swelling within. You have no experience, but the baby feels remarkably mobile, writhing like an eel, as if it's wide awake and aware of the world outside.",
13366,story,s_STORY_observation_recruit,event,516,font_m,,,yes,"You are not alone anymore; you've made a cult recruitment. Together, you share the weight of some of the horrors that haunt the village.",
13367,story,s_STORY_observation_recruit,event,516,font_m,,,yes,The goal of the pact is to make babies - cultists and Deep Ones coupling. Is this all there is to the pact? A breeding ground? You can't help but wonder what else they might want.,
13369,story,s_STORY_observation_sacrifice,event,516,font_m,,,yes,"You made a sacrifice to the gods of the Deep Ones, and it felt too easy. What was the villager's name? What are these gods?",
13370,story,s_STORY_observation_sacrifice,event,516,font_m,,,yes,"The Deep Ones revere ancient entities, commanding respect and fear. Unlike the gods of humanity, whose stories often reflect hope or morality, these deities embody chaos, demanding devotion and sacrifice from their followers.",
13371,story,s_STORY_observation_sacrifice,event,516,font_m,,,yes,"All the despair this sacrifice caused weighs heavily on the village, yet it appeased the Deep Ones. Their ecstasy is palpable. But at what cost? All of this suffering for a higher cause you don't understand.",
13387,story,s_STORY_observation_sacrifice_fishing,event,516,font_m,,{main_he} {main_his},yes,"{main_he} thinks about the peculiar bounty of the sea since the sacrifice. The fishing grounds teem with life even more abundantly than they have since the pact with the Deep Ones was formed. Nets now brim with writhing silver scales. The fish practically leap into the boats, as if desperate to escape the depths below. {main_he} marvels at this fortune, yet {main_his} smiles falter as {main_he} casts a wary glance toward the horizon. [Faith +3]",
13373,story,s_STORY_observation_spell,event,516,font_m,,,yes,"You used magic, and casting that spell was awe-inspiring, connecting you with the bespelled in a kind of intricate web.",
13374,story,s_STORY_observation_spell,event,516,font_m,,,yes,"And the web itself feels connected to another world behind a red curtain, its presence tingling at the edges of your consciousness.",
13375,story,s_STORY_observation_spell,event,516,font_m,,,yes,"There is an invisible string reaching into your heart, and something is pulling at it, a subtle pressure that sends shivers down your spine. You sense a presence moving on the web, testing and plucking the strings with delicate precision.",
13382,story,s_STORY_observation_your_d_o_spouse_at_night,event,516,font_m,,{main_he} {main_his},yes,"When you awakened this morning to a disquieting emptiness, {main_he} was nowhere to be found, {main_his} absence not entirely unwelcome. You can't help but wonder where and how the Deep Ones sleep - do they even sleep at all?",
13383,story,s_STORY_observation_your_d_o_spouse_at_night,event,516,font_m,,,yes,You overheard some villagers murmuring about the unsettling sounds outside their windows at night. The noises are foreign and eerie - like some unearthly creatures croaking and splashing.,
13384,story,s_STORY_observation_your_d_o_spouse_at_night,event,516,font_m,,,yes,"Your own slumber is deep yet troubled, plagued by bizarre dreams and intruded upon by the red, shapeshifting demon that still writhes in the shadows of your mind. The very air feels charged with an unsettling energy, leaving you to ponder the true nature of the world around you.",
13378,story,s_STORY_observation_your_hybrid_child,event,516,font_m,,{main_his},yes,"You hold your newborn child gently in your hands, observing with a mix of fascination and unease. {main_his} eyes are still clouded, veiled beneath a thin, translucent membrane, offering little insight into what lies behind. The green tint of the skin is soft, almost smooth to the touch, and though it feels strange beneath your fingers, there's an unexpected warmth to it.",
13379,story,s_STORY_observation_your_hybrid_child,event,516,font_m,,{main_his},yes,"{main_his} tiny hands stretch out instinctively, revealing delicate, webbed fingers that curl around your own. You can't help but find the little one's form almost cute, despite the peculiarities.",
13380,story,s_STORY_observation_your_hybrid_child,event,516,font_m,,,yes,"A flash of something catches your eye - a set of tiny, sharp teeth. The sight stops you for a moment. Teeth at such an early age?  This child might not need any milk.",
14205,story,s_STORY_ocean_01,event,516,font_m,,,yes,"The horizon stretches before you, shrouded in a thick fog. The atmosphere seems strangely muted. It is almost imperceptible at first, but it draws your attention. Something moves. Slow, colossal, and impossible to place. The shape shifts in and out of view, just beyond the edge of your sight.",
14206,story,s_STORY_ocean_01,event,516,font_m,,,yes,"It grows more apparent the longer you stare. It is huge, far beyond the scale of anything you know. You squint, trying to understand it, but it is beyond comprehension. The oppressive weight of its presence lingers even after the shape vanishes back into the murk.",
14207,story,s_STORY_ocean_01,event,516,font_m,,,yes,"A creeping terror coils within you, and even as the horizon returns to its indistinct blur, you know that something was out there. Something so vast that your mind cannot fully grasp it.",
14209,story,s_STORY_ocean_02,event,516,font_m,,,yes,"You watch from a distance as the fisherman works. His net is heavy with a catch. He pulls a fish from the tangled mess of slippery flesh. There is a reverence in his actions, a sense that this moment is sacred. His weathered fingers pull a sharp knife from his belt. With a single motion, the fisherman drives the blade into the belly of the fish, cutting it open with practiced precision.",
14210,story,s_STORY_ocean_02,event,516,font_m,,,yes,"But he doesn't stop there. As the fish twitches and spasms in its final moments, the fisherman draws his other hand over the edge of the blade, making a quick incision across his palm. His blood falls onto the fish's body in slow, deliberate drops, as though feeding the creature. Once the offering has been made, he hurls the fish back into the sea. His ritual is complete, his offering made. The sea has been appeased.",
14213,story,s_STORY_ocean_03,event,516,font_m,,{main_he} {main_him} {main_his},yes,"{main_his} hands tremble slightly as {main_he} recounted the events. It was a few nights ago. {main_he} had been out on the water, alone as usual, {main_his} small boat cutting through the waves in the fading light. Just beneath the surface was a huge shape, dark and shifting. {main_he} could see an enormous eye, unfathomably large, easily double the length of {main_his} boat, its iris a pool of black that seemed to watch {main_him}.",
14214,story,s_STORY_ocean_03,event,516,font_m,,{main_he} {main_him},yes,"The small boat, so fragile against the ocean's might, felt like a toy in the face of such vastness. Something scraped against the side - so powerful that the entire boat rocked with the impact. And then, a terrible jolt that almost sent {main_him} tumbling into the water. {main_he} quickly rowed back with desperate strength, the wood of the oars creaking under the strain.",
14216,story,s_STORY_ocean_04,event,516,font_m,,,yes,"The wind, always damp and sharp, carries an unsettling chill. There is a distant hum that rises and falls with the rhythm of the tides. A melody swells, borne on the salt-laden wind, drifting from the far reaches of the sea. The notes are dissonant, yet harmonious in their own twisted way. It is a chorus, though no words can be made out - just a layered blending of voices that float in the air.",
14218,story,s_STORY_ocean_05,event,516,font_m,,,yes,"The ocean is watching you. Unblinking eyes, glowing faintly in hues of amber and green, pierce the water's surface like twin lanterns. Thousands of heads, bobbing gently with the rhythm of the water. Their gaping jaws open and close in an unholy rhythm. Jagged teeth gleam in the dying light. The sea has become a swarm of glowing eyes and sharp teeth, a living mass that churns beneath the surface, waiting for you.",
14220,story,s_STORY_ocean_06,event,516,font_m,,,yes,"Out beyond the breaking waves, far from the shore, something moves. It is far out, but you can see it clearly enough to know it's there - a dark, human-shaped silhouette walking on the surface of the ocean. It walks with slow determination, gliding across the surface of the water. The sea seems to part around it, creating a hostly trail that stretches outward.",
14221,story,s_STORY_ocean_06,event,516,font_m,,,yes,"The figure pauses, unnervingly still, seemingly staring directly at the village. It stands in the water, waiting. Watching. It is coming for you.",
14223,story,s_STORY_ocean_07,event,516,font_m,,,yes,"Something unsettling catches your eye - a towering shape, far out beyond the waves, like a shard of black glass. Its surface is slick and oily. All light seems to be sucked into it.",
14224,story,s_STORY_ocean_07,event,516,font_m,,,yes,"The air grows colder, and you feel the pressure mounting in your chest. Every instinct screams at you to turn away. You feel as though it is reaching toward you. The ocean around it grows darker and your mind is tethered to the thing in the distance, drawn like a moth to the flame. But it is not a light that calls you - it is the darkness.",
14226,story,s_STORY_ocean_08,event,516,font_m,,,yes,"A sudden, frantic commotion rises from the village. They point toward the water. Where the ocean meets the jagged rocks of the shore, a body floats, limp and lifeless, the waves pushing it against the rocks with a sickening rhythm. The figure is small - almost child-sized - and clad in a white gown, soaked and heavy with seawater.",
14227,story,s_STORY_ocean_08,event,516,font_m,,,yes,"Long, black hair trails behind the corpse, flowing like an ink spill, twice the length of the body, tumbling in the water as though it has a life of its own. The villagers, standing on the shore, seem paralyzed, eyes wide, unable to look away.",
14228,story,s_STORY_ocean_08,event,516,font_m,,,yes,"Then, with slow motion, the body sinks. The black hair coils into the water, following the body's descent, winding like a serpent down into the depths. And with one final, graceful motion, it vanishes beneath the surface.",
14230,story,s_STORY_ocean_09,event,516,font_m,,,yes,"The hybrid offspring of the village are an eerie testament to the union between land and sea. They feel the pull of the water. It's a compulsion, woven into their blood, calling them to the depths.",
14231,story,s_STORY_ocean_09,event,516,font_m,,,yes,"The moment their feet touch the cool ocean water, their entire beings seem to change. Their bodies move differently, as though they were born to the water, and swimming becomes second nature. They glide through the water with a fluidity that rivals the Deep Ones themselves.",
14232,story,s_STORY_ocean_09,event,516,font_m,,,yes,"The first time they discover it, they feel a primal thrill. They are no longer merely human. They are something more. The water calls to them, beckoning them to dive deeper, to leave behind the human world entirely. There are times when they wake in the dead of night, with the overwhelming feeling that the sea is calling them.",
14234,story,s_STORY_ocean_10,event,516,font_m,,,yes,"The hybrids are something new, something born of both the land and the sea, and the weight of that knowledge presses on them like the deep ocean's pull. The pull is so strong that sometimes, they wonder if they could simply lose themselves entirely in its depths.",
14235,story,s_STORY_ocean_10,event,516,font_m,,,yes,"But for now, they remain on the shore, torn between two worlds. They gulf between the hybrids and their human parents is widening, an unspoken tension growing in the village. The humans look at them with a mixture of awe, and sadness, as if they see the changes in their children but do not understand them.",
14237,story,s_STORY_ocean_11,event,516,font_m,,,yes,A palpable tension wraps itself around the village like an oppressive cloak. The waves crash against the shore as if the ocean itself is uneasy.,
14238,story,s_STORY_ocean_11,event,516,font_m,,,yes,"There's a deep feeling, a foreboding weight in the pit of your stomach. You notice something in the faces of the villagers - a shared discomfort. Some of them clutch their stomachs, their faces drawn with pain. They glance toward the water, a collective unease settling over them. Something is moving beneath the surface.",
14239,story,s_STORY_ocean_11,event,516,font_m,,,yes,"The pain in your stomach fades. The villagers around you straighten up, slowly, as though the sensation has passed, like a tide receding. A collective exhale of relief.",
14240,story,s_STORY_ocean_11,event,516,font_m,,,yes,"Then, without warning, something erupts from the water. A spot in the waves begins to churn and bubble, the surface frothing. The bubbles are viscous, and they churn with a force that makes the water shudder and spit, as if something great is rising from the depths.",
14241,story,s_STORY_ocean_11,event,516,font_m,,,yes,"A smell hits you - a sulfuric, overpowering stench, so sharp it burns your nostrils. It fills the air with a thick, nauseating cloud. The villagers, faces twisted in revulsion, scramble to pull their sleeves up over their noses, covering their mouths in desperation. Some gag and stumble back, their eyes wide with disbelief. The air tastes bitter now, like the promise of something ancient being unleashed.",
14242,story,s_STORY_ocean_11,event,516,font_m,,,yes,"And then, just as suddenly as it began, the bubbles stop. The water grows still again, the surface calm once more.",
14244,story,s_STORY_ocean_12,event,516,font_m,,,yes,"Today, something happened that left you feeling uneasy. You'd seen the hybrids in the water before, of course - their pull toward the ocean as natural as the tides themselves. But today was different. They were swimming farther out, moving toward a gathering, a small group of Deep Ones - those who hadn't yet established their place in the village. You'd never expected them to meet so openly with the hybrids.",
14245,story,s_STORY_ocean_12,event,516,font_m,,,yes,"For the first time, the hybrids seemed to mingle with the Deep Ones in a way that felt natural, as if they were all part of the same movement. The Deep Ones welcomed them with no signs of restraint. The hybrids' faces, once so human, now appeared more otherworldly in the deep water. The gulf between land and sea was closing before your eyes.",
13413,story,s_STORY_outsider_01,event,516,font_m,,{main_he} {main_his},yes,"{main_his} clothes are heavy with seawater, clinging to {main_his} body. Wet strands of hair are plastered to {main_his} face. {main_he} says that {main_he} has been sent to deliver a message to you. {main_he} emphasizes that {main_he} is not allowed to reveal the identity of the sender, that {main_he} is merely the messenger.",
13414,story,s_STORY_outsider_01,event,516,font_m,,{main_he} {main_his},yes,"After a moment, {main_his} hands move, fumbling beneath the soaked fabric of {main_his} garments. {main_he} pulls out a small, waxed container, protecting whatever message lies within. Without saying another word, {main_he} offers the container to you, {main_his} fingers trembling as {main_he} passes it into your hands.",
13419,story,s_STORY_outsider_02,event,516,font_m,,{main_he} {main_his} {other_he} {other_him} {third_him},yes,"There's something wrong with {main_his} child, something off about the way {other_he} moves, the way {other_he} speaks, the way {other_he} is. It's as though some part of {other_him} has gone missing. {main_he} accuses {third_him}, the painter, of being the source of this change.",
13420,story,s_STORY_outsider_02,event,516,font_m,,{main_he} {other_he} {other_him} {third_his},yes,"{main_he} believes that something happened to {other_him} when the outsider painted {other_him}. The outsider, with {third_his} strange eyes, {third_his} hollow smile, {third_his} art that feels more like a curse than a gift. The painting, {main_he} says, that's where it all started. {other_he} was fine before, but after the portrait was completed, it was as if something changed inside of {other_him}.",
13421,story,s_STORY_outsider_02,event,516,font_m,,{main_he} {other_his},yes,{main_he} presses the painting into your hands. There's something unsettling about the portrait. {other_his} eyes… it's as though they're following you.,
13424,story,s_STORY_outsider_02,event,516,font_m,,{main_he},yes,{main_he} feels trapped between two worlds,
13425,story,s_STORY_outsider_02,event,516,font_m,,{main_him},yes,something waits for {main_him} in the painting,
13426,story,s_STORY_outsider_02,event,516,font_m,,{main_his},yes,{main_his} thoughts have seeped into the canvas,
13428,story,s_STORY_outsider_03,event,516,font_m,,{main_he} {main_his},yes,"{main_he} leans in slightly, {main_his} expression a mix of skepticism and mild curiosity, as though {main_he} is testing the waters. {main_he} mentions hearing rumors about strange things happening in the village. Nothing concrete, just vague stories that seem to ripple outward. People in the city are talking more than they should, their stories growing more exaggerated with each retelling.",
13429,story,s_STORY_outsider_03,event,516,font_m,,{main_he} {main_him},yes,"He admits {main_he} doesn't believe in any of that superstitious nonsense. None of it holds any weight for {main_him}. {main_he} smirks faintly, as if trying to lighten the mood, and adds that {main_he} thought you might find it amusing. What could possibly be so frightening about a place so unassuming? {main_he} gestures vaguely toward the shoreline, the houses clustered near the water, the boats rocking gently in the harbor.",
13431,story,s_STORY_outsider_04,event,516,font_m,,{main_he} {main_him},yes,"{main_he} explains, that {main_he} has been instructed to deliver this letter to you personally. There's no indication of who sent {main_him} or why. {main_he} presses the letter firmly into your grasp.",
13432,story,s_STORY_outsider_04,event,516,font_m,,,yes,"You nod in thanks, offering a brief acknowledgment before your curiosity draws your attention to the letter itself. Breaking the seal, you unfold the letter and begin to read. The writer introduces himself as an seeker of hidden truths and forbidden knowledge. He speaks of rumors that have reached his ears about you and the book you are said to possess.",
13433,story,s_STORY_outsider_04,event,516,font_m,,,yes,"He expresses an eagerness to establish a relationship, a desire to exchange knowledge, and a hope that collaboration might yield revelations beyond what either of you could achieve alone. To demonstrate his sincerity, the writer has included a passage - a fragment of promising knowledge. He offers it as a sign of goodwill. You slip the letter into your belongings.",
13435,story,s_STORY_outsider_05,event,516,font_m,,{main_he} {main_him} {main_his},yes,"{main_he} arrives with an air of certainty. {main_he} speaks of a destiny that pulled {main_him} to this remote village. {main_his} gaze wanders, lingering on the weathered stones of the buildings, the black stains seeping across wooden planks. {main_he} breathes in the air, thick with a damp chill that clings to {main_his} lungs.",
13436,story,s_STORY_outsider_05,event,516,font_m,,,yes,"The surface of the sea spreads endlessly in all directions, dissolving into the heavens at the indistinct horizon, forming a seamless void of emptiness. Somewhere in the distance comes a muffled sound - a strange, low croaking.",
13437,story,s_STORY_outsider_05,event,516,font_m,,{main_he} {main_his},yes,"For a moment, {main_he} stares, {main_his} expression darkening. {main_his} certainty falters. {main_he} mumbles something under {main_his} breath and takes a step away. The village seems to fall short of {main_his} expectations, its reality a stark contrast to whatever {main_he} had envisioned. [Outsiders' Dread +1]",
13440,story,s_STORY_outsider_06,event,516,font_m,,{main_he} {main_his},yes,"{main_he} approaches you with a quiet air of purpose. {main_he} had come to this secluded fishing village, drawn by the distant stories of {main_his} family's roots. {main_his} great-grandfather, {main_he} explained, hailed from somewhere in this region. {main_his} gaze drifts toward the sea, as if expecting it to offer some clue.",
13444,story,s_STORY_outsider_06,event,516,font_m,,{main_he} {main_his},yes,{main_he} wants to learn more about {main_his} ancestors' ties to the village,
13445,story,s_STORY_outsider_06,event,516,font_m,,{main_he},yes,{main_he} is curious about the village's past,
13446,story,s_STORY_outsider_06,event,516,font_m,,{main_he},yes,{main_he} hopes to spend time with the villagers and build a better understanding of their lives and traditions,
13448,story,s_STORY_outsider_07,event,516,font_m,,{main_he} {main_his},yes,"{main_his} eyes dart nervously from side to side. {main_he} clutches {main_his} head for a moment, fingers digging into {main_his} scalp. {main_his} face is drawn tight with tension, {main_his} jaw clenched. You can see the tremor in {main_his} hands.",
13449,story,s_STORY_outsider_07,event,516,font_m,,{main_he} {main_him} {main_his},yes,"You see {main_him} sway, {main_his} knees buckling slightly. {main_he} turns toward the horizon, the endless expanse of the sea stretching out before {main_him}. It's too much for {main_him}. {main_his} face has paled. You see {main_him} clutch at {main_his} chest now, {main_his} breath coming in desperate gasps. {main_his} eyes, wide with fear, flick over every corner of the village, but nothing offers {main_him} comfort. [Outsiders' Dread +1]",
13451,story,s_STORY_outsider_08,event,516,font_m,,{main_he} {main_his},yes,"the liquor still heavy in {main_his} system, {main_he} wants to know why everything here feels so out of place",
13452,story,s_STORY_outsider_08,event,516,font_m,,{main_his},yes,drunk and disoriented {main_his} curiosity burns through the fog of intoxication,
13453,story,s_STORY_outsider_08,event,516,font_m,,{main_him} {main_his},yes,"{main_his} curiosity pulls {main_him} forward, despite the fog of intoxication in {main_his} mind",
13455,story,s_STORY_outsider_09,event,516,font_m,,{main_he} {main_him} {main_his},yes,"{main_he} introduces himself as a poet, {main_his} voice measured, though there's a spark in {main_his} eyes that betrays a deeper excitement. {main_he} has traveled far and wide in search of inspiration, but something about this village has drawn {main_him} in like a moth to flame.",
13456,story,s_STORY_outsider_09,event,516,font_m,,{main_he} {main_him} {main_his},yes,"{main_he} speaks of the aura of the place, the feeling that it holds secrets that are waiting to be unlocked through the power of words. There's a kind of intensity behind {main_his} fascination, a belief that the village, with all its peculiarities, has granted {main_him} an overflow of creativity that {main_he} cannot ignore.",
13458,story,s_STORY_outsider_09,event,516,font_m,,{main_he} {main_his},yes,"The poet's composure, once poised and calm, twists in front of you. {main_his} fingers curl into tight claws. {main_his} hand trembles with the effort of holding onto the paper. {main_his} teeth are clenched so tightly that {main_his} jaw seems to bulge. There's a dark intensity in {main_his} eyes that wasn't there before. With great effort, {main_he} hands you a crumpled paper.",
13459,story,s_STORY_outsider_09,event,516,font_m,,{main_he} {main_him} {main_his},yes,"{main_his} eyes seem to linger on it for a brief moment, a flicker of something like regret, or perhaps dread. {main_his} voice seems hollow as {main_he} speaks, but you can tell {main_he} is trying to escape the grip this village - and {main_his} own work - has on {main_him}. Instead of destroying {main_his} work, {main_he} gives it to you, offering it as though you can bear the weight of it better than {main_he} can.",
13461,story,s_STORY_outsider_10,event,516,font_m,,{main_he} {main_him} {main_his},yes,"The sharp smell of alcohol wafts from {main_him} as {main_he} draws closer. There's a strange mix of curiosity and drunken boldness in {main_his} gaze. {main_he} asks if you are the one in charge here and where all the wealth in the village came from. There's disbelief in {main_his} tone, a hint of suspicion.",
13462,story,s_STORY_outsider_10,event,516,font_m,,{main_he} {main_his},yes,"{main_he} murmurs quietly, noting that {main_he} has never seen anything like this. A backslop hinterland like this, yet the villagers are all rich. {main_his} words trail off, but the question hangs in the air, unspoken yet clear.",
13465,story,s_STORY_outsider_11,event,516,font_m,,{main_he} {main_his},yes,"{main_his} gaze drifts over the village, as if lost in the past. {main_he} recalls the village from years ago, when it felt different. {main_he} recalls the struggling days, the lean years when luck seemed to have abandoned the village, when the sea turned its back on the people.",
13466,story,s_STORY_outsider_11,event,516,font_m,,{main_he} {main_his},yes,"{main_he} is glad fortune had turned around for the villagers. But as {main_his} gaze sweeps across the village, it's easy to see the flicker of suspicion in {main_his} eyes. [Outsiders' Dread +1]",
13469,story,s_STORY_outsider_12,event,516,font_m,,{main_he} {main_his},yes,"{main_he} recounts a conversation with an outsider. {main_his} eyes flicker with disbelief as {main_he} describes the stories the outsider shared - tales of cities above the ocean, sprawling settlements full of life.",
13470,story,s_STORY_outsider_12,event,516,font_m,,{main_he} {main_him} {main_his},yes,"{main_his} gaze drifts toward the distant horizon. There's a quiet sadness in {main_his} eyes. The thought of these cities and the lives that unfold there has made {main_him} see {main_his} own world in a new light. The village had always been the limit of {main_his} world, the sea and the land surrounding it the boundaries {main_he} thought were set.",
13471,story,s_STORY_outsider_12,event,516,font_m,,{main_he},yes,"The notion that all of an world so much larger than {main_he} had ever imagined stirs a sense of yearning that {main_he} had never felt before. It feels like there's no way out, that the village is the only world {main_he} will ever know.",
13473,story,s_STORY_outsider_13,event,516,font_m,,{main_he} {main_his},yes,"There's a tremor in {main_his} voice as {main_he} begins to speak. {main_he} tells you with gravity, that the outsiders aren't real, that they are nothing more than ghostly reflections. The outside world is dead, gone. Whatever remnants of life once existed beyond the village, has long since perished. The outsiders who come and speak of the outside world are just echoes, faded remnants of something long since extinguished.",
13474,story,s_STORY_outsider_13,event,516,font_m,,,yes,"The village is the last bastion of humanity, the final place where people still live. The rest of the world may have disappeared, but here, in this small corner of the earth, humanity endures.",
13476,story,s_STORY_outsider_14,event,516,font_m,,{main_he} {main_his},yes,"{main_he} pauses, {main_his} attention suddenly drawn to something that cuts through the stillness of the village. It's a low, guttural croak, deep and resonant. {main_his} eyes scan the surrounding area. {main_his} unease is palpable. It sounds unlike any creature {main_he} has ever heard before, a sound that doesn't quite belong to the world {main_he} knows.",
13478,story,s_STORY_outsider_15,event,516,font_m,,,yes,"You catch fragments of conversation as two outsiders huddle together, their voices low but not low enough to escape your hearing. They speak of the pervasive, creeping fungus that seems to cling to every corner of the village. It's everywhere, they say, and it only seems to add to the suffocating atmosphere that surrounds the place.",
13479,story,s_STORY_outsider_15,event,516,font_m,,,yes,"Their head shake as they speak about the pervasive illness that seems to hang over the village. The dampness of the place leaves the villagers weakened and frail. The constant hacking, the wheezing, it all feels like a kind of slow death. They can't understand how the villagers continue to endure it. [Outsiders' Dread +1]",
13481,story,s_STORY_outsider_16,event,516,font_m,,{main_he},yes,"{main_he} speaks of the village's isolation, and asks, almost incredulously, if you've ever considered moving this entire community somewhere else - anywhere else. {main_he} cannot fathom how people can endure this forgotten corner of the world, let alone call it home.",
13485,story,s_STORY_outsider_17,event,516,font_m,,{main_he},yes,{main_he} seeks human connection in this unfamiliar place,
13486,story,s_STORY_outsider_17,event,516,font_m,,{main_he} {main_his},yes,{main_he} wants to get a bit of amusement during {main_his} stay,
13487,story,s_STORY_outsider_17,event,516,font_m,,{main_he},yes,{main_he} is intrigued by the novelty of the village and its people,
13489,story,s_STORY_outsider_18,event,516,font_m,,{main_he},yes,"{main_he} hands you a weathered packet. You open it and inside you find a small note. The note speaks of a shared connection - a meeting in a dream. Along with the note, there's a small painting. It depicts a familiar dreamscape. In the foreground, there is a man, standing in the center of the scene.",
13490,story,s_STORY_outsider_18,event,516,font_m,,,yes,"The man is waving. His hand is lifted, fingers extended, as if he is reaching out to you from the very canvas itself. The connection between you and him feels tangible, as if the man is aware of you. The divide between dream and reality blurs, and the man is not just a character on a canvas, but someone who has reached across the veil.",
13492,story,s_STORY_outsider_19,event,516,font_m,,{main_he} {main_his},yes,"{main_he} asks you what had happened to the trees, clearly disturbed by their appearance. They seem sick, something rotten and decayed is seeping out of them. {main_he} wrinkles {main_his} nose and asks if you could smell it - the scent of rot that clings to the air. {main_he} advises you to cut the trees down, arguing that the sickness within them is too dangerous to ignore. ",
13397,story,s_STORY_outsider_cats,event,516,font_m,,{main_he},yes,"{main_he} noticed a cat following you around. {main_he} explains that some people associate cats with witchcraft or misfortune, while others believe they symbolize good luck and protection.",
13398,story,s_STORY_outsider_cats,event,516,font_m,,{main_he} {main_his},yes,{main_he} believes that they have the ability to see spirits. {main_he} gazes intently at the cat before turning {main_his} gaze back to you. {main_he} gives you a brief smile before moving on.,
13406,story,s_STORY_outsider_painter,event,516,font_m,,{main_he},yes,"A peculiar figure approaches you. {main_he} is a painter, drawn to the natural beauty and desolate scenery of this place. {main_he} learned about it from passing merchants.",
13407,story,s_STORY_outsider_painter,event,516,font_m,,{main_he},yes,"{main_he} shows you a striking painting of a strangely shaped black rock jutting out of the calm sea, adorned with cryptic symbols. {main_he} explains that it evokes a sense of isolation and despair, adding that you can decide what to do with it as {main_he} doesn't want to keep it.",
13402,story,s_STORY_outsider_reserved,event,516,font_m,,{main_he},yes,"{main_he} strides over to you and strikes up a conversation about the beauty of remote places like this village. Cautiously, {main_he} notes that the villagers seem unusually reserved, even for a secluded location.",
13409,story,s_STORY_outsider_swimming_heads,event,516,font_m,,{main_he},yes,"{main_he} stands nearby, gazing at the crashing waves. Suddenly, {main_he} points at something in the sea - heads of the Deep Ones lurking close to the village. {main_he} exclaims in disbelief, addressing no one in particular, wondering what in the world this is. [Outsiders' Dread +1]",
13410,story,s_STORY_outsider_swimming_heads,event,516,font_m,,{main_he},yes,{main_he} notices the heads of the Deep Ones swimming far out in the ocean.,
13400,story,s_STORY_outsider_wealth,event,516,font_m,,{main_he},yes,"{main_he} makes his way to you, asking if you're the one in charge here. {main_he} finds the village to be unusual, overflowing with wealth. Though {main_he} doesn't quite understand how it's possible, {main_he} is glad for the village and hopes for good relations and trade.",
13494,story,s_STORY_prisoner_1,event,516,font_m,,,yes,"A figure approaches, introducing himself as though reaching out through the very fabric of reality itself. His words have passed through countless dreams before finally finding their way to you. He speaks of the dream realm - a vast, interconnected tapestry, stretching beyond the limits of comprehension.",
13495,story,s_STORY_prisoner_1,event,516,font_m,,,yes,"In this realm, each thread represents a soul, all woven together in a constant dance of creation. It is a world where reality bends and reshapes itself, where every dream is a new pattern, constantly evolving, interwoven with countless others to form something far greater than the sum of its parts.",
13496,story,s_STORY_prisoner_1,event,516,font_m,,,yes,"The dream world is without boundaries. It shatters the illusions of distance and language, allowing souls to meet across infinite spaces, even connecting kindred spirits who would never touch the waking world. Here, stories are shared not through words, but through the unspoken essence of being, where thought and emotion travel freely, unbound by the limitations of flesh. It is a place of boundless beauty and discovery.",
13497,story,s_STORY_prisoner_1,event,516,font_m,,,yes,"He hopes to see you again, as if this shared dream, is only the beginning of something far more profound. In the vastness of the dream world, there are no true endings, only connections waiting to be made.",
13499,story,s_STORY_prisoner_2,event,516,font_m,,,yes,"So, you meet again. This is no coincidence - something about you left an impression on him. The last time you spoke, he marveled at the wonders of the dream world, its boundless beauty and endless potential. Yet, what he left unsaid, is the shadow that looms quietly in the corners of that vast realm. The dream world harbors a dangerous secret.",
13500,story,s_STORY_prisoner_2,event,516,font_m,,,yes,"It is a place where the boundaries between self and other blur, and within that fluidity, a mind virus thrives. It slips into your dreams like a whisper in the dark, insidious and unseen. At first, it is barely noticeable - an odd thought, a fleeting image - but soon it takes root, infecting your very consciousness. This virus does not ravage the body; it distorts the mind, leaving you trapped in a waking nightmare.",
13501,story,s_STORY_prisoner_2,event,516,font_m,,,yes,"The virus does not grow in size, but in its insidious influence. What was once familiar - the landscapes of your mind - becomes twisted, transformed into a nightmarish expanse. It is a contagion of the soul, feeding on the fragile cracks within your psyche, infecting your very essence. Each dream becomes a struggle against your own deepest fears and insecurities.",
13502,story,s_STORY_prisoner_2,event,516,font_m,,,yes,"The line between dream and reality blurs, dissolving until you no longer know where one ends and the other begins. As the virus tightens its grip, it spills into your waking hours.",
13503,story,s_STORY_prisoner_2,event,516,font_m,,,yes,"Do not succumb to despair. You are strong-willed, and there is nothing for you to fear. Remain vigilant, stay steadfast. In this fragile world, your resolve is a powerful shield. Perhaps, in time, you too will have the opportunity to guide and enlighten another traveler, sharing the wisdom you have gained from your own journey.",
13505,story,s_STORY_prisoner_3,event,516,font_m,,,yes,"He greets you with a weary smile, a faint glimmer of relief in his eyes. He has wondered how time has treated you, hopes it's been kinder to you than it has to him. His expression faltering as though remembering something best left forgotten. He admits he made mistakes, delved too deeply, sought too much.",
13506,story,s_STORY_prisoner_3,event,516,font_m,,,yes,"He used magic - the kind that bends reality and burns the soul. And in doing so, he caught the attention of beings that should never notice a man. They watch him now, always, just beyond the veil, their eyes fixed and unblinking. They are patient — agonizingly so. Once, he believed he was in control. Now, he bears the weight of their gaze, an unrelenting burden he can neither cast off nor escape.",
13507,story,s_STORY_prisoner_3,event,516,font_m,,,yes,"They are his captors - torturers, really. Beings of unfathomable power, yet even they are not untouched. They too are victims, infected by the mind virus, their brilliance twisted into cruel obsession. Their thoughts are no longer their own, and yet they hold his fate in their hands. Dreams are all he has left - his only sanctuary, the sole escape from their relentless torment. But even that may not last.",
13508,story,s_STORY_prisoner_3,event,516,font_m,,,yes,"He could use your help. The next time you feel his presence brushing against the edges of your dream, ease the way for him. Open the door to your mind, even if only a crack. A small gesture, but it could mean everything.",
13509,story,s_STORY_prisoner_4,event,516,font_m,,,yes,"You feel a pull, subtle at first, like the whisper of a tide brushing against your thoughts. The red-eyed man beckons, his presence an insistent force, drawing you ever closer to him.",
13510,story,s_STORY_prisoner_4,event,516,font_m,,,yes,He has to do this. It's necessary.,
13511,story,s_STORY_prisoner_4,event,516,font_m,,,yes,"Before you can react, his hands seize you, his grip cold and unyielding. Then, with a shudder, his body begins to transform. His torso splits open down the center, flesh peeling apart like the petals of a grotesque flower. But what lies within is no heart or bone - no semblance of the human form.",
13512,story,s_STORY_prisoner_4,event,516,font_m,,,yes,"A vortex churns in the cavity of his chest, an abyss of writhing shadows. It pulls at you, its force irresistible. The sounds of the dream seem to collapse into a deafening roar, as though all existence is being funneled into this singular, nightmarish void.",
13513,story,s_STORY_prisoner_4,event,516,font_m,,,yes,"You struggle, but it's futile; the vortex is not just within him - it is him. His body is but a shell for something far darker. The edges of your vision blur as the pull intensifies, and you realize with dawning horror that this is no mere act of violence. It is a consumption.",
13514,story,s_STORY_prisoner_4,event,516,font_m,,,yes,"The embrace tightens, and then it begins - the sickening sensation. A strange, hollow suction tugs at you, as though your very essence is being drawn into him. A sudden, searing heat spreads through your body - pain and sensation blur into an unrelenting nightmare.",
13515,story,s_STORY_prisoner_4,event,516,font_m,,,yes,"You're trapped in the liminal haze between dream and wakefulness, desperately fighting to escape. You twist your head, shaking it violently, as if the motion alone might bridge the gap between dream and reality.",
13516,story,s_STORY_prisoner_4,event,516,font_m,,,yes,"You bolt upright in bed, gasping for air, your body trembling and drenched in sweat. Your heart pounds against your ribs as if trying to escape. It's over - just a nightmare, nothing more. But as you glance down at your hands, a chill creeps over you. They look different. They seem... older. [Age +5]",
13518,story,s_STORY_prisoner_5,event,516,font_m,,,yes,"He smiles with a mocking gleam in his eyes. He did you a favour, though you may not fully grasp its weight.",
13519,story,s_STORY_prisoner_5,event,516,font_m,,,yes,"We all live with pain. It becomes woven into the fabric of our existence. Add more pain, and it blends seamlessly, until it's no longer something to resist, but the new normal. Remove it, and you grow weaker, unprepared for the absence. The moment you become aware of the pain you've lived with, it grows heavier. Pain, suffering, they are the essence of existence.",
13520,story,s_STORY_prisoner_5,event,516,font_m,,,yes,"It's true. He is a prisoner, as are we all. No hard feelings.",
13521,story,s_STORY_prisoner_5,event,516,font_m,,,yes,The dream realm is where truth and falsehood are tangled in an endless dance. The cost of curiosity may be a soul lost in the mire of distraction.,
13523,story,s_STORY_prisoner_6,event,516,font_m,,,yes,"A torrent of insane ramblings that make no sense. His cries, screams, and curses echoing, raw and desperate, being punished for sins he can never undo.",
13524,story,s_STORY_prisoner_6,event,516,font_m,,,yes,"He mutters of overstepping boundaries, of finding secret ways to escape, to sneak out of the unseen prison that holds him. Curiosity is a dangerous thing. The power of the will, the drive to break taboos, has led him to this endless torment.",
13525,story,s_STORY_prisoner_6,event,516,font_m,,,yes,"His body is wracked with pain, a constant reminder of the crime he committed. He mentions a pact made long ago with the 'mother,' a twisted entity that breeds millions of evils, each one feeding off the next. He curses his actions, his tormentors, his very existence.",
13526,story,s_STORY_prisoner_6,event,516,font_m,,,yes,"You, too, will suffer.",
13527,story,s_STORY_prisoner_day,event,516,font_m,,,yes,"Do you remember the last meeting? Curiosity... He wanted to understand how you live. His gaze sharpens. Those green creatures, they're up to no good. He must go now. His captors are close. They're never far behind.",
13528,story,s_STORY_rapture,event,516,font_m,,,yes,"'The great beast is rising, stirring from the depths where it has slumbered for eons. It is close to breaking free, to once again walk the earth.'",
13529,story,s_STORY_rapture,event,516,font_m,,,yes,"'Humanity is its prey, an offering to be consumed. In its wake, inconceivable horrors will crawl from the depths. These horrors will only leave despair in their wake. And when all is said and done, death will come.'",
13530,story,s_STORY_rapture,event,516,font_m,,{main_he} {main_his},yes,"Despite everything {main_he} has said, you remain oddly calm, a strange sense of relief washing over you, as if the weight of {main_his} words has lifted some burden.",
13531,story,s_STORY_rapture,event,516,font_m,,{main_he} {main_his},yes,"'Be comforted,' {main_he} says, {main_his} voice soothing. 'The death you fear is not real. All waves, no matter how far they travel, ultimately return to the water, becoming one with the ocean once again. Your struggle, this futile attempt to cheat death - it was pointless from the very start.'",
13532,story,s_STORY_rapture,event,516,font_m,,,yes,"'No matter what we believe about the power we hold over our lives, it is ultimately insignificant. In the grand scheme of things, we don't matter. We are but fleeting shadows, momentary and easily forgotten.'",
13533,story,s_STORY_rapture,event,516,font_m,,,yes,'You are nothing but a grain of sand sinking quietly into the depths of the ocean.',
13536,story,s_STORY_shoggoth_2,event,516,font_m,,,yes,"Is this still a dream? No, you're already acquainted with this dark, noisy void. You get the unsettling feeling that something immense is quietly closing in on you, its presence creeping ever closer.",
13537,story,s_STORY_shoggoth_2,event,516,font_m,,,yes,"The figure's body twists and contorts. It slithers forward in a fluid motion, each movement like a blur, impossible to focus on, as if the creature itself refuses to be pinned down, refusing to adhere to the rules of form. ",
13538,story,s_STORY_shoggoth_2,event,516,font_m,,,yes,"'There you are! Now you see it, don't you? The possibilities... an existence that transcends the ordinary, a wealth not measured in material things, but in true power. I sense it - your hunger for control, the desire to effortlessly bend others to your will. Every interaction becomes a carefully calculated game.'",
13539,story,s_STORY_shoggoth_2,event,516,font_m,,{great_one},yes,"'Do it again,' the voice whispers, a murmur at the edge of your mind, slick with promise. 'Reap your sweet reward... endless renewal. This cycle of pleasure and power can go on forever. For I offer you yet another enticing opportunity. You are drawing the attention of {great_one}, vast and unfathomable.'",
13540,story,s_STORY_shoggoth_2,event,516,font_m,,,yes,"The figure shrinks before your eyes, its form flickering out of existence. Its mass warping and blurring, defying all sense of order. The gurgling sound of its slithering fades, tumbling deeper into the abyss, swallowed by the void itself.",
13542,story,s_STORY_shoggoth_3,event,516,font_m,,,yes,"In the darkness, there is only sound - heavy, wet breathing and the gurgling of something, as if submerged in a vast, otherworldly ocean. A presence, suffocating yet unseen, presses against the edges of your mind.",
13543,story,s_STORY_shoggoth_3,event,516,font_m,,,yes,"A shape appears, fluctuating with unnerving elasticity, expanding and contracting. 'Ah, humans. Always so consumed with the surface, never daring to peer beneath.'",
13544,story,s_STORY_shoggoth_3,event,516,font_m,,,yes,"'You speak of good and evil, of right and wrong, as though these concepts were universal truths. You make grand distinctions, wrap them in rules, laws, and codes. But in the end, what you call good is merely the behavior that keeps you comfortable. But I'm telling you: It's an illusion.'",
13545,story,s_STORY_shoggoth_3,event,516,font_m,,{great_one},yes,"'You are beyond human morality. Prove it. Be selfish. There's no one to stop you. Morality is a cage, and you hold the key. {great_one} is waiting for you, and with my help, you will break free from your confinement.'",
13546,story,s_STORY_shoggoth_3,event,516,font_m,,,yes,"The air hums with an unsettling vibration. The red figure flickers like a dying ember in the heart of this black, noisy void. Its face is barely formed, shifting with every breath, slipping through the cracks of your awareness like a wisp of smoke.",
13548,story,s_STORY_shoggoth_4,event,516,font_m,,,yes,"The darkness presses in on you. Small, strange noises echo from all sides, untraceable - like the scurrying of unseen creatures or the faint crackling of something shifting just out of reach. Something monstrous stirs in the blackness, its breath suffocating the very space around you.",
13549,story,s_STORY_shoggoth_4,event,516,font_m,,,yes,"'I see that look in your eyes - the exhaustion, the doubt. You've seen enough, haven't you? Enough pain, enough betrayal, enough of the world's twisted cruelty. You've felt it. You can let the world crush you beneath its heel and fade into nothingness. But why do that when you can... thrive in this madness? Why cower when you can command it?'",
13550,story,s_STORY_shoggoth_4,event,516,font_m,,,yes,"'This chaos - this insanity - it's the very thing that makes you... alive. The world is falling apart, sure, but that's where the fun begins. It's all a game. You've got the power, don't you? To keep going, to keep climbing, to fight the tide. How much sweeter is it to keep fighting when everyone around you has given up?'",
13551,story,s_STORY_shoggoth_4,event,516,font_m,,{great_one},yes,"'Take what you want, carve your own place in this insane world. {great_one} has set its attention on this little world of yours - show it by twisting this forsaken reality to your will.'",
13552,story,s_STORY_shoggoth_4,event,516,font_m,,,yes,"The red shape shifts with unnatural fluidity, a grotesque fusion of jagged edges and pulsing, liquid motions. It begins to fade, its form dissolving, slipping into the shadows as if the very darkness swallowed it whole.",
13554,story,s_STORY_shoggoth_5,event,516,font_m,,,yes,"Whispers fill the void, soft and insistent, as if the darkness itself is alive. Something ancient and hungry stirs within the suffocating blackness, its presence felt in the unsettling sounds that echo through the emptiness: wet, gelatinous slithers, the grotesque scrape of something sliding through the dark, and the faint, rhythmic thumping of a breath too deep, too heavy, as if the very air itself is suffocating.",
13555,story,s_STORY_shoggoth_5,event,516,font_m,,,yes,"'All that uncertainty, that nagging doubt, the weight of every decision... let it go. You don't have to carry it any longer. I offer you a path, a purpose - and with it, a freedom you've never known before. All you need to do is trust me, and the rest will follow. You've always known this, haven't you? Deep down, in the quiet corners of your mind, you've felt the quiet whisper that something far greater is coming.'",
13556,story,s_STORY_shoggoth_5,event,516,font_m,,,yes,"'Look at what I offer you. I can give you a life beyond the constraints of time. No more fleeting moments, no more decay. I ask for very little in return. Just your service. Trust that I know what's best, that I see the bigger picture, that I understand the game better than anyone.'",
13557,story,s_STORY_shoggoth_5,event,516,font_m,,{great_one},yes,"'It's too late for doubts now. {great_one} is already knocking at your door, its presence undeniable. Keep going, for there is no turning back. What is a soul, after all, in the face of such unimaginable force? Keep moving forward. The door is open.'",
13558,story,s_STORY_shoggoth_5,event,516,font_m,,,yes,"Complete darkness again. You cannot tell what is real or imagined. Is your mind unraveling in the void, or is the darkness itself bending your perception? The longer you remain, the more you feel the absence of light chipping away at your very sense of self, pulling you further into a place where nothing exists but the hollow echo of your own mind.",
13560,story,s_STORY_shoggoth_6,event,516,font_m,,,yes,"In the abyss. There is no up or down, no forward or backward, only all-consuming blackness. A hollow rumbling reverberates through your being, the sound of something stirring just beyond the veil of your senses. A tremor that gnaws at the edges of perception.",
13561,story,s_STORY_shoggoth_6,event,516,font_m,,,yes,"'How loyal you've been, haven't you? How faithful, how devoted, all these long, cursed years. From the very beginning, when you traded your fate for a fleeting taste of power. You traded eternity for a few more years in this wretched corner of time and space, a momentary flicker of hope in a life you feared was slipping away. A petty bargain, in the naive belief that it would lead you somewhere better. But here you are, as lost and empty as the day you made that deal.'",
13562,story,s_STORY_shoggoth_6,event,516,font_m,,,yes,"'You thought I was offering you a life without limits. All these years, and not once did you stop to ask yourself: What have I truly gained? All the while, I was watching you, using you. You served me because I made it easy for you. Easy to ignore the consequences. Easy to keep you in the dark. You thought you could dance with the darkness without ever being consumed.'",
13563,story,s_STORY_shoggoth_6,event,516,font_m,,{great_one},yes,"'But let me tell you something - you're still mine. {great_one} is nearing, and you will continue to serve. Even now. You were never free. You'll never be free. You've always been mine, just waiting to accept it.'",
13564,story,s_STORY_shoggoth_6,event,516,font_m,,,yes,"It is gone. Light and hope swallowed whole. Blackness coils around your forsaken mind. The void itself seeks to smother your thoughts, leaving only an endless, gnawing emptiness in its wake.",
13566,story,s_STORY_shoggoth_demo,event,516,font_m,,,yes,"Is this still a dream? No, you're already acquainted with this dark, noisy void.",
13567,story,s_STORY_shoggoth_demo,event,516,font_m,,,yes,"'There you are! Now you see it, don't you? The possibilities... an existence that transcends the ordinary, a wealth not measured in material things, but in true power.'",
13568,story,s_STORY_shoggoth_demo,event,516,font_m,,,yes,"'I sense it - the hunger for control, the desire to effortlessly bend others to your will. Every interaction becomes a carefully calculated game.'",
13569,story,s_STORY_shoggoth_demo,event,516,font_m,,,yes,"'But for now, you must wait. I can't let you wake up just yet. You must linger in this dark expanse of the unfathomable a little longer.'",
13570,story,s_STORY_shoggoth_demo,event,516,font_m,,,yes,"'The arrival of light draws ever nearer. Until then, cast your wish and watch for the sign.'",
13572,story,s_STORY_shoggoth_fail_2,event,516,font_m,,,yes,"The darkness is overwhelming, a chaotic, noisy blackness that seems to vibrate with its own restless energy. It is not a still void, but one that buzzes and hisses, alive with a constant, unsettling hum.",
13573,story,s_STORY_shoggoth_fail_2,event,516,font_m,,,yes,"Through the roiling blackness, a figure emerged, its form wreathed in flickering red, eyes glowing like burning coals, radiating a terrible, insatiable hunger.",
13574,story,s_STORY_shoggoth_fail_2,event,516,font_m,,,yes,"'How disappointing. Don't you see? You have a responsibility to keep this going, to push beyond what you thought was possible. There's more to this than you realize. You don't have to follow the rules anymore. You're in control now, aren't you? You're not weak - you're strong.'",
13575,story,s_STORY_shoggoth_fail_2,event,516,font_m,,,yes,"'It's not about being a hero or a saint - it's about ascension. Power is freedom. Freedom to act as you wish, to bend the world to your will, to reshape it in your image. Don't you see? You were destined for far more than this mundane existence. Stop resisting. Embrace it. The power you crave is already within your grasp. It will be effortless, almost inevitable, once you shed all those... limitations.'",
13576,story,s_STORY_shoggoth_fail_2,event,516,font_m,,{great_one},yes,"'{great_one} is coming.' The figure writhes, its form flickering and shifting, as if struggling to maintain any semblance of shape. Slowly, it retreats into the suffocating blackness from which it emerged, dissolving into the shadows like smoke swallowed by the void.",
13578,story,s_STORY_shoggoth_fail_3,event,516,font_m,,,yes,"Complete darkness wraps around you like a cold, damp blanket, suffocating any sense of direction or depth. It is not empty, but alive with an unsettling presence - like a vast, unseen force that watches, listens, and waits in the silence.",
13579,story,s_STORY_shoggoth_fail_3,event,516,font_m,,,yes,"A deep, guttural pulse reverberates through the darkness, draining all warmth and meaning from the world. A faint glow - a crimson ember - begins to emerge, its form sharp and fluid, like molten rock shaped into something terrifying and alive.",
13580,story,s_STORY_shoggoth_fail_3,event,516,font_m,,,yes,"'Is it a matter of lacking will, or are you simply that stupid? Your situation transcends human morality. You even struck a pact with the Deep Ones. From the very beginning, you forfeited what you call integrity.'",
13581,story,s_STORY_shoggoth_fail_3,event,516,font_m,,{great_one},yes,"'I see {great_one} appearing in the sky. What a temptation, yes? To stand before the eyes of the Eternal, to be remade again and again in their favor... to wield their gifts as your own.'",
13582,story,s_STORY_shoggoth_fail_3,event,516,font_m,,,yes,"A final flare of red flashes before the color bleeds away, swallowed by the noisy, chaotic dark. The massive shape that had loomed so powerfully begins to unravel, its edges dissolving like liquid fire, twisting back into the void.",
13584,story,s_STORY_shoggoth_fail_4,event,516,font_m,,,yes,"The blackness stretches endlessly, a dense, suffocating force. A feeble glimmer is lost in the void - but it expands, swelling and writhing with an alien, unnatural power, bleeding hues of red as it claws its way into the endless abyss, a void that pulses with malevolent intent.",
13585,story,s_STORY_shoggoth_fail_4,event,516,font_m,,,yes,"A red figure begins to emerge, as if it were birthed from the very heart of the darkness itself. It is as though the void is giving life to it, conjuring it from its unimaginable depths.",
13586,story,s_STORY_shoggoth_fail_4,event,516,font_m,,,yes,"'You're growing old, losing your vitality. Time is slipping away, and with it, your chances. Are you truly content with this? Your time here is so fleeting, so fragile - what do you think awaits you after it's gone? What will the village do when you're gone?'",
13587,story,s_STORY_shoggoth_fail_4,event,516,font_m,,{great_one},yes,'{great_one} draws near. You still have a fleeting moment to defy the inevitable.',
13588,story,s_STORY_shoggoth_fail_4,event,516,font_m,,,yes,"The crimson shape undulates and pulses with viscous motions, its form bleeding into the darkness itself. Slowly, it begins to fade, unraveling and dissolving as if the very shadows were a sentient force, eager to consume it whole.",
13590,story,s_STORY_shoggoth_fail_5,event,516,font_m,,,yes,"The darkness is absolute, a suffocating void that devours all within its grasp. It stretches endlessly, unyielding, with not a glimmer of light or life to break its oppressive reign. Then, slowly, something stirs within the blackness, an ominous movement that hints at a presence unseen.",
13591,story,s_STORY_shoggoth_fail_5,event,516,font_m,,,yes,"Amidst the relentless cacophony of the void, something shifts. It's subtle at first - a faint ripple, a flicker of movement. Then, the glow deepens, swirling and coalescing into a shape - a towering figure, born from the darkness itself.",
13592,story,s_STORY_shoggoth_fail_5,event,516,font_m,,,yes,"'You pathetic, deluded little human... So stupid and insignificant. Don't you see what I'm offering? This is everything you've ever wanted... if only you'd open your eyes.'",
13593,story,s_STORY_shoggoth_fail_5,event,516,font_m,,,yes,"'This is your last chance, human. I'm warning you.'",
13594,story,s_STORY_shoggoth_fail_5,event,516,font_m,,{great_one},yes,"{great_one} is stretching its awareness to this tiny, fleeting speck of existence... and for you? It's probably too late. You've withered away, lost in the passage of time.",
13596,story,s_STORY_shoggoth_first,event,516,font_m,,,yes,"'The darkness doesn't trouble you, does it?'",
13597,story,s_STORY_shoggoth_first,event,516,font_m,,,yes,"A shape-shifting figure emerges, its form pulsating with a blood-red hue. As it slinks closer, a disconcerting voice fills your mind, intertwining with the chirping and bubbling noises echoing from all sides.",
13598,story,s_STORY_shoggoth_first,event,516,font_m,,,yes,"'I sensed your attempts at the dark arts,' the voice echoes. 'You might have caught the many eyes of a Great One; you've certainly caught mine. I can connect you with the Great Gods! Just imagine the power and knowledge you could acquire.'",
13599,story,s_STORY_shoggoth_first,event,516,font_m,,{great_one},yes,"'Your situation is unusual, but I understand what you need. You're still young, aren't you? But death often arrives sooner than expected. I promise you, there's a way to live forever. {great_one} waits just on the other side. I know precisely how to attract it.'",
13600,story,s_STORY_shoggoth_first,event,516,font_m,,,yes,"The figure vanishes into the black void, leaving you alone once more. Yet, you sense something else lingering at the edge of your perception, crawling around you like moths drawn to light. You must summon your will to escape this place.",
13603,story,s_STORY_start_of_the_day_01,event,516,font_m,,,yes,"As your eyes adjusted to the early morning gloom, a flicker of movement caught your attention. Someone standing outside just beyond the glass of the window. The shape seemed to study you, its presence an intrusion in the quiet of the morning. As quickly as you had noticed, it slipped out of view.",
13604,story,s_STORY_start_of_the_day_01,event,516,font_m,,,yes,"The second floor, where your bed stands, should be a safe distance from the ground. Yet, the figure had been there, just on the other side, as though it had been waiting for you to wake. The feeling of being watched lingeres over you like a cloud.",
13606,story,s_STORY_start_of_the_day_02,event,516,font_m,,,yes,"The night was restless, drifting between your dark room and the haunting shadows of dreams. As the hours dragged on there was a persistent commotion under your bed. A scraping and shifting, as if something was moving there. You woke several times. Each time, the noises would stop, only to resume again once your mind returned to the haze of half-sleep.",
13607,story,s_STORY_start_of_the_day_02,event,516,font_m,,,yes,"When you finally awoke for good, your body stiff and weary from the fragmented sleep, you hesitated before swinging your legs off the bed, unsure of what you might find beneath it. As you finally stood, your gaze moved toward the space under the bed. It was just a shadow, an empty space.",
13609,story,s_STORY_start_of_the_day_03,event,516,font_m,,,yes,"Etched into the wood of your house door is something new. Something you hadn't noticed before. A symbol, crudely carved, as if done in haste. The symbol is some distorted amalgamation of curves and angles, a strange shape. It feels fresh - like it had been carved only moments ago.",
13610,story,s_STORY_start_of_the_day_03,event,516,font_m,,,yes,"You run your fingers lightly over the carving. For a moment you can almost hear something, a low murmur rising from the wood.",
13612,story,s_STORY_start_of_the_day_04,event,516,font_m,,,yes,"The waking moment was not gentle. The usual hum of the morning was pierced by an inhuman scream. A jagged scream that clawed at your consciousness, dragging you from the peace of sleep. Everything appeared normal on the surface, but the heavy, oppressive silence that followed the scream settled in your chest.",
13613,story,s_STORY_start_of_the_day_04,event,516,font_m,,,yes,This house feels more and more like a trap with each passing day.,
13615,story,s_STORY_start_of_the_day_05,event,516,font_m,,,yes,"A dead fish, its swollen body lying on the doorstep. The scales shimmer in the light, glistening with an oily sheen. Its eyes are wide open, glazed and hollow. The smell hits you next - foul and rancid. A dark stain has begun to spread around its body, creeping outward like ink spreading through water. The dead fish on your doorstep is a sign. But what is it trying to tell you?",
13617,story,s_STORY_start_of_the_day_06,event,516,font_m,,,yes,"You woke abruptly, the sensation of clammy wetness against your face jarring you from sleep. The stench hit you like a slap in the face. Your eyes fell on the source: a bundle of seaweed resting on your pillow. It just lay there, twisted and damp, a strange mass of dark tendrils.",
13619,story,s_STORY_start_of_the_day_07,event,516,font_m,,,yes,"You woke to the sharp hiss of a cat. Then you heard low, gurgling noises, accompanied by wet, sloshing sounds, the air suddenly thick with the rancid scent of the sea. Someone is standing motionless beside the bed. Silent. A stark figure against the dim light filtering in from the window.",
13621,story,s_STORY_start_of_the_day_08,event,516,font_m,,,yes,You woke with a violent cough. A sprinkling of mold drifted down from the ceiling directly into your mouth. ,
13623,story,s_STORY_start_of_the_day_09,event,516,font_m,,,yes,"You step out of the house into the early morning light, the cool air brushing against your skin. The ocean is out there, vast and unyielding. You take a deep breath, preparing to embrace the promise of a new day.",
13624,story,s_STORY_start_of_the_day_09,event,516,font_m,,,yes,"As the breath fills your lungs, a wave of revulsion crashes through you. The scent that reaches you is thick with the stench of decay.",
13626,story,s_STORY_start_of_the_day_10,event,516,font_m,,,yes,"This morning, you woke only to realize with sickening clarity that you had completely soiled yourself. The sensation was utterly revolting. But there is no need to dwell on it. It is simply another part of this grim existence, like the dampness in the air or the creeping mold. You are above the mundane indignities. Someone else will clean it up.",
13627,story,s_STORY_start_of_the_day_10,event,516,font_m,,,yes,"The whole village, it seems, has taken on this same indifference. Hygiene, once a cherished part of any civilized life, has long since deteriorated. The foul odor of neglect permeates every corner of the village.",
13628,story,s_STORY_stranger_1,event,516,font_m,,{main_he} {main_his},yes,"The taste of salt fills your mouth, reaching up to your ears and stinging in your eyes. An otherworldly figure holds out its arms as if to welcome you. 'Ah, there you are. Unaware of the shadows that will follow.' {main_he} gazes up at the sky, a smile playing on {main_his} crusty lips. For a moment, {main_he} remains silent, lost in thought. Then, the smile fades, replaced by a deepening concern.",
13629,story,s_STORY_stranger_1,event,516,font_m,,{main_he} {main_his},yes,"{main_he} reaches out, {main_his} milky-white hands swollen and softened, trembling as they hover near you. Tiny white flecks of salt cling to the deep creases etched into {main_his} skin. {main_his} clouded eyes lock onto yours, carrying an unfathomable expression. {main_his} fingers gently graze your cheeks, lingering for a fleeting moment. Then, in a distant whisper, {main_he} says, 'It's too early. Let's talk later.'",
13630,story,s_STORY_stranger_1,event,516,font_m,,{main_he},yes,"'Now, leave this forsaken place,' {main_he} commands. As the words sink in, your mind and body lurch back to consciousness, wracked by a sudden wave of nausea that leaves you trembling.",
13631,story,s_STORY_stranger_2,event,516,font_m,,{main_he} {main_his},yes,"The figure stands as if it has been waiting for you all along, its presence exuding a calm that makes you feel safe. As {main_he} leans closer, {main_his} voice drops to a hushed tone, as though {main_he} is about to share a secret meant only for you.",
13632,story,s_STORY_stranger_2,event,516,font_m,,,yes,"'The waves crash upon the shore in endless succession. Each wave born from the same ancient and boundless sea. Their ceaseless motion seems meaningless, a mocking echo of eternity. The weight of time presses down, yet the world remains unchanged, trapped in its eternal rhythm.'",
13633,story,s_STORY_stranger_2,event,516,font_m,,,yes,"'Do you understand? I gave up a long time ago. That doesn't mean you have to. Keep going. Don't mind my ramblings - I can't help myself from keeping tabs on you. Curiosity, after all, dies last.'",
13634,story,s_STORY_stranger_2,event,516,font_m,,,yes,"Something unseen is pressing against your chest, and your body feels detached, as if floating. The world around you shifts and you are pulled from the depths.",
13635,story,s_STORY_stranger_3,event,516,font_m,,{main_he} {main_his},yes,"{main_his} neck appears bloated and swollen, {main_his} contours distorted. The skin no longer bears the hue of human flesh, but a ghastly pallor - ashen gray, mottled with sickly green and bruised purple patches, as if life itself had been drained. It's unclear whether {main_he} knows you're there, lost in {main_his} own thoughts, distant and oblivious. In the cold and dark, {main_his} voice barely rises above a mumble.'",
13636,story,s_STORY_stranger_3,event,516,font_m,,,yes,"'It haunts me. This nagging voice, whispering in the back of my mind, telling me that I could've done something. That I should have done something. It never stops. It urges me to break free. But I'm paralyzed. I'm trapped in the choices I didn't make. How could I have seen it all coming? I could've been different. And now, I carry it all. It's time to sink into the dark again. I've been here before — over and over — and still, the darkness welcomes me.",
13637,story,s_STORY_stranger_3,event,516,font_m,,{main_he},yes,"{main_he} looks straight at you. The gaze pierces through you. 'I recognize you, standing there at the edge of it all - wrapped up in this endless cycle of futility.'",
13638,story,s_STORY_stranger_3,event,516,font_m,,,yes,"'Nothing will change. You should leave.' The dream begins to dissolve, its grip loosening, but with it comes a rising unease, like a sudden awareness that something is wrong. The moment stretches, like a final heartbeat before the inevitable.",
13640,story,s_STORY_stranger_4,event,516,font_m,,{main_his},yes,"The figure is mottled with dark, pulsating splotches, a grotesque pattern of swollen veins that throb with something other than blood - black and thick, like tar. Viscous fluids, black as pitch, ooze from {main_his} mouth and eyelids, dripping slowly. The substance clings to {main_his} skin, dripping in slow, deliberate streams.",
13641,story,s_STORY_stranger_4,event,516,font_m,,,yes,"'I feel for you. Sometimes, terrible things happen - things that cannot be undone. It's like walking with your eyes wide open into horror, unable to turn away. The abuse, the torment, it scars you. But there comes a point where you accept your fate, as twisted as it may be. There are always two sides to everything. And somehow every soul is a prisoner of fate - bound to its will, unable to break free.'",
13642,story,s_STORY_stranger_4,event,516,font_m,,{main_he} {main_his},yes,"{main_he} holds the spiral shell of a snail, turning it slowly in {main_his} hand. 'Look at this perversion of nature,' {main_he} mutters. 'It's difficult to even discern where it begins and ends, isn't it? The shape, so perfect yet so flawed - twisting into itself, over and over, folding into infinity. Everything blends, lost in the vastness of the sea. The boundaries disappear. There's no clear point of origin, no escape.'",
13643,story,s_STORY_stranger_4,event,516,font_m,,,yes,"A voice, low and distant, murmurs from the edges of your mind - an echo of all your regrets, each unhealed wound, every pain that has ever scarred you. With a dreadful certainty, you realize that awakening offers no reprieve. It is not an escape; it is merely another cycle in the unbroken chain of suffering. The torment will follow you, like a shadow, and there will be no relief.",
13644,story,s_STORY_stranger_5,event,516,font_m,,{main_he} {main_his},yes,"{main_his} flesh is covered in strange growths. Thick algae clings to {main_his} skin, and barnacles protrude like jagged, living scars. {main_he} examines {main_his} arms and hands with a detached curiosity before {main_his} gaze shifts to you. Slowly, {main_he} reaches out, fingers trembling as if to touch your face. 'I won't hurt you,' {main_he} whispers. Then, unexpectedly, {main_he} lets out a small, hollow laugh. 'That's funny,' {main_he} says. A sickening gurgle rises from within, and brackish seawater begins to bubble up from {main_his} mouth.",
13645,story,s_STORY_stranger_5,event,516,font_m,,,yes,"'Have you ever noticed the beauty in symmetry? The universal harmony that surrounds us, reflecting itself in every form. We see fragments of ourselves everywhere. Take away one eye, and the face loses its balance. Take away both, and it becomes something else entirely.'",
13646,story,s_STORY_stranger_5,event,516,font_m,,,yes,"'Are we truly that important in the grand scheme of things? The Deep Ones - they're built like us. Two legs, two arms, two hands, two eyes. There's a power in the balance of things, in the symmetry that governs us all. But be careful... not everything that mirrors this beauty is what it seems. Some things are merely imitating it.'",
13647,story,s_STORY_stranger_5,event,516,font_m,,,yes,"This is a place where beauty is endless, untainted by time or sorrow. You feel connected, whole, as though you are part of something vast, something infinite. But the moment is already slipping away...",
13648,story,s_STORY_stranger_6,event,516,font_m,,{main_he} {main_him} {main_his},yes,"{main_he} shakes violently, {main_his} body convulsing in spasms, as though something inside {main_him} is fighting to escape. {main_his} teeth chatter uncontrollably, a rapid, rhythmic clattering like a dissonant drumbeat. From deep within {main_him} rises an unsettling bubbling, a thick, gurgling sound, like a bag filled with water, its contents churning and sloshing. {main_his} eyes bulge, unblinking, staring into some abyss only {main_he} can perceive.",
13649,story,s_STORY_stranger_6,event,516,font_m,,{main_he} {main_his},yes,"'How much do I care about myself?' {main_he} mutters, {main_his} voice strained and hollow. 'How much do I care about others?'",
13650,story,s_STORY_stranger_6,event,516,font_m,,{main_he} {main_his},yes,"'We're sharing this place with monsters,' {main_he} says, {main_his} voice dark with irony. “Let's see how this ends...'",
14462,story,s_STORY_tree_01,event,516,font_m,,,yes,"Your gaze drifts, almost absently, to one of the trees standing in a row behind the weather-worn houses of the village. Its gnarled trunk is knotted and split, the bark peeling back like old skin to reveal dark wood beneath. Twisted branches reach out in chaotic directions. Despite its decay, there is an eerie beauty to it - a kind of grotesque elegance in the way its knots spiral outward.",
14463,story,s_STORY_tree_01,event,516,font_m,,,yes,"Its twisted limbs creak faintly, the sound like a low groan that carries on the wind. The tree's roots are stirring, stretching, testing their reach. The branches tremble, a shiver running through their length. A faint scent rises in the breeze - earthy, but tinged with something rotten. The tree is watching you just as intently as you are watching it, its gnarled form holding your gaze.",
14465,story,s_STORY_tree_02,event,516,font_m,,,yes,"The trees decaying in the village's shadow aren't just trees. Beneath the surface of their rotting bark, there is something sentient. These wretched things are not merely growing and decaying. Their thoughts are tangled in a constant spiral of torment. They feel every crack in their trunks, every splinter that digs into their rotting flesh. They are locked in a cycle of eternal decay.",
14467,story,s_STORY_tree_03,event,516,font_m,,,yes,"You are drawn by the unnatural sense of life that radiates from the tree. Beneath its gnarled and decaying roots, a sound emerges - a rhythmic thud that echoes deep in the earth. It's the sound of a heart, pumping beneath the soil. A force is pushing against the boundaries of the earth, testing the limits of its confinement.",
14468,story,s_STORY_tree_03,event,516,font_m,,,yes,"This twisted, rotting sentinel, is no ordinary thing. The whispers of the village's oldest stories echo in your mind. They bound their souls to the trees, embedding their essence into the roots and trunks. The tree is watching you, it knows you have felt the heartbeat.",
14470,story,s_STORY_tree_04,event,516,font_m,,,yes,"A sudden, piercing screech erupts. The wailing of a tortured voice claws its way into your skull, and you clap your hands over your ears, as does everyone around you.",
14471,story,s_STORY_tree_04,event,516,font_m,,{main_he} {main_his},yes,"{main_he} stands frozen at the base of a tree, a piece of bark clutched in {main_his} trembling hands. The tree's twisted limbs shudder violently. The child collapses to {main_his} knees, gasping for breath. The fragment of bark falls from {main_his} hands. The screeching stops as abruptly as it began.",
14473,story,s_STORY_tree_05,event,516,font_m,,,yes,"You watch as a thick, black fluid seeps from the twisted trunk of the tree behind the house. It oozes slowly, like a dark tar, staining the ground beneath it in slick puddles. The tree's bark seems to tremble, as though it is alive, and the fluid continues to flow from its gnarled limbs, thick as blood but black as night. The ground around it soaking with the dark substance.",
14475,story,s_STORY_tree_06,event,516,font_m,,,yes,"The wind shifts, a rare change. It turns and blows from the land, blasting against the ocean's steady pull. For a moment, the sea itself seems to recoil. The familiar tang of the ocean is replaced by something rancid. The air becomes dense with the stench of rot. The damn trees - is what you hear, murmured in the distant voices of those around you, though no one dares speak too loudly.",
14477,story,s_STORY_tree_07,event,516,font_m,,,yes,"Your foot sinks slightly into the ground beneath you. A sticky, tar-like substance clings to your shoe. The fluid is thick and black, slick as oil, and it carries a faint shimmer in the light, as if something metallic within it. You pull your foot free with an effort, but as you look around, you realize the substance is everywhere.",
14478,story,s_STORY_tree_07,event,516,font_m,,,yes,"It seems to ooze from behind the houses. It forms lines, tracing strange paths toward the shore, snaking its way toward the rocks and the sea beyond. The lines grow thinner, until they reach the water's edge, spreading over the rocks and into the sea, where it mingles with the saltwater.",
14480,story,s_STORY_tree_08,event,516,font_m,,,yes,"A loud crack splits the air, sharp and sudden, the sound of something ancient and decayed breaking under the weight of its own unnatural age. The tree - a gnarled thing, loses a massive branch, its limb twisting in midair before it plummets toward the ground. As it hits, it disintegrates in an instant, breaking apart like brittle bone.",
14481,story,s_STORY_tree_08,event,516,font_m,,,yes,"The pieces scatter across the ground, their remnants turning to dust before they even reach the soil, as if the life force of the tree has long since drained away, leaving nothing but a hollow shell. The branch is gone in an instant, but it leaves behind a wave of decay. The stench is unbearable, sharp and rotten, like a corpse left to rot beneath the sun.",
14484,story,s_STORY_tree_09,event,516,font_m,,{main_he} {main_his},yes,"{main_he} points to the tree - crooked, gnarled, with branches that claw at the sky like the twisted fingers. {main_he} claims that tree is {main_his} great-great-grandmother. As {main_he} gestures toward the dark, towering shape, {main_his} eyes widen with innocent pride.",
13712,story,s_STORY_tutorial_assign_to_child,event,516,font_m,,{main_his} {other_him},yes,"At {main_his} request, assign a household to {other_him}.",
13714,story,s_STORY_tutorial_assign_to_child,event,516,font_m,,{main_he} {other_him},yes,"{main_he} asks you to assign a new household to {other_him}, though {main_he} is visibly annoyed that the decision rests in your hands.",
13715,story,s_STORY_tutorial_assign_to_child,event,516,font_m,,{main_he} {main_him} {main_his},yes,But {main_he} is quick to add that {main_he} respects your authority. {main_his} tone softens as {main_he} acknowledges the pact with the Deep Ones. You can see {main_him} grappling with {main_his} doubts.,
13716,story,s_STORY_tutorial_assign_to_child,event,516,font_m,,{main_he} {other_him},yes,"{main_he} is pleased that you assigned a household to {other_him}. With a smile, {main_he} expresses confidence in your potential for greatness as a leader.#[Despair -3]",
13717,story,s_STORY_tutorial_assign_to_child,event,516,font_m,,{main_he} {other_him},yes,"{main_he} is upset. You haven't assigned {other_him} a household. {main_he} questions what their community has become, expressing frustration at the refusal to do a fellow family chief a favor.#[Faith -5]",
13667,story,s_STORY_tutorial_consumption,event,516,font_m,,{main_he} {main_him},no,{main_he} wants you to share a bed with {main_him}.,
13669,story,s_STORY_tutorial_consumption,event,516,font_m,,{main_he} {main_him} {main_his},yes,{main_he} pulls you close to {main_him}. {main_he} reminds you that a pact was made and an oath was sworn. {main_his} tone is commanding. It is time to fulfill the most important part of that oath.,
13670,story,s_STORY_tutorial_consumption,event,516,font_m,,{main_he},yes,"'I'm ready when you are,' {main_he} croaks. Suddenly, you realize that Deep Ones can't wink.",
13671,story,s_STORY_tutorial_consumption,event,516,font_m,,,yes,You did it. You made love to your Deep One spouse. You suspect that this experience will linger with you forever.#[Deep Ones' Wrath -5],
13672,story,s_STORY_tutorial_consumption,event,516,font_m,,,no,You fulfill your oath by making love with your Deep One spouse.,
13673,story,s_STORY_tutorial_consumption,event,516,font_m,,{main_he} {main_his},yes,"'You've failed the oath,' {main_he} says, anger evident in {main_his} voice. You still haven't consummated the marriage. You must come around eventually.#[Deep Ones' Wrath +3]",
13674,story,s_STORY_tutorial_consumption,event,516,font_m,,,no,You failed the oath by not making love to your Deep One spouse.,
13700,story,s_STORY_tutorial_crowded,event,516,font_m,,{house},yes,The inhabitants of the {house} think it is getting too crowded. Expand the building or assign some of them to a vacant building.,
13702,story,s_STORY_tutorial_crowded,event,516,font_m,,{main_he} {main_his},yes,{main_he} exclaims that {main_he} needs to talk to you. {main_his} household is too crowded. There's simply not enough space for everyone. The inhabitants fear it's affecting their well-being.,
13703,story,s_STORY_tutorial_crowded,event,516,font_m,,{main_he} {main_his},yes,{main_he} is fed_up with the crowded space in {main_his} home,
13704,story,s_STORY_tutorial_crowded,event,516,font_m,,{main_he} {main_his},yes,{main_he} expects you to finally do something about {main_his} cramped living conditions,
13705,story,s_STORY_tutorial_crowded,event,516,font_m,,{main_he} {main_his},yes,{main_he} believes it is your fault that {main_his} home lacks space,
13707,story,s_STORY_tutorial_crowded,event,516,font_m,,{house} {main_he},yes,"{main_he} thanks you, on behalf of all the inhabitants of the {house}, for finding a solution to the space problem.#[Despair -3]",
13709,story,s_STORY_tutorial_crowded,event,516,font_m,,{house} {main_he},yes,{main_he} is incredulous that the crowded space problem in the {house} hasn't been addressed yet.#[Faith -5],
13730,story,s_STORY_tutorial_empty,event,516,font_m,,{main_he},yes,{main_he} notices a house that stands unnervingly quiet. Something about it feels wrong.#[Outsiders' Dread +2],
13731,story,s_STORY_tutorial_empty,event,516,font_m,,{main_he},yes,{main_he} notices a house that stands unnervingly quiet. Something about it feels wrong.,
13665,story,s_STORY_tutorial_feelings,event,516,font_m,,,yes,"As the day dawns, the villagers shake off the weight of yesterday's shadows. With their eyes turned toward an uncertain future, they attempt to quell the tumult of their feelings. In their effort to cast aside the negative, they unwittingly discard the remnants of the positive as well. #[all villagers emotions -1]",
13652,story,s_STORY_tutorial_first_task,event,516,font_m,,,yes,Fulfill the first requirement of the pact: Marry a Deep One.,
13654,story,s_STORY_tutorial_first_task,event,516,font_m,,,yes,"To accomplish the first task of the pact, you need to marry one of the Deep Ones and become a foremost exemplar for those who follow.",
13655,story,s_STORY_tutorial_first_task,event,516,font_m,,,yes,"Having honored the oath and fulfilled the first part of the pact, you accept a mysterious scroll as your reward.# [Deep Ones' Wrath -2]",
13656,story,s_STORY_tutorial_first_task,event,516,font_m,,,yes,You have honored the oath and fulfilled the first part of the pact.,
13657,story,s_STORY_tutorial_first_task,event,516,font_m,,,yes,You have failed to complete the initial rite of the pact: marrying a Deep One. The Deep Ones express their disappointment and issue a warning.#[Deep Ones' Wrath +3],
13658,story,s_STORY_tutorial_first_task,event,516,font_m,,,yes,You have failed to complete the initial rite of the pact:,
13676,story,s_STORY_tutorial_heretic,event,516,font_m,,{other_he} {other_his},no,The Deep Ones want you to change {other_his} conviction. Raise {other_his} faith so {other_he} will abandon {other_his} heretic beliefs.,
13678,story,s_STORY_tutorial_heretic,event,516,font_m,,,yes,The Deep Ones do not demand complete agreement or compliance. But they ask you to keep the heresy in check.,
13679,story,s_STORY_tutorial_heretic,event,516,font_m,,{main_he} {other_he} {other_his},no,{main_he} wants you to change {other_his} conviction. Raise {other_his} faith so {other_he} will abandon {other_his} heretic beliefs.,
13680,story,s_STORY_tutorial_heretic,event,516,font_m,,{other_him} {other_his},yes,"You may need to improve your relationship with {other_him} so that you can raise {other_his} faith, even in light of your differing views.",
13681,story,s_STORY_tutorial_heretic,event,516,font_m,,{main_he} {other_he} {other_his},yes,{main_he} is pleased. {other_he} has changed {other_his} conviction and is no longer a heretic.#[Deep Ones' Wrath -1],
13682,story,s_STORY_tutorial_heretic,event,516,font_m,,{main_his} {other_he} {other_his},yes,You completed {main_his} task. {other_he} has changed {other_his} conviction and is no longer a heretic.,
13683,story,s_STORY_tutorial_heretic,event,516,font_m,,{main_his} {other_he} {other_his},yes,You failed {main_his} task. {other_he} has not changed {other_his} conviction and is still a heretic.#[Deep Ones' Wrath +2],
13684,story,s_STORY_tutorial_heretic,event,516,font_m,,{main_his} {other_he} {other_his},no,You failed {main_his} task. {other_he} has not changed {other_his} conviction and is still a heretic.,
13686,story,s_STORY_tutorial_human_spouse,event,516,font_m,,,yes,The Deep Ones want you to find a human spouse.,
13688,story,s_STORY_tutorial_human_spouse,event,516,font_m,,{main_he},yes,{main_he} explains that having a human spouse is allowed. The Deep Ones don't want the humans to breed too closely. In fact it is strictly forbidden. The goal is to ensure that the village thrives and continues to grow.,
13689,story,s_STORY_tutorial_human_spouse,event,516,font_m,,{main_he},yes,"The Deep Ones want you to do your part. Establish your human bloodline and build a large family, so there are matches to be made. {main_he} demands that you find yourself a human spouse.",
13690,story,s_STORY_tutorial_human_spouse,event,516,font_m,,{main_he},yes,{main_he} acknowledges your marriage to a human.#[Deep Ones' Wrath -1],
13691,story,s_STORY_tutorial_human_spouse,event,516,font_m,,{main_he},yes,{main_he} acknowledges your marriage to a human.,
13692,story,s_STORY_tutorial_human_spouse,event,516,font_m,,{main_he},yes,You have failed to find a human spouse. {main_he} is visibly upset with you.#[Deep Ones' Wrath +3],
13693,story,s_STORY_tutorial_human_spouse,event,516,font_m,,{main_he},yes,"You have failed to find a human spouse, as {main_he} demanded.",
13733,story,s_STORY_tutorial_identify,event,516,font_m,,{main_he},yes,{main_he} suddenly looms behind you. {main_he} suggests testing your command over the observational powers that have been granted to you. {main_he} promises a reward for your success.,
13735,story,s_STORY_tutorial_identify,event,516,font_m,,{main_he},yes,{main_he} states that you passed their test. {main_he} gives you an artefact. You could hand it down to an cultist as an reward. A cultist wielding an artefact will preach more often and enhance your magical power.,
13736,story,s_STORY_tutorial_identify,event,516,font_m,,{main_he},yes,"{main_he} expresses disappointment, stating that you failed their test, and that your lack of ability casts a dark shadow over your future in their arrangement.#[Deep Ones' Wrath +2]",
13737,story,s_STORY_tutorial_identify,event,516,font_m,,,yes,You failed the Deep Ones test to identify a villager by using the observational powers they have granted you.,
13741,story,s_STORY_tutorial_inlaw_praise,event,516,font_m,,{main_he} {main_him} {main_his} {other_him},yes,"{main_he} wants you to praise {main_him} to {other_him}, {main_his} mother-in-law.",
13743,story,s_STORY_tutorial_inlaw_praise,event,516,font_m,,{main_he} {main_him} {main_his},yes,{main_he} has a favor to ask of you. {main_he} is feeling concerned about {main_his} relationship with {main_his} mother-in-law and would appreciate it if you could talk to her and speak of {main_him} in a positive light.,
13744,story,s_STORY_tutorial_inlaw_praise,event,516,font_m,,{main_he} {main_him} {main_his},yes,"{main_his} mother-in-law now holds a much higher opinion of {main_him}, all thanks to your efforts. {main_he} feels an immense sense of relief and gratitude.#[Despair -3]",
13745,story,s_STORY_tutorial_inlaw_praise,event,516,font_m,,{main_he} {main_him} {main_his},yes,"You didn't manage to praise {main_him} to his mother-in-law, and now {main_he} is increasingly worried that the situation hasn't improved. {main_he} feels a sense of betrayal, as {main_he} was counting on your help to strengthen {main_his} standing with her.#[Faith -5]",
13660,story,s_STORY_tutorial_outsiders_coming,event,516,font_m,,,yes,"Outsiders start to arrive in the village, bringing an influx of resources such as alcohol and construction materials.",
13662,story,s_STORY_tutorial_outsiders_going,event,516,font_m,,,yes,"As the outsiders prepare to leave, the villagers understand the importance of maintaining this source of resources. It is essential to ensure that the visitors depart with fond memories rather than any lingering sense of dread.",
13663,story,s_STORY_tutorial_outsiders_going,event,516,font_m,,,yes,They would be shocked to learn that the gold they carry comes from the golden figurines and trinkets gifted to the villagers by the Deep Ones.,
13719,story,s_STORY_tutorial_recruit,event,516,font_m,,,no,The Deep Ones want you to recruit a new cultist.,
13721,story,s_STORY_tutorial_recruit,event,516,font_m,,{main_he},yes,"{main_he} has an important task for you. It's time to build the cult! First, you'll need to persuade a villager to marry a Deep One - only then can they join the ranks. Once you've successfully recruited a cultist, rewarding them with an artefact will boost your magical power.",
13722,story,s_STORY_tutorial_recruit,event,516,font_m,,{main_he},yes,{main_he} praises you for successfully recruiting a new cult member.#[Deep Ones' Wrath -1],
13723,story,s_STORY_tutorial_recruit,event,516,font_m,,{main_he},no,{main_he} praises you for successfully recruiting a new cult member.,
13724,story,s_STORY_tutorial_recruit,event,516,font_m,,{main_he},yes,{main_he} criticizes you for failing to recruit a new cult member.#[Deep Ones' Wrath +2],
13725,story,s_STORY_tutorial_recruit,event,516,font_m,,{main_he},no,{main_he} criticizes you for failing to recruit a new cult member.,
13727,story,s_STORY_tutorial_vacant,event,516,font_m,,{main_he},yes,"{main_he} notices a house that appears to have been abandoned for quite some time. The windows are dark, and the air around it carries an unsettling atmosphere. The whole scene strikes him as deeply suspicious.#[Outsiders' Dread +2]",
13728,story,s_STORY_tutorial_vacant,event,516,font_m,,{main_he},yes,{main_he} notices a house that appears to have been abandoned for quite some time.,
13695,story,s_STORY_tutorial_warning,event,516,font_m,,{main_he},yes,"You have already ignited the Wrath of the Deep Ones quite a bit. {main_he} growls a final warning, making it clear that going too far will result in punishment for the entire village.",
13696,story,s_STORY_tutorial_warning,event,516,font_m,,,yes,"Recruiting cultists, marrying Deep Ones, and producing hybrids will help diminish the Deep Ones' wrath. If this proves insufficient, there is another, more costly method available.",
13697,story,s_STORY_tutorial_warning,event,516,font_m,,{main_he},yes,{main_he} gravely declares that making a sacrifice to their gods will absolve all that has caused displeasure. Satisfying the gods takes precedence over everything else.,
14248,story,s_STORY_villager_01,event,516,font_m,,{main_he} {main_him} {main_his},yes,"{main_he} discovers a strange, carved rune etched into the floor of {main_his} house. The symbol, with its jagged lines and unsettling geometry, stirs a sense of unease within {main_him}. Unable to shake the growing dread, {main_he} decides to scrape it away until the floor is smooth. The moment the rune is obliterated, the house responds with an unnatural creaking.",
14250,story,s_STORY_villager_01,event,516,font_m,,,yes,"from the shadowed depths below the floorboards, a presence murmured the truth",
14251,story,s_STORY_villager_01,event,516,font_m,,{main_him},yes,a hollow voice rose from the unseen beneath the house and told {main_him} so,
14252,story,s_STORY_villager_01,event,516,font_m,,{main_him},yes,"the floor seemed to breathe, and a dreadful voice from beneath had spoken to {main_him}",
14256,story,s_STORY_villager_02,event,516,font_m,,{main_he} {main_him} {other_he} {other_him} {other_his},yes,"{main_he} is haunted by the memory of {other_his} death during the sacrifice. The rites were meant to appease, to bind {other_him} to the depths, yet {main_he} cannot shake the feeling that something went wrong, that {other_he} might find {other_his} way back. {main_he} sprinkles coarse salt along the threshold of the house. The salt forms a barrier between {main_him} and whatever might rise from the waters.",
14258,story,s_STORY_villager_03,event,516,font_m,,{main_he} {main_his},yes,"{main_he} presses {main_his} ear closer to {main_his} doll's lips, its whispered words became clear",
14259,story,s_STORY_villager_03,event,516,font_m,,{main_him} {main_his},yes,{main_his} doll told {main_him} dark things,
14260,story,s_STORY_villager_03,event,516,font_m,,{main_him} {main_his},yes,{main_his} doll shared its secrets with {main_him},
14261,story,s_STORY_villager_03,event,516,font_m,,{main_he} {main_him} {main_his},yes,"{main_he} looks up at you, clutching {main_his} doll tightly to {main_his} chest. {main_his} eyes shimmer with a mix of fear and defiance, as if {main_he} suspects you might take it from {main_him}. The doll is a pitiful sight. Where its eyes should be, there are twin hollows, fringed with remnants of dark threads. {main_he} murmurs how the doll seems to dislike being stared at.",
14264,story,s_STORY_villager_04,event,516,font_m,,{main_he} {main_him} {main_his},yes,"The air around {main_him} grows colder, twisting {main_his} breath into mist that hangs in the stillness. {main_he} clutches {main_his} chest with one trembling hand. {main_his} fingers press into {main_his} ribs with increasing urgency, {main_his} knuckles pale and white.",
14267,story,s_STORY_villager_05,event,516,font_m,,{main_he} {main_him} {main_his},yes,"{main_his} unease has become impossible to ignore. It is the sounds that unsettle {main_him} most. In the dead of night, when the house is shrouded in darkness, {main_he} hears the noises the Deep Ones make, those guttural, incomprehensible sounds, rising from beneath the house, from the waterlogged depths where they dwell.",
14268,story,s_STORY_villager_05,event,516,font_m,,,yes,"The dreamers are being spoken to, touched by the influence of the Deep Ones, whose presence stains every corner of the village, even in their sleep. Soft, almost imperceptible cries. Some are high-pitched, like the cries of children lost in the night, while others are deep, drawn-out groans, the sound of men.",
14269,story,s_STORY_villager_05,event,516,font_m,,{main_he} {other_his},yes,"As the night deepens, the sounds grow more frantic. {main_he} heard the thrashing of bodies turning restlessly in their beds, the creaking of the old wooden floors as limbs flail in distress. You, however, remain unchanged, unmoving in your role. The stillness in which you lie, unaffected by the noises, only deepens {other_his} concern.",
14271,story,s_STORY_villager_06,event,516,font_m,,,yes,"You hear the chanting first - low, guttural murmurs, barely audible yet. The sound seems to emanate from somewhere inside the nearby houses. Are they performing some strange ritual? Something dangerous might be unfolding, just out of sight. The air grows thick, making it hard to breathe. Then a sudden gust of wind sweeps in from the sea. It's cold and with it comes a rotten stench so overpowering that it makes your stomach flip.",
14272,story,s_STORY_villager_06,event,516,font_m,,,yes,"The wind carries it toward the shore, swirling and twisting through the village, bringing the scent of death. A few of the villagers, pale-faced and trembling, stagger backward. They clutch at their throats, as if they can't escape the foulness in the air. Then, one by one, they begin to vomit.",
14275,story,s_STORY_villager_07,event,516,font_m,,{main_he} {main_him} {main_his},yes,"In the dead of night, when the memories came to confront {main_him}, a small but heavy creature seemed to claw relentlessly at {main_his} sanity. Each night, {main_he} felt its oppressive weight pressing down on {main_his} chest, dragging {main_him} deeper into a pit of despair. But now, a strange calm is settling over {main_him} - a sense that it is all about to end. {main_he} looks forward to it, eager to shed the suffocating burden once and for all. [Despair -5]",
14277,story,s_STORY_villager_08,event,516,font_m,,,yes,"Your eyes catch something unusual etched into the weathered rocks. Strange symbols, their lines sharp and flowing. The carvings are unlike anything you've ever seen. You're tracing one with your fingers, its grooves deep and precise. Were these marks always here? Could these symbols be the work of the Deep Ones? They seem to pulse faintly in the dim light, as if the rocks themselves are alive, imbued with some ancient power.",
14279,story,s_STORY_villager_09,event,516,font_m,,{main_he} {main_him},yes,"{main_he} believes in the necessity of appeasing the Deep Ones. To {main_him}, their favor is not a gift freely given, but a tenuous contract, upheld only through unwavering obedience. {main_he} is certain that the artifacts granted by the Deep Ones would not be bestowed if their wrath still burned.",
14282,story,s_STORY_villager_10,event,516,font_m,,{main_he} {main_him},yes,"{main_he} thinks the house feeds on rage, as though it thrives on the dark emotions that linger in its rooms. {main_he} feels it in the cold, clammy drafts that seem to follow {main_him} from room to room, in the strange vibrations that pulse through the floorboards. {main_he} hears soft whispers that could easily be dismissed as the wind. But {main_he} is certain they are voices.",
14284,story,s_STORY_villager_11,event,516,font_m,,{main_he},yes,"{main_he} is always on edge when outsiders are present. There is something unsettling about the way they look at everything, the way they question, probing into things that should remain hidden. The villagers live with the unspoken truth, their lives bound by the pact with the Deep Ones.",
14285,story,s_STORY_villager_11,event,516,font_m,,{main_he},yes,"{main_he} knows that if the outsiders were ever to learn the truth, it would mean disaster. The Deep Ones would not take kindly to the intrusion. Their wrath would fall upon them all. The villagers know their place, understand their role in the agreement. They uphold their part of the pact in silence, and they never question the price that must be paid.",
14286,story,s_STORY_villager_11,event,516,font_m,,{main_he},yes,"But these outsiders - they don't know. They don't understand the delicate balance that holds their world together. {main_he} hopes they will leave, never learning the truth. {main_he} hopes they will take their curiosity and their probing minds and go back to wherever they came from. en.  Why couldn't they do without them, {main_he} thinks bitterly.",
14289,story,s_STORY_villager_12,event,516,font_m,,{main_he} {main_him} {main_his},yes,"Through you, {main_he} found purpose, a higher calling. {main_he} cannot express enough gratitude for the clarity you've bestowed upon {main_him}. Enlightenment has opened {main_his} eyes, and he would sacrifice everything, even {main_his} life, in your name - forsaking {main_his} own desires for the greater good.",
14290,story,s_STORY_villager_12,event,516,font_m,,,yes,"You channel the power of the gods themselves, appeasing them through your devotion. But there are those who would challenge your authority, questioning your supremacy. You must not allow such insolence, for weakness breeds disarray.",
14291,story,s_STORY_villager_12,event,516,font_m,,{main_he} {main_his},yes,"{main_he} is not a threat. {main_his} heart is pure, {main_his} mind devoted. {main_he} harbors no rebellion against your sacred charge. {main_he} knows his place, content to serve and fulfill his duty. {main_he} is not the one you should fear. But there are others who might not share {main_his} loyalty.",
14293,story,s_STORY_villager_13,event,516,font_m,,{main_he} {main_his},yes,"{main_he} suggests performing a human sacrifice, choosing one villager to offer to the gods. It is, {main_he} insists, the cult's sacred duty to quell the wrath of the Deep Ones, to offer the necessary tribute that keeps their fury at bay. But there is something unsettling in {main_his} manner that hints at a darker intention. You can't help but suspect that {main_he} takes a twisted pleasure at the thought of the horrific act.",
14296,story,s_STORY_villager_14,event,516,font_m,,{main_he} {main_him} {main_his},yes,"{main_he} is troubled by how the cult is dominating the village, and {main_he} accuses you of abusing your power. {main_he} believes you are actively suppressing any opposition. To {main_him}, it is a dangerous thing to place so much power in the hands of a single individual, a path that could lead to ruin. {main_his} unease grows, and {main_he} fears the consequences of such unchecked authority.",
14298,story,s_STORY_villager_15,event,516,font_m,,{main_he} {main_his},yes,"{main_his} eyes burn with fervor, {main_his} voice is heavy with grim conviction. {main_he} speaks of the unbreakable bond that binds the cultists, a purpose that sets them apart from the weak and ignorant masses. The unbelievers, {main_he} declares, will never grasp the gravity of what is at stake. Their very existence a blasphemy against the sacred order the Deep Ones demand.",
14299,story,s_STORY_villager_15,event,516,font_m,,,yes,"The cult must act. With the favor of the Deep Ones upon them, they are more than just chosen - they are instruments of a higher will. Violence, if necessary, is not a burden but a duty. In the name of the Deep Ones, they will endure, and if blood must be spilled, so be it.",
14303,story,s_STORY_villager_16,event,516,font_m,,{main_he} {main_his},yes,"{main_he} is a builder, one of the few in the village. The creak of timber, the weight of stone - these are the means that give weight and structure to {main_his} world. Yet, this year, the outsiders will not return. The traders have forsaken the village. The absence of the outsiders leaves the village hollow, deprived of what it needs to endure.",
14304,story,s_STORY_villager_16,event,516,font_m,,{main_he} {main_him} {main_his},yes,"{main_he} seethes at the thought. The village's dependence on the outside world is a bitter truth {main_he} can no longer ignore. {main_his} hands itch for the weight of a hammer, for the solidity of work, but {main_he} cannot create without the resources they deny {main_him}. The isolation of the village gnaws at {main_his} mind, a creeping unease that whispers of a deeper reliance - not just on the outsiders, but on the pact with the Deep Ones themselves.",
14305,story,s_STORY_villager_16,event,516,font_m,,,yes,"The Deep Ones had promised strength and prosperity, but they had not promised independence.#[Despair +3]",
14309,story,s_STORY_villager_17,event,516,font_m,,{main_he} {other_he} {other_his},yes,"{main_he} warns you of {other_his} growing ambitions. {other_he} spoke of ambition and devotion, of how the Deep Ones favor those who serve with unyielding fervor. The implication is clear. Your position is not immutable. The Deep Ones, {other_he} implied, are not bound by loyalty to any one individual, but by the results they demand and the sacrifices they crave.",
14310,story,s_STORY_villager_17,event,516,font_m,,,yes,"What if someone else, someone more driven, more ruthless, were to take your place? Would the Deep Ones care? Or would they simply watch?",
14313,story,s_STORY_villager_18,event,516,font_m,,{main_he},yes,"{main_he} regards you with suspicion. You may not be acting in the best interest of the village. {main_he} wonders if your ties to the village have been overshadowed by your allegiance to the Deep Ones. The community is slowly disintegrating under your leadership. {main_he} believes that you bow to a monstrous order, that commands respect not through loyalty, but through fear and manipulation.",
14314,story,s_STORY_villager_18,event,516,font_m,,,yes,"The arrival of the outsiders only strengthens his suspicions. Their presence corrupts the village, their alcohol poisoning the villagers. Too many of the villagers are stumbling through the days in a drunken haze. It is not clear whether you are acting out of misguided loyalty to the Deep Ones, or whether you have chosen to sacrifice the welfare of the village for the promises of power and favor.",
14317,story,s_STORY_villager_19,event,516,font_m,,{main_he} {main_his},yes,"{main_he} is making remarks that unsettle you. There is something insidious about {main_his} words. {main_he} comments on your health, masking {main_his} words with false concern. The notion of succession now lingers in the back of your mind. {main_he} is probing at the foundation of your leadership.",
14318,story,s_STORY_villager_19,event,516,font_m,,{main_he} {main_his},yes,"{main_he} is not concerned about your health - {main_he} is assessing your vulnerability, perhaps even hoping for your downfall. You cannot ignore the implications of {main_his} words. It is a dangerous line to cross in a place where loyalty is as fickle as the tides, where the Deep Ones themselves might one day decide that you are no longer useful. The others are watching, waiting for a moment of weakness to show.",
14321,story,s_STORY_villager_20,event,516,font_m,,{main_he} {main_his},yes,"{main_he} stands before you, oblivious to the gravity of the situation, rambling on with an unsettling ease. {main_he} wonders aloud why the god is sleeping, if the divine can even hear the prayers. {main_he} muses if the god will be irritated at being woken, {main_his} mind drifting to a comparison with mundane frustrations, like the anger {main_he} felt when {main_his} wife woke him up too early. The absurdity of the comparison hangs in the air.",
14322,story,s_STORY_villager_20,event,516,font_m,,{main_he},yes,"A stark contrast to the ancient, unknowable power to which {main_he} so eagerly submits. {main_he} continues droning on, but your thoughts drift elsewhere. You wonder if any of this has meaning in the grand scheme of things. A small village, a small cult, a pact made with creatures from the deep, all of it feels so insignificant, a speck in the vastness of the universe.",
14324,story,s_STORY_villager_21,event,516,font_m,,,yes,"The water is unnaturally deep here, the coast plummeting almost vertically into the abyss below. There is no gradual descent. It simply falls, as if the earth itself has been torn open, a yawning chasm where the world's end begins.",
14325,story,s_STORY_villager_21,event,516,font_m,,,yes,"As far as you understand, it is the salt in the water that gives the sea its buoyancy, that keeps the weight of the world from collapsing inward. Without it, the water might become a suffocating black mass, dragging everything into the abyss.",
14326,story,s_STORY_villager_21,event,516,font_m,,,yes,"What if, right now, all that salt were to vanish? What if, in an instant, the nature of the sea shifted, its essence turned from life-sustaining to an all-consuming void?",
14329,story,s_STORY_villager_22,event,516,font_m,,{main_he} {main_his},yes,"{main_he} is gleeful as {main_he} takes his first sip, savoring the taste of alcohol. It's a rite of passage, a symbol of {main_his} newfound adulthood. For the first time in {main_his} life, {main_he} believes, {main_he} is tasting true freedom.",
14330,story,s_STORY_villager_22,event,516,font_m,,{main_him} {main_his},yes,"You wonder how, in the wake of the terrible events that have occurred in recent years anyone can still view something as ordinary as drinking with such reverence. How is it that the act of slowly poisoning oneself with alcohol is still taboo to the underage, while far worse atrocities are now just another part of daily life? You watch {main_him}, {main_his} eyes wide with the thrill of finally breaking free of a long-held restraint. ",
14334,story,s_STORY_villager_alcoholic_spouse,event,516,font_m,,{main_he} {main_him} {other_his},yes,{main_he} worries about {other_his} alcohol consume. Build {other_his} trust in {main_him}. [Trust = 9],
14336,story,s_STORY_villager_alcoholic_spouse,event,516,font_m,,{main_he} {other_he} {other_his},yes,"{main_he} asks for your help. {other_he} is constantly drunk, choosing to spend time with {other_his} drinking buddies, and {other_he} either can't sleep or doesn't want to.",
14337,story,s_STORY_villager_alcoholic_spouse,event,516,font_m,,{main_he},yes,"{main_he} tries to be understanding, believing it's due to the village's situation and the Deep Ones living among them.",
14338,story,s_STORY_villager_alcoholic_spouse,event,516,font_m,,{main_he} {other_he} {other_him} {other_his},yes,"{other_he} refuses to listen to reason, shutting down every discussion. {main_he} wants your help to gain {other_his} trust so {main_he} can reach {other_him}.",
14339,story,s_STORY_villager_alcoholic_spouse,event,516,font_m,,{main_he} {main_him} {other_him} {other_his},yes,You helped {main_him} regain {other_his} trust. {main_he} thanks you. Perhaps now {main_he} can encourage {other_him} to stop {other_his} constant drinking and find some restful sleep again.#[Despair -3],
14340,story,s_STORY_villager_alcoholic_spouse,event,516,font_m,,{main_he} {main_him} {other_his},yes,"You have not succeeded in helping {main_him} regain {other_his} trust, and it's evident that {main_he} is upset. {other_his} alcohol abuse is straining their marriage, leaving {main_him} feeling increasingly hopeless.#[Faith -5]",
14343,story,s_STORY_villager_bespelled,event,516,font_m,,{main_he} {main_him} {main_his},yes,"{main_he} approaches you, a curious look in {main_his} eyes. {main_he} asks if you have done something to him. For the first time, {main_he} feels a strange sensation coursing through {main_him}, a profound sense of order and alignment settling within {main_his} being.",
14344,story,s_STORY_villager_bespelled,event,516,font_m,,{main_he} {main_him} {main_his},yes,"{main_he} hadn't realized it before, but there had been a twist in {main_his} chest, leaving {main_him} feeling unaligned and out of sorts.",
14345,story,s_STORY_villager_bespelled,event,516,font_m,,{main_he} {main_him} {main_his},yes,"Now, something within {main_him} mirrors the heartbeat, as if they are thumping in unison. {main_he} takes your hand and presses it against {main_his} chest, {main_his} eyes wide with wonder.",
14347,story,s_STORY_villager_cultist_assign,event,516,font_m,,{main_he},yes,The cultist {main_he} wants his own household.,
14349,story,s_STORY_villager_cultist_assign,event,516,font_m,,{main_he} {main_him} {main_his},yes,"{main_he} approaches you with an eagerness that borders on desperation. {main_he} speaks with a slight tremble in {main_his} voice, expressing that {main_he} seeks your favor. {main_he} expects certain privileges as {main_he} embraces the way of the cult and asks you to assign {main_him} {main_his} own household.",
14350,story,s_STORY_villager_cultist_assign,event,516,font_m,,{main_he} {main_him} {main_his},yes,{main_he} is overjoyed that you assigned {main_him} a household. {main_his} commitment to the cult is being rewarded.#[Despair -3],
14351,story,s_STORY_villager_cultist_assign,event,516,font_m,,{main_he} {main_him} {main_his},yes,"{main_he} is disillusioned. {main_he} had anticipated being rewarded for {main_his} commitment to the cult, but {main_his} expectations have been dashed, leaving {main_him} feeling resentful.#[Faith -5]",
14354,story,s_STORY_villager_deep_ones,event,516,font_m,,{main_he} {main_his},yes,{main_he} seeks your guidance to inspire {main_his} belief in the Gods of the Deep Ones. (Faith = 10),
14356,story,s_STORY_villager_deep_ones,event,516,font_m,,{main_he} {main_his},yes,"{main_he} comes up to you, needing to express {main_his} thoughts. {main_he} can't shake the nagging sensation that {main_he} is lacking faith in the pact with the Deep Ones.",
14357,story,s_STORY_villager_deep_ones,event,516,font_m,,{main_he} {main_him},yes,'Where do they come from? Are we merely their servants? And to whom or what am I truly directing my prayers?' {main_he} feels lost. Can you help {main_him} believe?,
14358,story,s_STORY_villager_deep_ones,event,516,font_m,,{main_he} {main_his},yes,"{main_he}, eyes wide with fervor, proclaims {main_his} unwavering devotion, vowing to keep praying. [Despair -3]",
14360,story,s_STORY_villager_deep_ones,event,516,font_m,,{main_he} {main_his},yes,"You have failed to inspire {main_his} faith. {main_he} explains that the Deep Ones are not of their kind and their gods are alien and incomprehensible, questioning what your role in all of this is. [Faith -10]",
14365,story,s_STORY_villager_fish,event,516,font_m,,{other_he} {other_him} {other_his},yes,"Make an effort for {other_him} to like you and gain {other_his} trust, so {other_he} feels comfortable opening up to you. (Love > 5 & Trust > 5)",
14367,story,s_STORY_villager_fish,event,516,font_m,,{main_he} {main_his},yes,"{main_he} approaches you, a look of worry on {main_his} face. {main_he} expresses fear for his mother.",
14368,story,s_STORY_villager_fish,event,516,font_m,,{main_he} {other_he} {other_his},yes,"{other_he} has been acting strangely lately, speaking in ways that don't make sense. Today, {main_he} saw her talking to a live fish, its body wriggling in {other_his} hands. {main_he} watched in disbelief as {other_he} cut it open, kissing it tenderly while mumbling incoherently.",
14369,story,s_STORY_villager_fish,event,516,font_m,,,yes,"'Then she turned her head to look at me, the insides of the fish smeared across her mouth, her eyes completely white.",
14370,story,s_STORY_villager_fish,event,516,font_m,,{main_he},yes,"Just moments ago, {main_he} encountered her again, and she acted as if nothing had happened at all. {main_he} asks if you can talk to her and make her like and trust you. Maybe she will open up to you.",
14371,story,s_STORY_villager_fish,event,516,font_m,,{main_he} {other_he},yes,{main_he} approaches you. {other_he} mentioned that she really likes you. Maybe she'll explain to you why she's been acting strangely.#[Despair -3],
14372,story,s_STORY_villager_fish,event,516,font_m,,{main_he} {other_him},yes,"{main_he} is upset because you weren't able to reach {other_him}, who seems to be getting increasingly mad. {main_he} wonders if there is anyone eho can help them.#[Faith -5]",
14373,story,s_STORY_villager_fish,event,516,font_m,,,yes,each fish holds a lesson,
14374,story,s_STORY_villager_fish,event,516,font_m,,{main_he},yes,the fish know the answers {main_he} seek,
14375,story,s_STORY_villager_fish,event,516,font_m,,{main_him},yes,dead fish are sending {main_him} messages,
14376,story,s_STORY_villager_fish,event,516,font_m,,{main_he} {main_his},yes,{main_he} has something urgent to share. {main_he} senses {main_his} family's worry but believes the future must remain a secret. {main_he} whispers that it’s getting very grim,
14377,story,s_STORY_villager_fish,event,516,font_m,,{main_he} {main_his},yes,"As the leader, you deserve to learn the truth. In {main_his} dreams {main_he} attained a divine method to glimpse the future, revealing that this world holds more than just fish and gold. {main_he} says that demons walk right between them.",
14378,story,s_STORY_villager_fish,event,516,font_m,,{main_he},yes,"Do you possess the power to guide the village toward a brighter path? {main_he} doubts it - but perhaps you should try. Suddenly, {main_he} loses interest and walks away.",
14381,story,s_STORY_villager_growth,event,516,font_m,,{main_his} {other_he},yes,"in {main_his} eyes, {other_he} moves as if marionetted by a sinister force",
14382,story,s_STORY_villager_growth,event,516,font_m,,{main_him} {other_his},yes,"to {main_him}, {other_his} gaze flickers with shadows, revealing glimpses of a hidden, tormenting presence",
14383,story,s_STORY_villager_growth,event,516,font_m,,{main_his} {other_he},yes,"in {main_his} mind, {other_he} is a puppet, manipulated by an evil spirit",
14385,story,s_STORY_villager_growth,event,516,font_m,,{main_he} {other_him},yes,{main_he} feels an oppressive aura surrounding {other_him},
14386,story,s_STORY_villager_growth,event,516,font_m,,{main_he} {other_his},yes,{main_he} believes that {other_his} voice carries the echoes of a dark entity,
14387,story,s_STORY_villager_growth,event,516,font_m,,{main_he} {other_he},yes,{main_he} is convinced that {other_he} is a conduit for an ancient evil,
14388,story,s_STORY_villager_growth,event,516,font_m,,{main_he} {other_his},yes,{main_he} expresses concern over {other_his} irrational behavior; something is clearly amiss. {other_his} eyes twitch incessantly.,
14389,story,s_STORY_villager_growth,event,516,font_m,,{other_he} {other_his},yes,"And even more alarming is the strange lump behind {other_his} ear, noticeably growing. Could {other_he} have bumped {other_his} head?",
14390,story,s_STORY_villager_growth,event,516,font_m,,{main_he} {main_his} {other_him} {other_his},yes,"{main_he} wants to talk to you, {main_his} face pale. {main_he} asks if you remeber {other_him}. That lump on {other_his} head - {main_he} has seen it convulsing from time to time and couldn't look away. Then it happened.",
14391,story,s_STORY_villager_growth,event,516,font_m,,{other_he} {other_him},yes,"The lump split open, and tiny black crabs swarmed out.' {other_he} just stood there, mouth agape and drooling, staring blankly at the horizon over the sea. The crabs crawled all over {other_him}, down the rocks and into the water. That can't be real, can it? He had all these strange dreams lately.",
14396,story,s_STORY_villager_heretic_couple,event,516,font_m,,{main_he} {other_him},yes,{main_he} is frustrated with {other_him} for conforming to the idea of living and coupling with beasts,
14397,story,s_STORY_villager_heretic_couple,event,516,font_m,,{main_he} {other_his},yes,{main_he} feels contempt for {other_his} willingness to conform,
14398,story,s_STORY_villager_heretic_couple,event,516,font_m,,{main_he} {other_his},yes,{main_he} feels disgusted about the coexistence with the Deep Ones and {other_his} compliance,
14399,story,s_STORY_villager_heretic_couple,event,516,font_m,,{main_he} {main_him} {other_his},yes,{main_he} is annoyed by {other_his} attempts to impose {other_his} heretical beliefs on {main_him},
14400,story,s_STORY_villager_heretic_couple,event,516,font_m,,{main_he} {other_his},yes,{main_he} is fed up with {other_his} heretical beliefs,
14401,story,s_STORY_villager_heretic_couple,event,516,font_m,,{main_he} {other_he},yes,{main_he} is frustrated that {other_he} doesn't grasp the necessity of the pact with the Deep Ones,
14403,story,s_STORY_villager_heretic_insult,event,516,font_m,,{main_he} {main_his} {main_hi},yes,"{main_he} stands in your path, an intense glare in {main_his} eyes as {main_he} confronts you about the village's situation. {main_he} spits out {main_his} words, {main_hi} voice laced with anger and betrayal, accusing you of selling them to those salty devils. {main_he} continues, expressing how the others are blinded by greed, but {main_he} sees the truth - you've doomed them all. {main_his} words hang heavy in the air.",
14406,story,s_STORY_villager_low_profile,event,516,font_m,,{main_he} {other_he} {other_him},yes,{main_he} thinks {other_he} will do something bad to the outsiders. Set her right and make {other_him} fear you. (Fear >= 5),
14408,story,s_STORY_villager_low_profile,event,516,font_m,,{main_he},yes,"{main_he} pulls you aside. {main_he} is aware that the village must maintain a low profile. By not alarming outsiders, the village gets what it needs.",
14409,story,s_STORY_villager_low_profile,event,516,font_m,,{main_he} {other_he} {other_him} {other_his},yes,"But {main_he} worries about {other_him}. {other_he} harbors a deep resentment toward the outsiders, insisting they should be driven out. {other_his} obsession is growing more radical, and {main_he} worries {other_he} might act on {other_his} impulses soon.",
14410,story,s_STORY_villager_low_profile,event,516,font_m,,{main_he} {other_he} {other_him} {other_his},yes,"{main_he} urges that {other_him} be made to fear you, so {other_he} knows {other_his} place. There's no reasoning with {other_him}. The cult needs to set {other_him} straight before things spiral out of control.",
14411,story,s_STORY_villager_low_profile,event,516,font_m,,{main_he} {other_he} {other_him},yes,{main_he} acknowledges how effectively you handled the situation with {other_him}. {other_he} won't pose a threat to the outsiders anytime soon.,
14412,story,s_STORY_villager_low_profile,event,516,font_m,,{main_he},yes,"{main_he} also confides that {main_he} doesn't like the outsiders either, but {main_he} believes ensuring their annual visits is in everyone's best interest. [Faith +5]",
14413,story,s_STORY_villager_low_profile,event,516,font_m,,{main_he} {other_he} {other_him},yes,"{main_he} is incredulous that you haven't managed to handle {other_him} yet. {main_he} says sharply that {other_he} poses a danger to their community, questioning what kind of leader you are. [Faith -10]",
14414,story,s_STORY_villager_low_profile,event,516,font_m,,{main_he},yes,{main_he} thinks outsiders have no place in the village,
14415,story,s_STORY_villager_low_profile,event,516,font_m,,{main_he},yes,{main_he} worries that outsiders might spread harmful ideas among the villagers,
14416,story,s_STORY_villager_low_profile,event,516,font_m,,{main_he},yes,{main_he} believes outsiders exploit the locals for their own gain,
14420,story,s_STORY_villager_marked,event,516,font_m,,{main_he} {main_his},yes,"{main_he} stumbles toward you, mentioning that {main_he} has been looking for you and something feels off about {main_his} house. {main_he} points to dark fragments hovering in the sky above it. He asks if you did this.",
14421,story,s_STORY_villager_marked,event,516,font_m,,{main_he} {main_him} {main_his},yes,"{main_he} glances at your spellbook, feeling a familiar sensation - something tugging at {main_his} mind, shifting it. {main_he} is afraid of losing control, feeling a compulsion to act in ways that counter the unsettling symmetry within {main_him}. {main_he} says, that this isn't right, leaving you alone once more. [Trust -9]",
14427,story,s_STORY_villager_pair_off,event,516,font_m,,{main_he} {other_him} {third_him},yes,{main_he} wants you to arrange for {other_him} to marry {third_him}.,
14429,story,s_STORY_villager_pair_off,event,516,font_m,,{main_he} {main_his} {other_his} {third_him},yes,"{main_he} wants you to facilitate {other_his} marriage to {third_him}. {main_he} meticulously presents {main_his} reasons, from social status to family expectations, insisting that {main_his} vision for {other_his} future is the only correct path.",
14430,story,s_STORY_villager_pair_off,event,516,font_m,,{main_he} {main_his} {other_he} {other_him} {other_his} {third_his},yes,"{main_he} smiles at you. {main_he} believes {other_his} and {third_his} marriage is the right choice — not just for {other_him}. As {main_he} talks about the wedding, {main_he} begins to wonder what if {other_he} strays from the path {main_he} envisions? {main_his} smile falters, revealing the tension threading through {main_his} body.#[Despair -3]",
14431,story,s_STORY_villager_pair_off,event,516,font_m,,{main_he} {main_his} {other_his} {third_his},yes,"{main_he} stands rigidly before you, {main_his} shoulders drawn tight. Disappointment flickers in {main_his} eyes as {main_he} grapples with {other_his} and {third_his} failure to marry, feeling it as a personal affront.",
14432,story,s_STORY_villager_pair_off,event,516,font_m,,{main_him} {other_him},yes,"The sense of betrayal from both you and {other_him} weighs heavily on {main_him}, igniting a desperate need to regain control.#[Faith -5]",
14433,story,s_STORY_villager_pair_off,event,516,font_m,,{main_he} {main_his} {other_him} {other_his},yes,{main_he} resents {other_him} imposing {other_his} will on {main_his} life,
14434,story,s_STORY_villager_pair_off,event,516,font_m,,{main_he} {other_his},yes,{main_he} is fed up with {other_his} controlling behavior,
14435,story,s_STORY_villager_pair_off,event,516,font_m,,{main_he} {other_his},yes,{main_he} is sick of having to meet {other_his} demands,
14438,story,s_STORY_villager_sacrifice,event,516,font_m,,{main_he},yes,{main_he} believes you violated the community by sacrificing someone,
14439,story,s_STORY_villager_sacrifice,event,516,font_m,,{main_he},yes,{main_he} is troubled by your power to decide life and death through sacrifice,
14440,story,s_STORY_villager_sacrifice,event,516,font_m,,{main_he},yes,{main_he} is upset with you for the sacrifice and for disregarding someone's right to live,
14443,story,s_STORY_villager_sleep_walk,event,516,font_m,,{main_he} {other_him},yes,{main_he} wants to be hugged by {other_him}.,
14445,story,s_STORY_villager_sleep_walk,event,516,font_m,,{main_he} {main_his} {other_he},yes,"{main_he} collides with you, and {main_he} seems visibly unhappy. {main_he} confides in you about {main_his} home, which has grown increasingly distant and cold. {other_he} has pulled away, and {main_he} mentions something {other_he} said about strange things {main_he} has been doing in {main_his} sleep, but {other_he} won't explain further.",
14446,story,s_STORY_villager_sleep_walk,event,516,font_m,,{main_he} {main_him} {other_him},yes,All {main_he} really wants is for {other_him} to hug {main_him} again.,
14447,story,s_STORY_villager_sleep_walk,event,516,font_m,,{main_he} {main_him} {main_his} {other_he},yes,"{main_he} is happy once more, as {other_he} finally shows {main_him} some affection again. However, {other_he} still refrains from discussing the strange things {main_he} does in {main_his} sleep.#[Despair -3]",
14448,story,s_STORY_villager_sleep_walk,event,516,font_m,,{main_he} {main_his} {other_he},yes,{main_he} feels unloved. {other_he} won't embrace him anymore because of the things {main_he} does in {main_his} sleep.#[Faith -5],
14450,story,s_STORY_villager_troubled_human_spouse,event,516,font_m,,{main_he} {main_his} {other_him},yes,"{main_he} is troubled by the thought of sharing you with {other_him}. You can see the emotional turmoil etched on {main_his} face. {main_he} whispers that {main_he} knows they must follow the pact, but wonders if there is truly no way out.",
14451,story,s_STORY_villager_troubled_human_spouse,event,516,font_m,,{main_he} {main_his} {other_him},yes,"{main_he} often catches glimpses of {other_him}, unmoving in a shadowy corner - a presence that lingers in their home, cold and alien. As {main_he} tends to the mundane tasks of daily life, {main_he} can't help but feel a sense of isolation, wondering if love can truly endure the haunting knowledge that {main_his} spouse is entangled with this ancient creature.",
14452,story,s_STORY_villager_troubled_human_spouse,event,516,font_m,,{main_him} {main_his},yes,"You won't tell {main_him}, but you can understand {main_his} feelings. Sharing a house with a Deep One has become a disquieting coexistence, where the boundaries of intimacy and alienation intertwine.",
14455,story,s_STORY_villager_volunteer,event,516,font_m,,{main_he} {main_his},yes,"{main_he} approaches you. {main_he} asks, what the gods of the Deep Ones seek from them. {main_his} imagination paints them as gigantic beings dwelling in the ocean's depths.",
14456,story,s_STORY_villager_volunteer,event,516,font_m,,{main_he} {main_him} {main_his},yes,"{main_he} wonders, if would accept someone like {main_him}. {main_he} glances at your spellbook, admiration in {main_his} voice.",
14457,story,s_STORY_villager_volunteer,event,516,font_m,,{main_he} {main_his},yes,"{main_he} thinks it must be incredible to wield so much power, to shape reality as you wish. {main_his} tone is a mix of awe and longing, revealing {main_his} desire for connection to something greater, yet tinged with the belief that anyone given power would abuse it as {main_he} would.",
14459,story,s_STORY_villager_xenophobic_child,event,516,font_m,,{main_he} {main_him} {main_his},yes,"{main_he} bumps into you, eyes wide. {main_he} asks if you have seen those outsiders. {main_his} parents call them foreign devils, but to {main_him}, they don't look so different.",
14460,story,s_STORY_villager_xenophobic_child,event,516,font_m,,{main_he} {main_his},yes,"{main_he} remembers bumping into a Deep One once; {main_his} parents call them sea devils, and the memory sends a shiver down {main_his} spine. {main_he} looks up at you, a mix of wonder and fear in his gaze.",
2180,story,s_STORY_z_NEW,event,516,font_m,yes,,no,O_outsider_meter_plus_2,
13720,story,s_STORY_z_NEW,event,516,font_m,,,no,T_recruit,
14769,story,s_STORY_z_NEW,label,,font_s,,{main_he} {other_him} {other_his},yes,{main_he} seeks your help in steering {other_him} away from {other_his} heretical beliefs.,
14770,story,s_STORY_z_NEW,label,,font_s,,{main_he} {other_him} {other_his},yes,{main_he} wants you to aid in freeing {other_him} from {other_his} heretical ideas.,
14771,story,s_STORY_z_NEW,label,,font_s,,{main_he} {other_him} {other_his},yes,{main_he} calls on you to help {other_him} reject {other_his} heretical beliefs.,
14772,story,s_STORY_z_NEW,event,516,font_m,,{main_he} {other_he} {other_his},no,{main_he} is pleased. {other_he} has changed {other_his} conviction and is no longer a heretic.,
14773,story,s_STORY_z_NEW,event,516,font_m,,{main_he} {other_him} {other_his},yes,{main_he} thanks you for steering {other_him} away from {other_his} heretical beliefs.,
14774,story,s_STORY_z_NEW,event,516,font_m,,{main_he} {other_he} {other_his},yes,{main_he} is pleased to witness {other_he} renounce {other_his} heretical stance.,
14775,story,s_STORY_z_NEW,event,516,font_m,,{main_his} {other_he} {other_his},yes,Your efforts fell short of {main_his} expectations. {other_he} holds firm to {other_his} heretical beliefs.,
14776,story,s_STORY_z_NEW,event,516,font_m,,{main_he} {other_he} {other_his},yes,{main_he} is filled with regret. {other_he} still clings to {other_his} heretical ways.,
14780,story,s_STORY_z_NEW,label,,font_s,,{main_he} {main_his},yes,{main_he} requests an artefact as a reward for {main_his} loyalty and service to the cult.,
14781,story,s_STORY_z_NEW,label,,font_s,,{main_he},yes,"As a devoted follower, {main_he} seeks the honor of receiving an artefact.",
14782,story,s_STORY_z_NEW,label,,font_s,,{main_he} {main_him} {main_his},yes,"{main_he} petitions you to grant {main_him} an artefact, convinced it will enhance {main_his} ability to serve the cult.",
14783,story,s_STORY_z_NEW,event,516,font_m,,{main_he} {main_him} {main_his},yes,{main_he} feels immense joy that you granted {main_his} wish by rewarding {main_him} with the artefact.,
14784,story,s_STORY_z_NEW,event,516,font_m,,{main_he} {main_his},yes,"Gratitude fills {main_his} heart as {main_he} cherishes the artefact, thankful that you fulfilled {main_his} desire.",
14785,story,s_STORY_z_NEW,event,516,font_m,,{main_he} {main_him},yes,{main_he} is pleased beyond measure that you rewarded {main_him} with the artefact {main_he} longed for.,
14786,story,s_STORY_z_NEW,event,516,font_m,,{main_he} {main_his},yes,A shadow of disappointment crosses {main_his} face as {main_he} realizes {main_his} wish for an artefact has been denied.,
14787,story,s_STORY_z_NEW,event,516,font_m,,{main_his},yes,"Doubt creeps into {main_his} heart, questioning why you refused {main_his} earnest request for an artefact.",
14788,story,s_STORY_z_NEW,event,516,font_m,,{main_he} {main_his},yes,"{main_he} struggles to hide {main_his} frustration, {main_his} faith shaken by your decision to withhold the artifact.",
14790,story,s_STORY_z_NEW,label,,font_s,,{main_he} {other_he} {third_he},yes,{main_he} asks for your help in ensuring that {other_he} and {third_he} are united in marriage.,
14791,story,s_STORY_z_NEW,label,,font_s,,{main_he} {other_him} {third_him},yes,{main_he} wishes for you to bring {other_him} and {third_him} together in marriage.,
14792,story,s_STORY_z_NEW,label,,font_s,,{main_he} {other_him} {third_him},yes,{main_he} wishes for you to help orchestrate the marriage of {other_him} and {third_him}.,
14793,story,s_STORY_z_NEW,event,516,font_m,,{main_he} {main_his} {other_he} {third_he},yes,"{main_his} eyes glisten with happiness as {other_he} and {third_he} are united in marriage, and {main_he} eagerly turns to you with gratitude. {main_he} thanks you profusely.",
14794,story,s_STORY_z_NEW,event,516,font_m,,{main_he} {main_his} {other_him} {third_him},yes,{main_his} face lights up with a mix of astonishment and gratitude as {main_he} sees {other_him} and {third_him} united in marriage. {main_he} approaches you with sincere thanks.,
14795,story,s_STORY_z_NEW,event,516,font_m,,{main_he} {main_his} {other_he} {third_he},yes,"{main_he} thanks you warmly, thrilled that {other_he} and {third_he} are now married, and reassures you of {main_his} loyalty for making this moment possible.",
14796,story,s_STORY_z_NEW,event,516,font_m,,{main_he} {main_his} {other_him} {third_him},yes,"{main_his} face falls in disbelief as {main_he} watches {other_him} and {third_him} remain apart, the marriage {main_he} so desperately hoped for never taking place. {main_he} looks at you with disappointment.",
14797,story,s_STORY_z_NEW,event,516,font_m,,{main_his} {other_he} {third_he},yes,"A cloud of frustration clouds {main_his} expression as {other_he} and {third_he} remain unmarried, {main_his} hope dashed by your failure to fulfill {main_his} wish.",
14798,story,s_STORY_z_NEW,event,516,font_m,yes,{main_he} {main_his},yes,"{main_he} stands in stunned silence as the marriage {main_he} envisioned fails to materialize, {main_his} disappointment evident.",
14803,story,s_STORY_z_NEW,label,,font_s,,{main_he} {other_him} {other_his},yes,{main_he} requests that you give {other_him} {other_his} own household to manage.,
14804,story,s_STORY_z_NEW,label,,font_s,,{main_he} {other_him} {other_his},yes,{main_he} asks that you provide {other_him} with a household of {other_his} own.,
14805,story,s_STORY_z_NEW,label,,font_s,,{main_he} {other_him} {other_his},yes,{main_he} seeks your permission to allow {other_him} to establish {other_his} own household.,
14806,story,s_STORY_z_NEW,event,516,font_m,,{main_he} {main_his} {other_him} {other_his},yes,{main_he} is overjoyed that you have granted {main_his} request to assign {other_him} {other_his} own household.,
14807,story,s_STORY_z_NEW,event,516,font_m,,{main_he} {other_he} {other_him},yes,{main_he} is grateful that you've agreed to give {other_him} the household {other_he} deserves.,
14808,story,s_STORY_z_NEW,event,516,font_m,,{main_he} {main_his} {other_him} {other_his},yes,"{main_he} is filled with joy, knowing that you've honored {main_his} wish by providing {other_him} with {other_his} own household.",
14809,story,s_STORY_z_NEW,event,516,font_m,,{main_he} {main_his} {other_him} {other_his},yes,{main_he} is visibly disappointed that you did not grant {main_his} wish to assign {other_him} {other_his} own household.,
14810,story,s_STORY_z_NEW,event,516,font_m,,{main_he} {main_his} {other_him} {other_his},yes,A sense of hurt lingers in {main_his} expression as {main_he} realizes {main_his} request to provide {other_him} with {other_his} own household has been ignored.,
14811,story,s_STORY_z_NEW,event,516,font_m,yes,{main_his} {other_his},yes,{main_his} hopes are dashed as you fail to grant {main_his} request for {other_his} own household.,
14813,story,s_STORY_z_NEW,label,,font_s,,{main_he} {main_him} {main_his},yes,{main_he} desires that you provide {main_him} with a household to call {main_his} own.,
14814,story,s_STORY_z_NEW,label,,font_s,,{main_he} {main_him},yes,{main_he} seeks your permission to have a household assigned to {main_him}.,
14815,story,s_STORY_z_NEW,label,,font_s,,{main_he} {main_his},yes,{main_he} wants to be entrusted with a household to lead and manage as {main_his} own.,
14816,story,s_STORY_z_NEW,event,516,font_m,,{main_he} {main_his},yes,"{main_he} quickly expresses {main_his} gratitude, overwhelmed by the opportunity to manage {main_his} own household.",
14817,story,s_STORY_z_NEW,event,516,font_m,,{main_he} {main_his},yes,"{main_he} eagerly thanks you, feeling a surge of pride for {main_his} new responsibility.",
14818,story,s_STORY_z_NEW,event,516,font_m,,{main_he} {main_his},yes,"Overcome with happiness, {main_he} nods eagerly as you grant {main_his} wish of managing a household on {main_his} own.",
14819,story,s_STORY_z_NEW,event,516,font_m,,{main_he} {main_his},yes,{main_he} realizes that {main_his} request for a household of {main_his} own hasn't been fulfilled.,
14820,story,s_STORY_z_NEW,event,516,font_m,,{main_he} {main_him} {main_his},yes,{main_his} hope fades as {main_he} notices that no household has been assigned to {main_him}.,
14821,story,s_STORY_z_NEW,event,516,font_m,,{main_he},yes,{main_he} comes to terms with the fact that {main_he} hasn't been given the household he desired.,
14823,story,s_STORY_z_NEW,label,,font_s,,{house} {main_he},yes,{main_he} expects you to do something about the cramped living conditions in the {house}.,
14824,story,s_STORY_z_NEW,label,,font_s,,{house} {main_he},yes,{main_he} insists that you take action to address the overcrowded conditions in the {house}.,
14825,story,s_STORY_z_NEW,label,,font_s,,{house} {main_he},yes,"The overcrowding in the {house} has become a pressing issue, and {main_he} expects you to handle it.",
14826,story,s_STORY_z_NEW,event,516,font_m,,{house} {main_he},yes,{main_he} is pleased that you have successfully addressed the overcrowding in the {house}.,
14827,story,s_STORY_z_NEW,event,516,font_m,,{house} {main_he},yes,"{main_he} smiles with relief, grateful that you took action to resolve the cramped conditions in the {house}.",
14828,story,s_STORY_z_NEW,event,516,font_m,,{house} {main_he},yes,{main_he} is overjoyed that the overcrowding in the {house} has been resolved.,
14829,story,s_STORY_z_NEW,event,516,font_m,,{house} {main_he},yes,{main_he} grows frustrated as time passes without the overcrowding issue in the {house} being addressed.,
14830,story,s_STORY_z_NEW,event,516,font_m,,{main_he} {main_his},yes,"{main_he} is visibly upset, {main_his} frustration growing as the overcrowding issue persists without any resolution.",
14831,story,s_STORY_z_NEW,event,516,font_m,,{house} {main_his},yes,{main_his} disappointment is evident as the overcrowding in the {house} remains unresolved.,
14832,story,s_STORY_z_NEW,event,516,font_m,,,no,T_recruit_other,
14833,story,s_STORY_z_NEW,label,,font_s,,{main_he} {other_him},yes,{main_he} inquires whether {other_him} could be accepted into the ranks of the cult.,
14834,story,s_STORY_z_NEW,label,,font_s,,{main_he} {other_him},yes,{main_he} asks if you would consider recruiting {other_him} into the cult.,
14835,story,s_STORY_z_NEW,label,,font_s,,{main_he},yes,{main_he} suggests that you take the necessary steps to recruit Sam into the cult.,
14836,story,s_STORY_z_NEW,event,516,font_m,,{main_he} {main_his} {other_him},yes,"{main_his} face is lighting up as {main_he} sees {other_him} recruited into the cult, grateful that {main_his} request was fulfilled.",
14837,story,s_STORY_z_NEW,event,516,font_m,,{main_he} {other_him},yes,"{main_he} smiles with pride, pleased that {other_him} has been brought into the cult.",
14838,story,s_STORY_z_NEW,event,516,font_m,,{main_his} {other_he},yes,"{main_his} joy is evident as {other_he} joins the ranks of the cult, feeling that {main_his} request has been honored.",
14839,story,s_STORY_z_NEW,event,516,font_m,,{main_he} {other_him},yes,"{main_he} shows signs of disappointment, wondering why the recruitment of {other_him} has not yet been addressed.",
14840,story,s_STORY_z_NEW,event,516,font_m,,{main_he} {main_his} {other_him},yes,"After waiting for some time, {main_his} optimism fades, and {main_he} expresses {main_his} concern about the lack of action in bringing {other_him} into the cult.",
14841,story,s_STORY_z_NEW,event,516,font_m,,{main_he} {main_his} {other_him},yes,"{main_he} becomes increasingly disheartened, {main_his} hope waning as the recruitment of {other_him} remains unresolved.",
14843,story,s_STORY_z_NEW,label,,font_s,,{main_he} {main_him} {other_him},yes,{main_he} has a favor to ask of you. {main_he} would appreciate it if you could talk to {other_him} and speak of {main_him} in a positive light.,
14844,story,s_STORY_z_NEW,label,,font_s,,{main_he} {main_him} {other_him},yes,{main_he} has a request for you. {main_he} would be grateful if you could speak to {other_him} and share kind words about {main_him}.,
14845,story,s_STORY_z_NEW,label,,font_s,,{main_he} {main_him} {other_him},yes,{main_he} asks if you could do {main_him} a favor by speaking to {other_him} and presenting {main_him} in a favorable light.,
14846,story,s_STORY_z_NEW,event,516,font_m,,{main_he} {main_him} {other_he},yes,"{other_he} now sees {main_him} in a much better light, all because of your influence, and {main_he} couldn't be happier.",
14847,story,s_STORY_z_NEW,event,516,font_m,,{main_he} {main_him} {other_he},yes,"Thanks to your efforts, {other_he} holds {main_him} in much higher regard, and {main_he} is overjoyed by the change.",
14848,story,s_STORY_z_NEW,event,516,font_m,,{main_he} {main_him} {other_his},yes,"{main_he} is filled with happiness as {other_his} opinion of {main_him} improves, all thanks to the words you shared.",
14849,story,s_STORY_z_NEW,event,516,font_m,,{main_he} {main_him} {other_him},yes,"You failed to speak highly of {main_him} to {other_him}, and now {main_he} feels disappointed, as {main_he} had relied on you to help {main_him}.",
14850,story,s_STORY_z_NEW,event,516,font_m,,{main_he} {main_him} {main_his} {other_him},yes,"{main_he} is frustrated, {main_his} trust shaken after you didn't follow through with praising {main_him} to {other_him} as expected.",
14851,story,s_STORY_z_NEW,event,516,font_m,,{main_he} {main_him} {other_him},yes,"{main_he} is disheartened, realizing you didn't manage to speak highly of {main_him} to {other_him}.",
14852,story,s_STORY_z_NEW,event,516,font_m,,{main_he} {other_his},yes,{main_he} requests that you help ease {other_his} despair.,
14853,story,s_STORY_z_NEW,event,516,font_m,,{main_he} {other_his},yes,{main_he} asks if you can do something to lift {other_his} spirits.,
14854,story,s_STORY_z_NEW,event,516,font_m,,{main_he} {other_his},yes,{main_he} wants you to find a way to alleviate {other_his} sorrow.,
14855,story,s_STORY_z_NEW,event,516,font_m,,{main_he} {main_his} {other_his},yes,"{main_he} is filled with relief, {main_his} heart lightened as {other_his} despair finally fades.",
14856,story,s_STORY_z_NEW,event,516,font_m,,{main_he} {other_his},yes,{main_he} is overjoyed that {other_his} despair has been eased thanks to your efforts.,
14857,story,s_STORY_z_NEW,event,516,font_m,,{main_he} {other_his},yes,"{main_he} feels a deep sense of satisfaction, watching as {other_his} grief is finally lifted by your actions.",
14858,story,s_STORY_z_NEW,event,516,font_m,,{main_he} {other_his},yes,{main_he} is disheartened as {other_his} despair remains unchanged despite your efforts.,
14859,story,s_STORY_z_NEW,event,516,font_m,,{main_he} {other_his},yes,{main_he} feels let down as {other_his} sorrow persists without relief.,
14860,story,s_STORY_z_NEW,event,516,font_m,,{main_he} {main_his} {other_his},yes,"{main_he} grows upset, unable to hide {main_his} displeasure that {other_his} despair hasn't been alleviated.",
14861,story,s_STORY_z_NEW,event,516,font_m,,{main_he} {main_his} {other_him},yes,{main_he} asks if you can help improve {main_his} relationship with {other_him}.,
14862,story,s_STORY_z_NEW,event,516,font_m,,{main_he} {main_him} {other_him},yes,{main_he} would appreciate your support in getting {other_him} to like {main_him} more.,
14863,story,s_STORY_z_NEW,event,516,font_m,,{main_he} {main_him} {other_his},yes,{main_he} asks for your help in deepening {other_his} feelings towards {main_him}.,
14864,story,s_STORY_z_NEW,event,516,font_m,,{main_he} {main_him} {other_him},yes,{main_he} asks if you can help make {other_him} trust {main_him} more.,
14865,story,s_STORY_z_NEW,event,516,font_m,,{main_he} {other_his},yes,{main_he} requests your help in gaining {other_his} trust.,
14866,story,s_STORY_z_NEW,event,516,font_m,,{main_he} {main_him} {other_him},yes,{main_he} asks if you can help {main_him} establish trust with {other_him}.,
14867,story,s_STORY_z_NEW,event,516,font_m,,{main_he} {main_him} {other_his},yes,{main_he} asks if you can help ease {other_his} fear of {main_him}.,
14868,story,s_STORY_z_NEW,event,516,font_m,,{main_he} {main_him} {other_him} {other_his},yes,{main_he} requests your assistance in helping {other_him} overcome {other_his} fear of {main_him}.,
14869,story,s_STORY_z_NEW,event,516,font_m,,{main_he} {main_him} {other_him},yes,{main_he} wants you to find a way to make {other_him} stop fearing {main_him}.,
14870,story,s_STORY_z_NEW,event,516,font_m,,{main_he} {main_him} {other_his},yes,{main_he} asks if you can help reduce {other_his} envy towards {main_him}.,
14871,story,s_STORY_z_NEW,event,516,font_m,,{main_he} {main_him} {other_he},yes,{main_he} hopes you can ease the feelings of envy {other_he} harbors towards {main_him}.,
14872,story,s_STORY_z_NEW,event,516,font_m,,{main_he} {main_him} {other_him},yes,{main_he} requests your support in making {other_him} feel less envious of {main_him}.,
14873,story,s_STORY_z_NEW,event,516,font_m,,{main_he} {main_him} {other_he},yes,{main_he} wants you to find a way to lessen the anger {other_he} feels towards {main_him}.,
14874,story,s_STORY_z_NEW,event,516,font_m,,{main_he} {main_him} {other_his},yes,{main_he} asks if you can help make {other_his} resentment towards {main_him} fade.,
14875,story,s_STORY_z_NEW,event,516,font_m,,{main_he} {main_him} {other_he},yes,{main_he} seeks your help in softening the anger {other_he} has built up against {main_him}.,
14876,story,s_STORY_z_NEW,event,516,font_m,,{main_he} {main_his} {other_him},yes,{main_he} is thrilled that you successfully helped improve {main_his} relationship with {other_him}.,
14877,story,s_STORY_z_NEW,event,516,font_m,,{main_he} {main_him} {main_his} {other_him},yes,{main_he} is overjoyed after you assisted {main_him} in strengthening {main_his} bond with {other_him}.,
14878,story,s_STORY_z_NEW,event,516,font_m,,{main_he} {main_his} {other_him},yes,"{main_he} is thankful, with {main_his} relationship with {other_him} now stronger thanks to your support.",
14879,story,s_STORY_z_NEW,event,516,font_m,,{main_he} {main_his} {other_him},yes,"{main_he} thanks you for your help, which led to an improvement in {main_his} relationship with {other_him}.",
14880,story,s_STORY_z_NEW,event,516,font_m,,{main_he} {main_his} {other_him},yes,"{main_he} is filled with happiness, seeing the positive changes in {main_his} relationship with {other_him}, all thanks to your help.",
14881,story,s_STORY_z_NEW,event,516,font_m,,{main_he} {main_his} {other_him},yes,{main_he} feels joy knowing that {main_his} bond with {other_him} has grown stronger through your intervention.,
14882,story,s_STORY_z_NEW,event,516,font_m,,{main_he} {main_his} {other_him},yes,{main_he} feels disheartened after you failed to fulfill {main_his} request to improve {main_his} relationship with {other_him}.,
14883,story,s_STORY_z_NEW,event,516,font_m,,{main_he} {main_him} {main_his} {other_him},yes,"{main_he} feels let down, disappointed that {main_his} trust in you to help {main_him} with {other_him} was not fulfilled.",
14884,story,s_STORY_z_NEW,event,516,font_m,,{main_he} {main_him} {main_his} {other_him},yes,{main_he} is  upset after you couldn't help {main_him} improve {main_his} relationship with {other_him}.,
14885,story,s_STORY_z_NEW,event,516,font_m,,{main_he} {main_his} {other_him},yes,"{main_he} is frustrated, as {main_his} efforts to strengthen {main_his} bond with {other_him} have been hindered by your failure to help.",
14886,story,s_STORY_z_NEW,event,516,font_m,,{main_him} {main_his} {other_him},yes,{main_his} spirits are dampened after you didn't meet  {main_his} request to help {main_him} with {other_him}.,
14887,story,s_STORY_z_NEW,event,516,font_m,,{main_he} {main_him} {main_his} {other_him},yes,"{main_he} is upset and disillusioned, feeling let down by your inability to help {main_him} strengthen {main_his} connection with {other_him}.",
14891,story,s_STORY_z_NEW,label,,font_s,yes,,yes,#(Despair < 6),
14892,story,s_STORY_z_NEW,label,,font_s,yes,,yes,#(Despair < 5),
14893,story,s_STORY_z_NEW,label,,font_s,yes,,yes,#(Despair < 4),
14897,story,s_STORY_z_NEW,label,,font_s,yes,,yes,#(Love > 6),
14898,story,s_STORY_z_NEW,label,,font_s,yes,,yes,#(Love > 7),
14899,story,s_STORY_z_NEW,label,,font_s,yes,,yes,#(Love > 8),
14903,story,s_STORY_z_NEW,label,,font_s,yes,,yes,#(Trust > 6),
14904,story,s_STORY_z_NEW,label,,font_s,yes,,yes,#(Trust > 7),
14905,story,s_STORY_z_NEW,label,,font_s,yes,,yes,#(Trust > 8),
14909,story,s_STORY_z_NEW,label,,font_s,yes,,yes,#(Fear < 4),
14910,story,s_STORY_z_NEW,label,,font_s,yes,,yes,#(Fear < 3),
14911,story,s_STORY_z_NEW,label,,font_s,yes,,yes,#(Fear < 2),
14915,story,s_STORY_z_NEW,label,,font_s,yes,,yes,#(Envy < 4),
14916,story,s_STORY_z_NEW,label,,font_s,yes,,yes,#(Envy < 3),
14917,story,s_STORY_z_NEW,label,,font_s,yes,,yes,#(Envy < 2),
14921,story,s_STORY_z_NEW,label,,font_s,yes,,yes,#(Anger < 4),
14922,story,s_STORY_z_NEW,label,,font_s,yes,,yes,#(Anger < 3),
14923,story,s_STORY_z_NEW,label,,font_s,yes,,yes,#(Anger < 2),
14940,story,s_STORY_z_NEW,event,516,font_m,,{other_him},no,The Deep Ones want {other_him} to marry one of them.,
14943,story,s_STORY_z_NEW,event,516,font_m,,{main_he} {other_him},no,{main_he} wants you to persuade {other_him} to marry one of them.,
14945,story,s_STORY_z_NEW,event,516,font_m,,{main_he} {other_him},no,{main_he} praises you for persuading {other_him} to marry one of them.,
14947,story,s_STORY_z_NEW,event,516,font_m,,{main_he} {other_him},no,{main_he} criticizes you for failing to persuade {other_him} to marry one of them.,
14948,story,s_STORY_z_NEW,event,516,font_m,,{main_he} {other_him},yes,{main_he} criticizes you for failing to persuade {other_him} to marry one of them..,
14950,story,s_STORY_z_NEW,event,516,font_m,,{other_him} {other_his},yes,The Deep Ones want you to succesfully preach to {other_him} to raise {other_his} faith.,
14952,story,s_STORY_z_NEW,event,516,font_m,,{main_he} {other_him} {other_his},yes,{main_he} wants you to succesfully preach to {other_him} to raise {other_his} faith.,
14953,story,s_STORY_z_NEW,event,516,font_m,,{main_he} {other_him},yes,{main_he} is pleased. You succesfully preached to {other_him}.,
14954,story,s_STORY_z_NEW,event,516,font_m,,{other_him},yes,You succesfully preached to {other_him}.,
14955,story,s_STORY_z_NEW,event,516,font_m,,{main_he} {other_him} {other_his},no,{main_he} criticizes you for failing to preach to {other_him} to raise {other_his} faith.,
14956,story,s_STORY_z_NEW,event,516,font_m,,{main_he},yes,{main_he} wants you to make a new recruitement.,
14957,story,s_STORY_z_NEW,event,516,font_m,,{main_he} {main_him},yes,{main_he} pulls you close to {main_him}. 'You now what I want.',
14958,story,s_STORY_z_NEW,event,516,font_m,,,yes,You did it. You made love to your Deep One spouse.,
14960,story,s_STORY_z_NEW,event,516,font_m,,{main_he} {main_his},yes,"'You've failed the oath,' {main_he} says, anger evident in {main_his} voice.",
14961,story,s_STORY_z_NEW,event,516,font_m,,{other_his},yes,The Deep Ones want you to raise {other_his} faith [Faith = 10].,
14963,story,s_STORY_z_NEW,event,516,font_m,,{main_he} {other_his},yes,{main_he} wants you to raise {other_his} faith to 10.,
14964,story,s_STORY_z_NEW,event,516,font_m,,{main_he} {other_his},yes,{main_he} is pleased. You succesfully raised {other_his} faith.,
14965,story,s_STORY_z_NEW,event,516,font_m,,{other_his},yes,You succesfully raised {other_his} faith to 10.,
14966,story,s_STORY_z_NEW,event,516,font_m,,{main_he} {other_his},no,{main_he} criticizes you for failing to raise {other_his} faith to 10.,
14967,story,s_STORY_z_NEW,event,516,font_m,,{other_he} {other_his},yes,{other_he} has changed {other_his} conviction and is no longer a heretic.,
14968,story,s_STORY_z_NEW,event,516,font_m,,{other_him},no,The Deep Ones want {other_him} to get pregnant with a hybrid.,
14970,story,s_STORY_z_NEW,event,516,font_m,,{main_he} {other_he},yes,{main_he} is pleased. {other_he} is pregnant with a hybrid.,
14971,story,s_STORY_z_NEW,event,516,font_m,,{other_he},yes,{other_he} is pregnant with a hybrid.,
14972,story,s_STORY_z_NEW,event,516,font_m,,{main_he} {other_him},no,{main_he} criticizes you for {other_him} not being pregnant with a hybrid.,
14974,story,s_STORY_z_NEW,event,516,font_m,yes,,yes, 'Take this scroll as a reward.',
14975,story,s_STORY_z_NEW,event,516,font_m,yes,,yes,#[Deep Ones' Wrath -2],
14976,story,s_STORY_z_NEW,event,516,font_m,yes,,yes,#[Deep Ones' Wrath +1],
14977,story,s_STORY_z_NEW,event,516,font_m,yes,,yes,#[Deep Ones' Wrath +2],
14978,story,s_STORY_z_NEW,event,516,font_m,,,yes,You passed the Deep Ones' test.,
14979,story,s_STORY_z_NEW,event,516,font_m,,{main_he},yes,{main_he} wants to test your powers.,
14980,story,s_STORY_z_NEW,event,516,font_m,,,yes,'You passed our test.' [Deep Ones' Wrath -1],
14981,story,s_STORY_z_NEW,event,516,font_m,,,yes,'You passed our test. Take this artefact as a reward.',
14982,story,s_STORY_z_NEW,event,516,font_m,,,yes,'You passed our test. Take this scroll as a reward.',
14983,story,s_STORY_z_NEW,event,516,font_m,,,yes,'You failed our test. How disappointing.' [Deep Ones' Wrath +2],
14984,story,s_STORY_z_NEW,event,516,font_m,,,yes,You failed the Deep Ones' test.,
14988,story,s_STORY_z_NEW,event,516,font_m,,{main_he},yes,{main_he} spots a house that looks as though it has been deserted for a long time.,
14989,story,s_STORY_z_NEW,event,516,font_m,,{main_his},yes,"A house catches {main_his} eye, its appearance suggesting years of neglect.",
14990,story,s_STORY_z_NEW,event,516,font_m,,{main_he},yes,{main_he} notices a house that seems to have been left untouched for a long time.,
14991,story,s_STORY_z_NEW,event,516,font_m,,{main_his},yes,{main_his} gaze falls on a house that bears the signs of prolonged abandonment.,
14992,story,s_STORY_z_NEW,event,516,font_m,,{main_he},yes,{main_he} observes a house that looks as if it's been vacant for years.,
14993,story,s_STORY_z_NEW,event,516,font_m,,{main_he},yes,{main_he} notices a house that gives the impression of being uninhabited for quite a while.,
14994,story,s_STORY_z_NEW,event,516,font_m,,{main_his},yes,"A house draws {main_his} attention, its state suggesting it's been empty for a significant period.",
14995,story,s_STORY_z_NEW,event,516,font_m,,{main_he},yes,{main_he} sees a house that looks like it's been forgotten for many years.,
14996,story,s_STORY_z_NEW,event,516,font_m,,{main_his},yes,{main_his} eyes settle on a house that exudes an air of long-standing abandonment.,
14999,story,s_STORY_z_NEW,event,516,font_m,,{main_him},yes," The windows are dark, and the air around it carries an unsettling atmosphere. The whole scene strikes {main_him} as deeply suspicious.",
15000,story,s_STORY_z_NEW,event,516,font_m,,{main_him},yes," The windows are shadowed, and an eerie stillness surrounds the place, leaving {main_him} with an uneasy feeling.",
15001,story,s_STORY_z_NEW,event,516,font_m,,,yes," Darkness fills the windows, and an sense of unease lingers in the air, making the scene feel suspicious.",
15002,story,s_STORY_z_NEW,event,516,font_m,,{main_his},yes," The windows are pitch black, and an oppressive silence hangs over the house, heightening {main_his} suspicion.",
15003,story,s_STORY_z_NEW,event,516,font_m,yes,{main_his},yes," The windows remain dark and lifeless, and an intangible tension in the surroundings raises {main_his} concern.",
15004,story,s_STORY_z_NEW,event,516,font_m,yes,,yes, The blackened windows and the strange stillness give the place a suspicious aura.,
15005,story,s_STORY_z_NEW,event,516,font_m,yes,{main_him},yes," The unlit windows seem to watch {main_him}, and the unnatural quiet makes the scene feel ominously suspicious.",
15006,story,s_STORY_z_NEW,event,516,font_m,yes,{main_him},yes," The windows appear lifeless, and the inexplicable sense of something amiss leaves {main_him} deeply suspicious.",
15007,story,s_STORY_z_NEW,event,516,font_m,yes,,yes, The dark windows and the lingering feeling of something off-putting make the entire scene unnervingly suspicious.,
15008,story,s_STORY_z_NEW,label,,font_s,yes,,no,#[Outsiders' Dread +2],
15009,story,s_STORY_z_NEW,event,516,font_m,,{main_he},yes,{main_he} notices a house that stands unnervingly quiet.,
15010,story,s_STORY_z_NEW,event,516,font_m,,{main_he},yes,{main_he} spots a house that is eerily silent.,
15011,story,s_STORY_z_NEW,event,516,font_m,,{main_he},yes,"{main_he} notices a house that, despite its neat appearance, feels disturbingly void of life.",
15012,story,s_STORY_z_NEW,event,516,font_m,,{main_he},yes,"{main_he} observes a house, its silence unnerving, as though something isn't quite right.",
15013,story,s_STORY_z_NEW,event,516,font_m,,{main_he},yes,"{main_he} observes a house, its silence strangely amplified by the absence of inhabitants.",
15014,story,s_STORY_z_NEW,event,516,font_m,,{main_him},yes,"A house stands before {main_him}, unnervingly quiet, as though no one lives there.",
15015,story,s_STORY_z_NEW,event,516,font_m,,{main_he},yes,{main_he} notices a house that seems to be void of life.,
15016,story,s_STORY_z_NEW,event,516,font_m,,{main_him},yes,"A house stands before {main_him}, unnaturally quiet, its lack of people making it feel abandoned.",
15017,story,s_STORY_z_NEW,event,516,font_m,,{main_him},yes,"The house before {main_him} is unnervingly silent, as if its occupants are absent.",
15018,story,s_STORY_z_NEW,event,516,font_m,,,yes, Something about it feels wrong.,
15019,story,s_STORY_z_NEW,event,516,font_m,,,yes," There's an unsettling quality to it, as if something is out of place.",
15020,story,s_STORY_z_NEW,event,516,font_m,,{main_him},yes, An instinctive sense tells {main_him} that something isn't right here.,
15021,story,s_STORY_z_NEW,event,516,font_m,,,yes," Despite its calm, a strange feeling lingers, hinting at something amiss.",
15022,story,s_STORY_z_NEW,event,516,font_m,yes,,yes, There's an undeniable sense that something about this house is off.,
15023,story,s_STORY_z_NEW,event,516,font_m,yes,,yes, The house exudes an aura of discomfort.,
15024,story,s_STORY_z_NEW,event,516,font_m,yes,,yes, Something about the house doesn't sit right.,
15025,story,s_STORY_z_NEW,event,516,font_m,yes,{main_he},yes," The stillness is off-putting, and {main_he} can't quite figure out why.",
15026,story,s_STORY_z_NEW,event,516,font_m,yes,,yes, The quiet doesn't feel peaceful - it feels ominous.,
14359,story,s_STORY_z_OUTCOME,event,516,font_m,,,no,O_faith_minus_10,
15087,story,s_STORY_z_START,event,516,font_m,yes,,yes,##Deadline: Next year ,
14918,story,s_STORY_z_TRIGGER,event,516,font_m,,,no,T_lower_other_anger_main_low2,
16106,tutorial,s_tutorial_draw,label,,font_s,yes,,no,Continue,
16112,tutorial,s_tutorial_update,draw_ext,296,font_s,yes,,yes,Zoom out the camera by using the mouse wheel or by pressing ',
16113,tutorial,s_tutorial_update,draw_ext,296,font_s,,,yes,"To move the camera, hold down the right mouse button and drag your mouse.",
16115,tutorial,s_tutorial_update,event,516,font_m,yes,,yes,Move around using the point-and-click cursor or the,
16116,tutorial,s_tutorial_update,draw_ext,296,font_s,yes,,yes, keys on your keyboard.,
16117,tutorial,s_tutorial_update,event,516,font_m,,,yes,"The Grimoire is a powerful artefact bestowed upon you by the Deep Ones.#With it, you can cast magic and also observe the villagers' actions, relationships, and emotions.",
16118,tutorial,s_tutorial_update,event,516,font_m,,,yes,"The Deep Ones appointed you as the leader of a cult that worships their gods.#To join the cult, a villager must first prove their faith by marrying a Deep One.#Once married, they can be recruited and must swear an oath to serve the Deep Ones and bear or sire their children.",
16119,tutorial,s_tutorial_update,event,516,font_m,,,yes,"Your small seaside fishing village had been struggling with a dire economic situation.#However, after forging a pact with the Deep Ones, the village's fortunes have drastically improved.",
16120,tutorial,s_tutorial_update,event,516,font_m,,,yes,The village comprises five families and several households. Family Chiefs and Household Heads hold significant influence over their members' opinions and enjoy high social status.,
16123,tutorial,s_tutorial_update,draw_ext,296,font_s,,,yes,There are two categories of task givers: Humans and Deep Ones.##Hover over a task to see what is expected of you.,
16124,tutorial,s_tutorial_update,draw_ext,296,font_s,,,yes,"Now, look at the bottom left of the screen.##The Deep Ones want you to marry one of them. Find a Deep One of the opposite sex.##First, open the filter menu by hovering over the 'Filters' button, then click on the highlighted criteria.",
16125,tutorial,s_tutorial_update,draw_ext,296,font_s,,,yes,Now click on a Deep One you like in the bottom list.,
16126,tutorial,s_tutorial_update,draw_ext,296,font_s,,,yes,You can interact with the selected Deep One by hovering over the highlighted action menu and clicking the 'Propose' button.,
16127,tutorial,s_tutorial_update,draw_ext,296,font_s,,,yes,The Deep Ones rewarded you with a scroll. You can study this scroll in your spellbook to unlock the ability to use magic.,
16128,tutorial,s_tutorial_update,draw_ext,296,font_s,,,yes,Sigils can be used to create spells in the spellbook (click 'Create' on the left page of the book).##Or you can mark a household with a sigil (click on a building and choose a sigil).,
16129,tutorial,s_tutorial_update,draw_ext,296,font_s,,,yes,"Time will be paused whenever an event pops up. To continue, you can move the player, interact with someone, or press one of the Time buttons.##Please click on 'Continue'.",
16130,tutorial,s_tutorial_update,draw_ext,296,font_s,,,yes,"The game is sandbox-like, allowing you to explore at your own pace. If you find yourself out of activities, simply let some time pass until the next event.##As time progresses, more tutorial events will unfold, providing further guidance.##Please click on 'Continue' and take a look at the 'How to Play' overview. And then you can try to persuade a villager to marry a Deep One.",
15662,ui,s_set_language_UI,label,,font_l,,,yes,Necronomicon,
15663,ui,s_set_language_UI,event,516,font_m,,,yes,Esoteric Order of Dagon,
15664,ui,s_set_language_UI,label,,font_l,,,yes,Innsmouth,
15665,ui,s_set_language_UI,label,,font_l,,,yes,Waite,
15666,ui,s_set_language_UI,label,,font_l,,,yes,Gilman,
15667,ui,s_set_language_UI,label,,font_l,,,yes,Eliot,
15668,ui,s_set_language_UI,label,,font_l,,,yes,Marry a Deep One.,
15669,ui,s_set_language_UI,label,,font_l,,,yes,Get pregnant.,
15670,ui,s_set_language_UI,label,,font_l,,,yes,Befriend a cat.,
15671,ui,s_set_language_UI,label,,font_l,,,yes,Study a document without errors.,
15672,ui,s_set_language_UI,label,,font_l,,,yes,Insult a seven year old child.,
15673,ui,s_set_language_UI,label,,font_l,,,yes,Sacrifice a close relative.,
15674,ui,s_set_language_UI,label,,font_l,,,yes,Befriend a heretic.,
15675,ui,s_set_language_UI,label,,font_l,,,yes,Mark seven households with a sigil.,
15676,ui,s_set_language_UI,label,,font_l,,,yes,Sleep with a friend's spouse.,
15677,ui,s_set_language_UI,label,,font_l,,,yes,Beget seven children.,
15678,ui,s_set_language_UI,label,,font_l,,,yes,Face the retribution of the Deep Ones.,
15679,ui,s_set_language_UI,label,,font_l,,,yes,No more space to build a new house.,
15680,ui,s_set_language_UI,label,,font_l,,,yes,Shave your head bald.,
15681,ui,s_set_language_UI,label,,font_l,,,yes,Kill your spouse.,
15682,ui,s_set_language_UI,label,,font_l,,,yes,Persuade someone to commit murder.,
15683,ui,s_set_language_UI,label,,font_l,,,yes,Open a gate to the void.,
15684,ui,s_set_language_UI,label,,font_l,,,yes,Become a great-grandparent.,
15685,ui,s_set_language_UI,label,,font_l,,,yes,Marry someone 37 years younger.,
15686,ui,s_set_language_UI,label,,font_l,,,yes,Rapture.,
15687,ui,s_set_language_UI,label,,font_l,,,yes,Die a virgin.,
15688,ui,s_set_language_UI,label,,font_s,,,yes,Quit,
15689,ui,s_set_language_UI,label,,font_s,,,no,Menu,
15690,ui,s_set_language_UI,label,,font_l,,,yes,Resume Game,
15691,ui,s_set_language_UI,label,,font_l,,,yes,New Game,
15692,ui,s_set_language_UI,label,,font_l,,,yes,Change Look,
15693,ui,s_set_language_UI,label,,font_l,,,yes,Load,
15694,ui,s_set_language_UI,label,,font_l,,,yes,Load Game,
15695,ui,s_set_language_UI,label,,font_l,,,yes,Save,
15696,ui,s_set_language_UI,label,,font_l,,,yes,Save Game,
15697,ui,s_set_language_UI,label,,font_l,,,yes,Options,
15698,ui,s_set_language_UI,label,,font_l,,,yes,Achievements,
15699,ui,s_set_language_UI,label,,font_l,,,yes,Grimoire,
15700,ui,s_set_language_UI,label,,font_l,,,yes,Cult,
15701,ui,s_set_language_UI,label,,font_l,,,yes,Village,
15702,ui,s_set_language_UI,label,,font_l,,,yes,Family Tree,
15703,ui,s_set_language_UI,label,,font_l,,,yes,Journal,
15704,ui,s_set_language_UI,label,,font_l,,,yes,Relations,
15705,ui,s_set_language_UI,label,,font_l,,,yes,Study Document,
15706,ui,s_set_language_UI,label,,font_l,,,yes,Build,
15707,ui,s_set_language_UI,label,,font_l,,,yes,Unlock Gate,
15709,ui,s_set_language_UI,label,,font_l,,,yes,Open Gate,
15711,ui,s_set_language_UI,label,,font_s,,,yes,Break Spell,
15712,ui,s_set_language_UI,label,,font_s,,,yes,Tutorial,
15713,ui,s_set_language_UI,draw_ext,400,font_l,,,yes,"The tutorial begins by gradually introducing the basic controls, story premise, and core game mechanics.#As you master these fundamentals, the game progresses, randomly unfolding various tutorial events that unveil the deeper mechanics of the game.",
15714,ui,s_set_language_UI,label,,font_l,,,yes,Play Tutorial,
15715,ui,s_set_language_UI,label,,font_l,,,yes,Skip Tutorial,
15716,ui,s_set_language_UI,label,,font_l,,,yes,Create Character,
15717,ui,s_set_language_UI,label,,font_l,,,yes,Start Game,
15718,ui,s_set_language_UI,label,,font_s,,,yes,Please don't show this online.,
15719,ui,s_set_language_UI,label,,font_s,,,yes,Sex,
15720,ui,s_set_language_UI,label,,font_s,,,yes,Age,
15721,ui,s_set_language_UI,label,,font_s,,,no,Head,
15722,ui,s_set_language_UI,label,,font_s,,,yes,Hat,
15723,ui,s_set_language_UI,label,,font_s,,,no,Glasses,
15724,ui,s_set_language_UI,label,,font_s,,,yes,Hair,
15725,ui,s_set_language_UI,label,,font_s,,,yes,Haircolour,
15726,ui,s_set_language_UI,label,,font_s,,,yes,Beard,
15727,ui,s_set_language_UI,label,,font_s,,,yes,Eyebrows,
15728,ui,s_set_language_UI,label,,font_s,,,yes,Eyes,
15729,ui,s_set_language_UI,label,,font_s,,,yes,Nose,
15730,ui,s_set_language_UI,label,,font_s,,,yes,Mouth,
15731,ui,s_set_language_UI,label,,font_s,,,yes,Coat,
15732,ui,s_set_language_UI,label,,font_s,,,yes,Eyecolour,
15737,ui,s_set_language_UI,label,,font_l,,,yes,First Name,
15738,ui,s_set_language_UI,label,,font_l,,,yes,Last Name,
15739,ui,s_set_language_UI,label,,font_l,,,yes,Your Cats Name,
15740,ui,s_set_language_UI,label,,font_l,,,yes,2nd Family,
15741,ui,s_set_language_UI,label,,font_l,,,yes,3rd Family,
15742,ui,s_set_language_UI,label,,font_l,,,yes,4th Family,
15743,ui,s_set_language_UI,label,,font_l,,,yes,5th Family,
15744,ui,s_set_language_UI,label,,font_l,,,yes,Confirm,
15745,ui,s_set_language_UI,label,,font_l,,,yes,Cancel,
15746,ui,s_set_language_UI,label,,font_l,,,yes,Accept,
15747,ui,s_set_language_UI,label,,font_l,,,yes,No,
15749,ui,s_set_language_UI,label,,font_l,,,yes,Yes,
15751,ui,s_set_language_UI,label,,font_s,,,yes,Quicksave,
15752,ui,s_set_language_UI,label,,font_s,,,yes,click to confirm,
15753,ui,s_set_language_UI,label,,font_l,,,yes,Manual,
15754,ui,s_set_language_UI,label,,font_l,,,yes,Auto,
15755,ui,s_set_language_UI,label,,font_l,,,yes,Quick,
15756,ui,s_set_language_UI,label,,font_l,,,yes,Empty,
15759,ui,s_set_language_UI,label,,font_l,,,yes,Auto Save File,
15760,ui,s_set_language_UI,label,,font_l,,,yes,Quick Save File,
15761,ui,s_set_language_UI,label,,font_s,,,yes,Text Speed,
15762,ui,s_set_language_UI,label,,font_s,,,yes,Sound Effects,
15763,ui,s_set_language_UI,label,,font_s,,,yes,Mouseover Help Text,
15764,ui,s_set_language_UI,label,,font_l,,,yes,Controls,
15765,ui,s_set_language_UI,label,,font_s,,,yes,Interact,
15766,ui,s_set_language_UI,label,,font_s,,,yes,Camera Zoom,
15767,ui,s_set_language_UI,label,,font_s,,,yes,Camera Drag,
15768,ui,s_set_language_UI,label,,font_s,,,yes,Inverted Camera Drag,
15769,ui,s_set_language_UI,label,,font_s,,,yes,Reset Keys To Default,
15770,ui,s_set_language_UI,label,,font_s,,,yes,QWERTY,
15771,ui,s_set_language_UI,label,,font_s,,,yes,QWERTZ,
15772,ui,s_set_language_UI,label,,font_s,,,yes,AZERTY,
15773,ui,s_set_language_UI,label,,font_s,,,yes,Enter,
15774,ui,s_set_language_UI,label,,font_s,,,yes,F5,
15775,ui,s_set_language_UI,label,,font_s,,,yes,Close / Cancel,
15776,ui,s_set_language_UI,label,,font_s,,,yes,Pause / Continue,
15777,ui,s_set_language_UI,label,,font_s,,,yes,Movement,
15778,ui,s_set_language_UI,label,,font_s,,,yes,Camera,
15779,ui,s_set_language_UI,label,,font_s,,,yes,Move Up,
15780,ui,s_set_language_UI,label,,font_s,,,yes,Move Left,
15781,ui,s_set_language_UI,label,,font_s,,,yes,Move Down,
15782,ui,s_set_language_UI,label,,font_s,,,yes,Move Right,
15783,ui,s_set_language_UI,label,,font_s,,,yes,Enter / Leave Boat,
15784,ui,s_set_language_UI,label,,font_s,,,yes,Zoom In,
15785,ui,s_set_language_UI,label,,font_s,,,yes,Zoom Out,
15786,ui,s_set_language_UI,label,,font_s,,,yes,Display Mode,
15787,ui,s_set_language_UI,label,,font_s,,,yes,pixel perfect,
15788,ui,s_set_language_UI,label,,font_l,,,yes,Dream,
15789,ui,s_set_language_UI,label,,font_l,,,yes,Wake Up,
15791,ui,s_set_language_UI,label,,font_s,,,yes,Spells,
15792,ui,s_set_language_UI,label,,font_l,,,yes,Sigils,
15793,ui,s_set_language_UI,label,,font_l,,,yes,Sigil,
15794,ui,s_set_language_UI,label,,font_s,,,yes,Select Sigil,
15795,ui,s_set_language_UI,label,,font_l,,,yes,Documents,
15796,ui,s_set_language_UI,label,,font_l,,,yes,Create,
15797,ui,s_set_language_UI,event,516,font_m,,,yes,Drag Sigil into Pentagram,
15798,ui,s_set_language_UI,label,,font_s,,,yes,You have no sigils!,
15799,ui,s_set_language_UI,label,,font_l,,,yes,learned sigil:  ,
15800,ui,s_set_language_UI,label,,font_l,,,yes,Create Spell,
15801,ui,s_set_language_UI,label,,font_l,,,yes,Rename Spell,
15802,ui,s_set_language_UI,label,,font_l,,,yes,Erase Spell,
15803,ui,s_set_language_UI,label,,font_s,,,yes,New,
15804,ui,s_set_language_UI,label,,font_l,,,yes,New Task,
15806,ui,s_set_language_UI,label,,font_l,,,yes,New Gate,
15808,ui,s_set_language_UI,label,,font_l,,,yes,Gate Unlocked,
15810,ui,s_set_language_UI,label,,font_l,,,yes,New Hats,
15812,ui,s_set_language_UI,label,,font_l,,,yes,New Haircuts,
15814,ui,s_set_language_UI,label,,font_s,,,yes,New Document,
15815,ui,s_set_language_UI,label,,font_s,,,yes,New Cultist,
15816,ui,s_set_language_UI,label,,font_s,,,yes,New Artefact,
15817,ui,s_set_language_UI,label,,font_s,,,yes,New Couple,
15818,ui,s_set_language_UI,label,,font_l,,,yes,New Style,
15820,ui,s_set_language_UI,label,,font_l,,,yes,Members,
15821,ui,s_set_language_UI,label,,font_s,,,yes,Hybrid Children,
15822,ui,s_set_language_UI,label,,font_s,,,yes,Hybrid Child,
15823,ui,s_set_language_UI,label,,font_l,,,yes,Artefact,
15825,ui,s_set_language_UI,label,,font_l,,,yes,Artefacts,
15826,ui,s_set_language_UI,label,,font_l,,,yes,Reward,
15827,ui,s_set_language_UI,label,,font_l,,,yes,Reward Artefact,
15828,ui,s_set_language_UI,label,,font_l,,,yes,Click an artefact to reward the cultist.,
15829,ui,s_set_language_UI,label,,font_l,,,yes,You have no artefacts to reward the cultist.,
15830,ui,s_set_language_UI,label,,font_l,,,yes,Families,
15831,ui,s_set_language_UI,label,,font_l,,,yes,Family,
15832,ui,s_set_language_UI,label,,font_s,,,yes,People,
15833,ui,s_set_language_UI,label,,font_s,,,yes,Squares,
15834,ui,s_set_language_UI,label,,font_l,,,yes,Households,
15835,ui,s_set_language_UI,label,,font_l,,,yes,Couples,
15836,ui,s_set_language_UI,label,,font_l,,,yes,Assign Household,
15837,ui,s_set_language_UI,label,,font_s,,,yes,Assign,
15838,ui,s_set_language_UI,label,,font_l,,,yes,Splitting Household,
15839,ui,s_set_language_UI,label,,font_l,,,yes,Current Household,
15840,ui,s_set_language_UI,label,,font_l,,,yes,Demographics,
15842,ui,s_set_language_UI,label,,font_s,,,yes,All,
15843,ui,s_set_language_UI,label,,font_s,,,yes,Conformists,
15844,ui,s_set_language_UI,label,,font_s,,,yes,Hybrids,
15845,ui,s_set_language_UI,label,,font_s,,,yes,Cross-Marriages,
15846,ui,s_set_language_UI,label,,font_s,,,yes,50 Years,
15847,ui,s_set_language_UI,label,,font_s,,,yes,25 Years,
15848,ui,s_set_language_UI,label,,font_s,,,yes,10 Years,
15849,ui,s_set_language_UI,label,,font_s,,,yes,5 Years,
15850,ui,s_set_language_UI,label,,font_l,,,yes,Auto Scroll,
15851,ui,s_set_language_UI,label,,font_l,,,yes,Search Year,
15852,ui,s_set_language_UI,label,,font_s,,,yes,Year,
15853,ui,s_set_language_UI,label,,font_s,,,yes,Years,
15854,ui,s_set_language_UI,label,,font_l,,,yes,no time,
15855,ui,s_set_language_UI,label,,font_s,,,yes,All Villagers,
15856,ui,s_set_language_UI,label,,font_s,,,yes,Deceased,
15857,ui,s_set_language_UI,label,,font_s,,,yes,Search Name,
15859,ui,s_set_language_UI,label,,font_s,,,yes,Chief,
15860,ui,s_set_language_UI,label,,font_s,,,yes,Heir,
15861,ui,s_set_language_UI,label,,font_l,,,yes,Family Chief,
15862,ui,s_set_language_UI,label,,font_l,,,yes,Family Heir,
15863,ui,s_set_language_UI,label,,font_l,,,yes,Household Head,
15864,ui,s_set_language_UI,label,,font_l,,,yes,Household Heir,
15865,ui,s_set_language_UI,label,,font_l,,,yes,F.Chief & H.Head,
15866,ui,s_set_language_UI,label,,font_l,,,yes,F.Chief & H.Heir,
15867,ui,s_set_language_UI,label,,font_l,,,yes,F.Heir & H.Head,
15868,ui,s_set_language_UI,label,,font_l,,,yes,F.Heir & H.Heir,
15869,ui,s_set_language_UI,label,,font_l,,,yes,(Merchant),
15871,ui,s_set_language_UI,label,,font_l,,,yes,Tasks,
15872,ui,s_set_language_UI,label,,font_l,,,yes,Deep Ones,
15873,ui,s_set_language_UI,label,,font_l,,,yes,Outsiders,
15874,ui,s_set_language_UI,label,,font_l,,,yes,Cats,
15876,ui,s_set_language_UI,label,,font_s,,,yes,Cultists,
15877,ui,s_set_language_UI,label,,font_s,,,yes,Heretics,
15878,ui,s_set_language_UI,label,,font_l,,,yes,Outsiders (Wariness),
15880,ui,s_set_language_UI,label,,font_l,,,yes,Deep Ones (Demands),
15882,ui,s_set_language_UI,label,,font_l,,,yes,Bad Trait,
15883,ui,s_set_language_UI,label,,font_l,,,yes,Faith,
15884,ui,s_set_language_UI,label,,font_l,,,yes,Despair,
15885,ui,s_set_language_UI,label,,font_l,,,yes,Social Status,
15886,ui,s_set_language_UI,label,,font_l,,,yes,Vitality,
15887,ui,s_set_language_UI,label,,font_l,,,yes,Child,
15888,ui,s_set_language_UI,label,,font_l,,,yes,Adolescent,
15889,ui,s_set_language_UI,label,,font_s,,,yes,Novice,
15890,ui,s_set_language_UI,label,,font_l,,,yes,Novices,
15892,ui,s_set_language_UI,label,,font_s,,,yes,Apprentice,
15893,ui,s_set_language_UI,label,,font_l,,,yes,Apprentices,
15895,ui,s_set_language_UI,label,,font_s,,,yes,Priest,
15896,ui,s_set_language_UI,label,,font_l,,,yes,Priests,
15898,ui,s_set_language_UI,label,,font_l,,,yes,Magus,
15899,ui,s_set_language_UI,label,,font_l,,,yes,Vacant,
15900,ui,s_set_language_UI,label,,font_s,,,yes,Status,
15901,ui,s_set_language_UI,label,,font_l,,,yes,Male,
15903,ui,s_set_language_UI,label,,font_l,,,yes,Female,
15905,ui,s_set_language_UI,label,,font_s,,,yes,Children,
15906,ui,s_set_language_UI,label,,font_s,,,yes,Friends,
15907,ui,s_set_language_UI,label,,font_s,,,yes,Household,
15908,ui,s_set_language_UI,label,,font_l,,,yes,Family 1,
15910,ui,s_set_language_UI,label,,font_l,,,yes,Family 2,
15912,ui,s_set_language_UI,label,,font_l,,,yes,Family 3,
15914,ui,s_set_language_UI,label,,font_l,,,yes,Family 4,
15916,ui,s_set_language_UI,label,,font_l,,,yes,Family 5,
15918,ui,s_set_language_UI,label,,font_s,,,yes,Outsider,
15919,ui,s_set_language_UI,label,,font_s,,,yes,Cat,
15920,ui,s_set_language_UI,label,,font_s,,,yes,Deep One,
15921,ui,s_set_language_UI,label,,font_s,,,yes,Villager,
15922,ui,s_set_language_UI,label,,font_s,,,yes,Villagers,
15923,ui,s_set_language_UI,label,,font_s,,,yes,Cultist,
15924,ui,s_set_language_UI,label,,font_s,,,yes,Conformist,
15925,ui,s_set_language_UI,label,,font_s,,,yes,Heretic,
15926,ui,s_set_language_UI,label,,font_s,,,yes,Adult,
15927,ui,s_set_language_UI,label,,font_s,,,yes,Underage,
15928,ui,s_set_language_UI,label,,font_s,,,yes,Task,
15929,ui,s_set_language_UI,label,,font_s,,,yes,Show Recent,
15930,ui,s_set_language_UI,label,,font_s,,,yes,Show All,
15931,ui,s_set_language_UI,label,,font_s,,,yes,Filters,
15932,ui,s_set_language_UI,label,,font_l,,,yes,Be Nice,
15933,ui,s_set_language_UI,label,,font_l,,,yes,Compliment,
15934,ui,s_set_language_UI,label,,font_l,,,yes,Pet,
15935,ui,s_set_language_UI,label,,font_l,,,yes,Hug,
15936,ui,s_set_language_UI,label,,font_l,,,yes,Befriend,
15937,ui,s_set_language_UI,label,,font_l,,,yes,Insult,
15938,ui,s_set_language_UI,label,,font_l,,,yes,Threaten,
15939,ui,s_set_language_UI,label,,font_l,,,yes,Beat Up,
15940,ui,s_set_language_UI,label,,font_l,,,yes,Kill,
15941,ui,s_set_language_UI,label,,font_l,,,yes,Flirt,
15942,ui,s_set_language_UI,label,,font_l,,,yes,Get Intimate,
15943,ui,s_set_language_UI,label,,font_l,,,yes,Propose,
15944,ui,s_set_language_UI,label,,font_l,,,yes,Sacrifice,
15945,ui,s_set_language_UI,label,,font_l,,,yes,Preach,
15946,ui,s_set_language_UI,label,,font_l,,,yes,Recruit,
15947,ui,s_set_language_UI,label,,font_l,,,yes,Persuade,
15948,ui,s_set_language_UI,label,,font_l,,,yes,Cast Spell,
15949,ui,s_set_language_UI,label,,font_l,,,yes,Meditate,
15950,ui,s_set_language_UI,label,,font_l,,,yes,Praise,
15951,ui,s_set_language_UI,label,,font_l,,,yes,Praise You,
15952,ui,s_set_language_UI,label,,font_l,,,yes,Badmouth,
15954,ui,s_set_language_UI,label,,font_s,,,yes,Adjust Time,
15956,ui,s_set_language_UI,label,,font_s,,,yes,Recharge,
15957,ui,s_set_language_UI,label,,font_s,,,yes,Magic fully charged!,
15958,ui,s_set_language_UI,label,,font_s,,,yes,Not enough daytime left!,
15959,ui,s_set_language_UI,label,,font_s,,,yes,Select Spell,
15960,ui,s_set_language_UI,label,,font_s,,,yes,Select Person,
15961,ui,s_set_language_UI,label,,font_s,,,yes,Select Action,
15962,ui,s_set_language_UI,label,,font_s,,,no,Success,
15963,ui,s_set_language_UI,label,,font_s,,,no,Failure,
15964,ui,s_set_language_UI,label,,font_s,,,yes,Time,
15965,ui,s_set_language_UI,label,,font_l,,,yes,Magic,
15966,ui,s_set_language_UI,label,,font_l,,,yes,Magic maximum,
15968,ui,s_set_language_UI,label,,font_s,,,yes,Love,
15969,ui,s_set_language_UI,label,,font_s,,,yes,Lust,
15970,ui,s_set_language_UI,label,,font_s,,,yes,Trust,
15971,ui,s_set_language_UI,label,,font_s,,,yes,Fear,
15972,ui,s_set_language_UI,label,,font_s,,,yes,Envy,
15973,ui,s_set_language_UI,label,,font_s,,,yes,Anger,
15974,ui,s_set_language_UI,label,,font_s,,,yes,only by blood,
15975,ui,s_set_language_UI,label,,font_s,,,yes,not by blood,
15976,ui,s_set_language_UI,label,,font_l,,,yes,Daugther,
15977,ui,s_set_language_UI,label,,font_l,,,yes,Daugther-in-law,
15978,ui,s_set_language_UI,label,,font_l,,,yes,Son,
15979,ui,s_set_language_UI,label,,font_l,,,yes,Son-in-law,
15980,ui,s_set_language_UI,label,,font_l,,,yes,Niece,
15981,ui,s_set_language_UI,label,,font_l,,,yes,Nephew,
15982,ui,s_set_language_UI,label,,font_l,,,yes,Sister,
15983,ui,s_set_language_UI,label,,font_l,,,yes,Sisters,
15984,ui,s_set_language_UI,label,,font_l,,,yes,Brother,
15985,ui,s_set_language_UI,label,,font_l,,,yes,Brothers,
15986,ui,s_set_language_UI,label,,font_l,,,yes,Sister-in-law,
15987,ui,s_set_language_UI,label,,font_l,,,yes,Sisters-in-law,
15988,ui,s_set_language_UI,label,,font_l,,,yes,Brother-in-law,
15989,ui,s_set_language_UI,label,,font_l,,,yes,Brothers-in-law,
15990,ui,s_set_language_UI,label,,font_l,,,yes,Wife,
15991,ui,s_set_language_UI,label,,font_l,,,yes,Husband,
15992,ui,s_set_language_UI,label,,font_l,,,yes,Mother,
15993,ui,s_set_language_UI,label,,font_l,,,yes,Father,
15994,ui,s_set_language_UI,label,,font_l,,,yes,Mother-in-law,
15995,ui,s_set_language_UI,label,,font_l,,,yes,Father-in-law,
15996,ui,s_set_language_UI,label,,font_l,,,yes,Aunt,
15997,ui,s_set_language_UI,label,,font_l,,,yes,Uncle,
15998,ui,s_set_language_UI,label,,font_l,,,yes,Grandmother,
15999,ui,s_set_language_UI,label,,font_l,,,yes,Grandfather,
16000,ui,s_set_language_UI,label,,font_l,,,yes,Granddaughter,
16001,ui,s_set_language_UI,label,,font_l,,,yes,Grandson,
16002,ui,s_set_language_UI,label,,font_l,,,yes,Gr.Grandmother,
16003,ui,s_set_language_UI,label,,font_l,,,yes,Gr.Grandfather,
16004,ui,s_set_language_UI,label,,font_l,,,yes,Gr.Granddaughter,
16005,ui,s_set_language_UI,label,,font_l,,,yes,Gr.Grandson,
16006,ui,s_set_language_UI,label,,font_s,,,yes,Identify,
16007,ui,s_set_language_UI,label,,font_s,,,yes,Select the Right Villager,
16008,ui,s_set_language_UI,label,,font_s,,,yes,Correct,
16009,ui,s_set_language_UI,label,,font_s,,,yes,Wrong,
16010,ui,s_set_language_UI,label,,font_l,,,yes,Building,
16012,ui,s_set_language_UI,label,,font_l,,,yes,New Building,
16013,ui,s_set_language_UI,label,,font_s,,,yes,Destroy,
16014,ui,s_set_language_UI,label,,font_s,,,yes,Select Vacant House,
16015,ui,s_set_language_UI,label,,font_s,,,yes,Select Couple,
16016,ui,s_set_language_UI,label,,font_s,,,yes,No vacant house!,
16017,ui,s_set_language_UI,label,,font_s,,,yes,No couple without own household!,
16018,ui,s_set_language_UI,label,,font_l,,,yes,previous year,
16020,ui,s_set_language_UI,label,,font_l,,,yes,no visitors,
16022,ui,s_set_language_UI,label,,font_l,,,yes,easy difficulty,
16024,ui,s_set_language_UI,label,,font_l,,,yes,normal difficulty,
16026,ui,s_set_language_UI,label,,font_l,,,yes,hard difficulty,
16030,ui,s_set_language_UI,label,,font_l,,,yes,empty households,
16032,ui,s_set_language_UI,label,,font_l,,,yes,unnatural deaths,
16034,ui,s_set_language_UI,label,,font_l,,,yes,strange appearances,
16039,ui,s_set_language_UI,label,,font_l,,,yes,cross-marriages,
16041,ui,s_set_language_UI,label,,font_l,,,yes,births of hybrid,
16043,ui,s_set_language_UI,label,,font_l,,,yes,human sacrifices,
16045,ui,s_set_language_UI,label,,font_l,,,yes,family: chief,
16046,ui,s_set_language_UI,label,,font_l,,,yes,family: heir,
16047,ui,s_set_language_UI,label,,font_l,,,yes,household: head,
16048,ui,s_set_language_UI,label,,font_l,,,yes,household: heir,
16049,ui,s_set_language_UI,label,,font_l,,,yes,cult: magus,
16050,ui,s_set_language_UI,label,,font_l,,,yes,cult: priest,
16051,ui,s_set_language_UI,label,,font_l,,,yes,cult: apprentice,
16052,ui,s_set_language_UI,label,,font_l,,,yes,cult: novice,
16053,ui,s_set_language_UI,event,516,font_m,,,yes,cultists with artefact,
